#,Keyword,Country,Difficulty,Volume,CPC,CPS,Parent Keyword,Last Update,SERP Features,Global volume,Traffic potential,Global traffic potential,First seen,Mobile,Desktop,Growth (3mo),Growth (6mo),Growth (12mo),Global Growth (3mo),Global Growth (6mo),Global Growth (12mo),Growth forecast (12mo),Intents,Languages,SV trend (09-2024 - 08-2026),SV Forecasting trend (09-2026 - 09-2027),Category
1,cat water fountain,ca,0,3400,0.35,1.09,cat water fountain,2026-09-08 18:21:59,"Shopping,Thumbnail,Sitelinks,People also ask,AI Overview,Video preview",69000,2200,2200,2015-09-14,0.82,0.18,0.55,1.11,2.25,2.05,4.22,9.01,-0.83,"Informational,Commercial,Transactional,Non-branded,Non-local",English,"2945, 2981, 3597, 3676, 3647, 2992, 3049, 2553, 2560, 3077, 3115, 3096, 3011, 3035, 3735, 4477, 3458, 3207, 3308, 3161, 3075, 3288, 3368, 3299","3136, 3184, 3437, 3632, 3531, 3280, 3381, 3234, 3148, 3360, 3441, 3372, 3209",Pet food
2,stainless steel cat water fountain,ca,6,600,0.45,,cat water fountain,2026-09-15 03:24:08,"AI Overview,Thumbnail,Shopping,Sitelinks,People also ask,Video preview",4500,1400,1400,2017-03-06,0.83,0.17,2.94,6.18,13.59,2.62,5.45,11.87,28.16,"Commercial,Transactional,Non-branded,Non-local",English,"386, 371, 375, 371, 368, 378, 369, 380, 370, 386, 571, 451, 440, 194, 770, 823, 559, 504, 548, 515, 582, 612, 605, 644","632, 635, 784, 804, 742, 665, 718, 670, 754, 789, 775, 821, 802",Pet food
3,best cat water fountain,ca,0,500,0.40,1.15,cat water fountain,2026-08-26 22:30:49,"AI Overview,Thumbnail,People also ask,Shopping,Discussions,Sitelinks,Shopping Ads,Video preview",12000,1100,17000,2016-01-02,0.71,0.29,2.11,4.3,9.12,2.43,5.04,10.9,6.68,"Informational,Commercial,Non-branded,Non-local",English,"556, 559, 564, 709, 706, 494, 494, 478, 484, 485, 575, 562, 495, 495, 559, 722, 640, 484, 489, 470, 480, 500, 614, 577","534, 543, 616, 743, 674, 519, 524, 505, 515, 535, 649, 611, 569",Pet food
4,cat water fountain canada,ca,9,250,0.45,2.38,cat water fountain,2026-09-09 06:52:50,"Sitelinks,Shopping,Thumbnail,People also ask,AI Overview",250,1500,1500,2015-12-14,0.76,0.24,1.3,2.49,5.14,1.32,2.6,5.41,-0.81,"Informational,Commercial,Transactional,Non-branded,Non-local",English,"181, 191, 231, 229, 233, 226, 223, 186, 189, 228, 290, 283, 234, 226, 280, 234, 232, 223, 214, 241, 243, 247, 248, 226","215, 227, 245, 249, 232, 223, 214, 240, 242, 246, 247, 226, 215",Pet food
5,cat water fountain stainless steel,ca,6,200,0.35,,cat water fountain,2026-08-13 21:38:08,"Shopping,Thumbnail,People also ask,AI Overview,Sitelinks,Image pack",2500,1500,26000,2017-07-30,0.66,0.34,,,,2.89,6.07,13.34,,"Commercial,Transactional,Non-branded,Non-local",English,"82, 75, 88, 70, 105, 69, 79, 78, 80, 66, 80, 109, 69, 72, 123, 167, 181, 158, 192, 275, 295, 245, 306, 231",262,Pet food
6,best stainless steel cat water fountain,ca,0,150,0.30,,best stainless steel cat water fountain,2026-09-10 00:56:50,"AI Overview,Thumbnail,Sitelinks,Shopping,People also ask,Video preview",1800,60,1500,2020-04-24,0.74,0.26,,,,3.16,6.63,14.71,,"Informational,Commercial,Non-branded,Non-local",English,"44, 57, 67, 62, 64, 30, 49, 83, 58, 78, 95, 73, 82, 64, 89, 116, 149, 110, 128, 87, 138, 147, 231, 184",187,Pet food
7,pumpless cat water fountain,ca,,150,0.35,,,,,800,,,2023-09-12,0.77,0.23,,,,4.84,10.5,24.94,,"Informational,Commercial,Transactional,Non-branded,Non-local",English,"65, 45, 92, 56, 83, 55, 97, 46, 74, 70, 94, 75, 91, 72, 112, 89, 407, 118, 122, 95, 108, 94, 111, 84",91,Pet food
8,cat it water fountain,ca,0,150,0.25,,catit water fountain,2026-09-21 12:05:41,"Shopping,Thumbnail,AI Overview,Video preview,Sitelinks,People also ask,Videos",450,300,3200,2015-12-27,0.86,0.14,,,,1.43,2.91,6.02,,"Informational,Commercial,Transactional,Branded,Non-local",English,"113, 214, 141, 29, 36, 8, 28, 76, 31, 60, 54, 58, 37, 15, 56, 74, 210, 180, 190, 176, 199, 203, 227, 189",192,Pet food; Department stores
9,ceramic cat water fountain,ca,34,150,0.25,,ceramic cat fountain,2026-08-27 03:47:21,"Shopping,Thumbnail,People also ask,Sitelinks,Video preview",2900,90,1600,2016-01-05,0.79,0.21,,,,2.2,4.54,9.77,,"Informational,Commercial,Transactional,Non-branded,Non-local",English,"116, 132, 147, 167, 177, 113, 150, 165, 119, 252, 194, 200, 187, 188, 190, 177, 202, 160, 161, 123, 164, 133, 136, 95",117,Pet food
10,best stainless steel cat water fountain canada,ca,,100,,,,,,100,,,2025-06-06,0.84,0.16,,,,,,,,,,"0, 0, 0, 0, 0, 0, 0, 0, 0, 2, 21, 13, 20, 5, 10, 23, 38, 46, 67, 111, 170, 179, 255, 221",217,
11,cat water fountain filter,ca,0,100,0.35,,catit water fountain,2026-09-02 11:44:51,"Shopping,Thumbnail,People also ask,AI Overview,Sitelinks,Video preview",1000,90,90,2016-08-04,0.84,0.16,,,,2.42,5.03,10.87,,"Informational,Commercial,Transactional,Non-branded,Non-local",English,"78, 101, 79, 76, 84, 107, 117, 119, 85, 109, 121, 91, 62, 59, 83, 105, 147, 122, 108, 143, 112, 133, 163, 158",154,Pet food
12,veken cat water fountain,ca,,90,,,,,,600,,,2020-03-22,0.78,0.22,,,,1.88,3.86,8.32,,"Informational,Commercial,Transactional,Branded,Non-local",English,"11, 14, 12, 4, 10, 13, 23, 23, 26, 20, 32, 36, 26, 43, 43, 72, 68, 46, 86, 118, 110, 132, 135, 150",141,Pet food
13,stainless steel cat water fountain canada,ca,0,80,0.35,,catit water fountain,2026-09-09 12:09:03,"Shopping,Thumbnail,People also ask,Sitelinks",80,0,0,2021-09-18,0.69,0.31,,,,,,,,"Commercial,Transactional,Non-branded,Non-local",English,"38, 38, 39, 41, 31, 37, 62, 78, 60, 49, 111, 106, 53, 57, 42, 113, 86, 81, 54, 111, 95, 107, 111, 57",91,Pet food
14,water fountain cat,ca,3,80,,,cat water fountain,2026-08-09 04:50:36,"Shopping,Thumbnail,Image pack,Sitelinks",1500,1300,1300,2016-02-14,0.73,0.27,,,,1.91,3.87,8.31,,"Informational,Commercial,Transactional,Non-branded,Non-local",English,"105, 107, 94, 76, 54, 38, 82, 71, 76, 108, 142, 114, 69, 97, 61, 75, 80, 55, 38, 67, 79, 90, 107, 86",95,Pet food
15,cat water fountain canadian tire,ca,,60,0.15,,,,,60,,,2016-01-04,0.8,0.2,,,,,,,,"Commercial,Transactional,Branded,Non-local",English,"4, 5, 3, 2, 4, 8, 11, 15, 14, 66, 82, 108, 48, 43, 70, 91, 115, 54, 48, 42, 47, 33, 47, 56",46,Pet food
16,filterless cat water fountain,ca,,60,,,,,,500,,,2019-06-26,0.83,0.17,,,,3.27,6.77,15,,,,"23, 6, 19, 32, 21, 18, 16, 3, 16, 11, 3, 11, 22, 12, 25, 30, 47, 96, 64, 43, 88, 86, 81, 96",90,
17,freshflow cat water fountain,ca,,60,,,,,,600,,,2026-04-08,,,,,,3.19,7.29,16.29,,,,"0, 0, 0, 0, 0, 0, 0, 0, 0, 0, 0, 0, 0, 0, 0, 0, 0, 0, 0, 12, 49, 151, 308, 170",203,
18,fresh flow cat water fountain,ca,,50,,,,,,150,,,2020-03-19,,,,,,,,,,"Informational,Commercial,Transactional,Branded,Non-local",English,"2, 4, 1, 3, 0, 2, 5, 2, 2, 1, 1, 0, 1, 3, 6, 5, 2, 5, 14, 29, 83, 166, 236, 98",161,Purifiers; Pet food
19,vet recommended cat water fountain,ca,9,50,0.30,,cat water fountain,2026-08-18 13:41:53,"AI Overview,Thumbnail,People also ask,Shopping,Video preview,Discussions",800,300,3500,2020-04-12,0.73,0.27,,,,2.62,5.53,11.99,,"Informational,Commercial,Non-branded,Non-local",English,"34, 34, 37, 53, 51, 21, 36, 30, 42, 23, 50, 53, 42, 46, 40, 39, 58, 19, 39, 40, 54, 58, 85, 55",69,Pet food
20,cat water fountain filters,ca,0,40,0.35,,catit water fountain,2026-09-20 03:07:46,"Shopping,Thumbnail,People also ask,Sitelinks,AI Overview,Video preview",1800,100,100,2018-01-13,0.58,0.42,,,,2.66,5.55,12.1,,"Informational,Commercial,Transactional,Non-branded,Non-local",English,"21, 34, 45, 33, 61, 79, 86, 88, 36, 44, 54, 51, 21, 25, 34, 36, 45, 33, 54, 41, 41, 47, 51, 38",46,Pet food
21,wireless cat water fountain,ca,0,40,0.30,,water fountain for cats,2026-09-13 11:16:03,"Shopping,Thumbnail,Sitelinks,People also ask,AI Overview,Video preview",1200,30,30,2020-06-05,0.82,0.18,,,,3,6.33,13.89,,"Commercial,Transactional,Non-branded,Non-local",English,"62, 65, 40, 39, 30, 35, 20, 28, 42, 51, 40, 55, 52, 34, 25, 85, 39, 23, 23, 39, 46, 57, 65, 31",50,Pet food
22,cat water fountain filter replacement,ca,0,30,0.30,,cat water fountain filter replacement,2026-09-12 15:21:50,"AI Overview,Thumbnail,Shopping,Sitelinks,People also ask",300,0,0,2020-03-07,,,,,,2.41,5.08,10.96,,"Commercial,Transactional,Non-branded,Non-local",English,"11, 16, 3, 8, 30, 28, 33, 7, 19, 9, 12, 15, 16, 19, 9, 21, 53, 33, 44, 50, 48, 24, 20, 7",17,Pet food
23,cat water fountain pump,ca,0,30,,,pet fountain pump,2026-09-11 16:40:23,"Shopping,Thumbnail,People also ask,AI Overview,Sitelinks",250,70,70,2020-03-20,,,,,,3,6.34,13.86,,"Informational,Commercial,Transactional,Non-branded,Non-local",English,"24, 12, 12, 10, 11, 16, 28, 27, 34, 23, 32, 34, 32, 29, 32, 41, 21, 12, 25, 26, 32, 18, 32, 11",21,Pet food
24,diy cat water fountain,ca,0,30,,,diy cat fountain,2026-08-23 14:29:28,"Sitelinks,People also ask,Video preview,Image pack",300,10,250,2016-06-28,0.69,0.31,,,,0.7,1.59,3.19,,"Informational,Non-branded,Non-local",English,"27, 21, 18, 17, 13, 7, 18, 18, 22, 22, 19, 25, 13, 14, 26, 29, 40, 28, 19, 39, 40, 24, 36, 28",23,Cats; Expert content
25,cat stainless steel water fountain,ca,0,30,0.45,,cat water fountain,2026-09-11 12:26:04,"Shopping,Thumbnail,Sitelinks,AI Overview,People also ask",250,1500,1500,2020-01-26,0.74,0.26,,,,2.79,5.82,12.45,,"Informational,Commercial,Transactional,Non-branded,Non-local",English,"11, 16, 13, 6, 15, 14, 8, 13, 13, 14, 11, 11, 20, 14, 20, 42, 29, 46, 31, 40, 37, 43, 53, 34",43,Pet food
26,best cat water fountain 2026,ca,,30,,,,,,600,,,2026-01-12,,,,,,30.7,177.03,,,,,"0, 0, 0, 0, 0, 0, 0, 0, 0, 0, 0, 0, 0, 0, 0, 0, 3, 3, 39, 39, 64, 64, 100, 72",74,
27,petsafe outlast pumpless cat water fountain,ca,,20,,,,,,150,,,2024-07-22,,,,,,,,,,,,"7, 8, 15, 15, 13, 15, 11, 14, 17, 12, 12, 14, 15, 18, 28, 23, 13, 15, 18, 16, 21, 12, 15, 18",17,
28,cordless cat water fountain,ca,4,20,0.35,,cat water fountain,2026-08-06 17:12:55,"Shopping,Thumbnail,Sitelinks,AI Overview,People also ask",700,1300,1300,2020-01-17,0.74,0.26,,,,2.66,5.52,12.01,,"Informational,Commercial,Transactional,Non-branded,Non-local",English,"23, 16, 23, 29, 23, 18, 9, 9, 14, 21, 20, 17, 17, 18, 10, 26, 6, 11, 15, 20, 15, 20, 106, 15",46,Pet food
29,cat it water fountain pump,ca,,20,,,,,,30,,,2024-02-05,,,,,,,,,,,,"0, 18, 10, 11, 17, 21, 12, 17, 20, 24, 22, 20, 22, 21, 20, 13, 27, 24, 18, 14, 12, 16, 14, 10",14,
30,cat water fountain pump not working,ca,0,20,,,cat water fountain pump not working,2026-09-04 00:46:24,"AI Overview,Thumbnail,Sitelinks,People also ask",150,20,300,2020-03-01,0.87,0.13,,,,,,,,"Informational,Non-branded,Non-local",English,"23, 23, 27, 26, 17, 13, 33, 21, 16, 28, 28, 33, 27, 11, 13, 18, 24, 16, 10, 17, 33, 19, 23, 24",24,Aquaria; Technical reference
31,petsafe cat water fountain,ca,,20,0.40,,,,,500,,,2020-01-19,,,,,,2.87,6.21,13.65,,"Informational,Commercial,Transactional,Branded,Non-local",English,"8, 15, 5, 12, 9, 5, 16, 10, 10, 8, 18, 17, 6, 30, 16, 22, 17, 16, 10, 16, 14, 12, 23, 16",18,Pet food
32,easy to clean cat water fountain,ca,,20,0.20,,,,,350,,,2020-02-11,,,,,,2.43,5.03,10.89,,,,"4, 1, 8, 14, 33, 20, 12, 19, 19, 14, 22, 43, 19, 19, 19, 19, 18, 11, 17, 14, 8, 18, 31, 37",30,
33,quiet cat water fountain,ca,3,20,0.35,,quiet cat water fountain,2026-09-17 04:10:00,"Sitelinks,AI Overview,Thumbnail,Shopping,People also ask,Video preview",350,10,250,2016-03-06,0.73,0.27,,,,1.46,2.87,6.12,,"Informational,Commercial,Non-branded,Non-local",English,"25, 17, 22, 16, 22, 29, 18, 13, 12, 13, 13, 15, 8, 15, 18, 14, 25, 16, 23, 16, 35, 19, 20, 16",20,Pet food
34,water fountain for cat,ca,3,20,0.50,,cat water fountain,2026-09-15 07:06:06,"Shopping,Thumbnail,Sitelinks,AI Overview,People also ask",800,1400,1400,2019-05-28,0.74,0.26,,,,1.64,3.19,6.94,,"Informational,Commercial,Transactional,Non-branded,Non-local",English,"31, 30, 12, 13, 17, 12, 9, 16, 15, 22, 25, 41, 27, 21, 13, 14, 5, 13, 10, 8, 12, 28, 25, 15",23,Pet food
35,cat water fountain ceramic,ca,0,20,0.35,,cat water fountain,2026-08-08 19:32:42,"Shopping,Thumbnail,People also ask,AI Overview,Image pack,Sitelinks",350,100,1100,2016-08-18,0.57,0.43,,,,1.05,2.19,4.55,,"Informational,Commercial,Transactional,Non-branded,Non-local",English,"23, 12, 28, 15, 20, 10, 14, 12, 15, 20, 22, 28, 21, 21, 20, 19, 22, 18, 20, 13, 23, 8, 14, 12",12,Pet food
36,how to clean cat water fountain,ca,0,20,,,how to clean cat water fountain,2026-08-16 03:58:53,"AI Overview,Thumbnail,Videos,People also ask,Discussions,Video preview",250,10,200,2020-02-26,0.8,0.2,,,,2.36,5.02,10.86,,"Informational,Non-branded,Non-local",English,"18, 20, 23, 18, 28, 19, 22, 28, 22, 20, 24, 18, 19, 28, 23, 26, 22, 18, 25, 17, 22, 13, 30, 8",18,Cats; Expert content
37,uv cat water fountain,ca,,20,,,,,,100,,,2021-08-21,,,,,,,,,,"Informational,Commercial,Transactional,Non-branded,Non-local",English,"0, 1, 0, 0, 0, 0, 4, 0, 0, 1, 0, 2, 2, 2, 8, 10, 14, 2, 9, 12, 58, 21, 27, 20",23,Pet food
38,cat water fountain reviews,ca,12,20,0.25,,cat fountain,2026-09-17 20:17:15,"AI Overview,Thumbnail,Sitelinks,People also ask,Video preview,Shopping",250,90,600,2017-01-25,0.54,0.46,,,,0.36,0.85,1.66,,"Informational,Commercial,Non-branded,Non-local",English,"5, 6, 7, 11, 16, 5, 4, 9, 13, 26, 25, 22, 14, 19, 20, 33, 33, 14, 3, 15, 21, 23, 11, 9",12,Pet food; Price comparisons
39,canadian tire cat water fountain,ca,,20,,,,,,20,,,2019-09-05,,,,,,,,,,,,"0, 0, 0, 0, 0, 0, 0, 0, 0, 4, 18, 22, 18, 10, 26, 20, 24, 17, 30, 24, 22, 35, 29, 15",28,
40,veken stainless steel cat water fountain,ca,,20,,,,,,250,,,2024-07-17,,,,,,5.36,11.65,28.24,,,,"2, 0, 0, 0, 1, 0, 1, 6, 4, 16, 25, 11, 10, 9, 13, 8, 22, 10, 11, 13, 19, 13, 34, 19",24,
41,automatic cat water fountain,ca,0,20,0.45,,cat water fountain,2026-08-20 23:45:19,"Shopping,Thumbnail,People also ask,Sitelinks",1200,200,200,2020-01-10,0.56,0.44,,,,2,4.21,8.93,,"Informational,Commercial,Transactional,Non-branded,Non-local",English,"19, 15, 26, 14, 8, 13, 9, 5, 11, 11, 25, 32, 15, 15, 4, 14, 24, 10, 19, 22, 47, 37, 34, 32",33,Pet food
42,metal cat water fountain,ca,,20,,,,,,700,,,2019-01-19,,,,,,2.75,5.73,12.53,,,,"27, 22, 19, 17, 20, 14, 26, 1, 5, 7, 25, 22, 10, 17, 22, 16, 21, 18, 31, 28, 32, 29, 30, 14",26,
43,how often to clean cat water fountain,ca,,20,,,,,,250,,,2018-05-06,,,,,,3.24,6.52,14.62,,,,"12, 10, 18, 16, 13, 7, 14, 15, 9, 12, 10, 18, 16, 20, 24, 18, 33, 15, 19, 27, 18, 29, 23, 30",22,
44,filters for cat water fountain,ca,0,20,,,cat fountain filter,2026-08-16 02:08:24,"Shopping,Thumbnail,People also ask,Sitelinks,Videos",300,60,60,2020-02-13,,,,,,3.1,6.51,14.43,,"Informational,Commercial,Transactional,Non-branded,Non-local",English,"10, 23, 12, 23, 22, 20, 25, 14, 10, 20, 25, 11, 32, 18, 10, 21, 22, 14, 27, 29, 27, 12, 19, 17",18,Pet food
45,best wireless cat water fountain,ca,,20,,,,,,250,,,2022-11-27,,,,,,5.1,11.2,26.93,,"Informational,Commercial,Non-branded,Non-local",English,"5, 12, 10, 8, 13, 6, 8, 7, 14, 12, 28, 29, 24, 25, 22, 13, 20, 17, 24, 12, 13, 5, 14, 3",9,Pet food
46,feelneedy cat water fountain,ca,,20,,,,,,20,,,2023-08-08,,,,,,,,,,,,"2, 0, 2, 0, 0, 2, 2, 3, 6, 0, 8, 3, 6, 3, 3, 0, 2, 0, 2, 20, 33, 47, 36, 35",39,
47,how to clean cat water fountain pump,ca,,20,,,,,,150,,,2017-10-20,,,,,,,,,,,,"19, 12, 14, 20, 17, 23, 13, 18, 9, 17, 15, 11, 16, 16, 15, 9, 21, 21, 20, 8, 20, 17, 12, 13",14,
48,amazon cat water fountain,ca,,20,,,,,,150,,,2019-03-01,,,,,,,,,,,,"0, 2, 0, 2, 1, 2, 1, 5, 3, 3, 7, 12, 5, 4, 3, 5, 2, 4, 5, 3, 16, 31, 63, 35",42,
49,wireless cat water fountain stainless steel,ca,,10,,,,,,200,,,2022-12-14,,,,,,6.24,13.77,34.48,,,,"8, 7, 13, 9, 7, 3, 3, 12, 4, 1, 4, 6, 1, 3, 1, 7, 4, 11, 4, 5, 4, 5, 11, 4",7,
50,water filter cat fountain,ca,,10,,,,,,60,,,2020-09-04,,,,,,,,,,,,"2, 8, 0, 2, 8, 6, 8, 11, 3, 3, 4, 5, 6, 4, 3, 5, 6, 7, 7, 1, 6, 2, 7, 2",5,
51,how to fix cat water fountain pump,ca,,10,,,,,,60,,,2022-01-17,,,,,,,,,,,,"0, 0, 2, 8, 5, 4, 2, 7, 6, 6, 4, 5, 3, 8, 4, 6, 7, 3, 4, 5, 11, 7, 3, 4",6,
52,clean cat water fountain vinegar,ca,,10,,,,,,50,,,2017-09-04,,,,,,,,,,,,"2, 1, 0, 0, 2, 2, 3, 4, 0, 0, 5, 7, 2, 2, 9, 5, 3, 8, 5, 3, 11, 4, 9, 3",7,
53,cat water fountain no filter,ca,,10,,,,,,100,,,2017-05-28,,,,,,,,,,,,"9, 15, 14, 15, 25, 13, 10, 7, 6, 16, 13, 9, 8, 12, 4, 17, 12, 14, 9, 15, 9, 7, 4, 2",5,
54,best filterless cat water fountain,ca,,10,,,,,,250,,,2025-08-29,,,,,,33.84,136.52,1460.98,,,,"0, 0, 0, 0, 0, 0, 0, 0, 0, 0, 0, 1, 1, 4, 1, 2, 1, 6, 2, 3, 4, 5, 8, 15",15,
55,water pump for cat fountain,ca,,10,,,,,,100,,,2020-01-23,,,,,,,,,,"Informational,Commercial,Transactional,Non-branded,Non-local",English,"7, 12, 6, 4, 7, 10, 9, 19, 2, 12, 9, 19, 7, 9, 8, 12, 7, 9, 11, 13, 8, 6, 9, 4",7,Pet food
56,green stuff in cat water fountain,ca,,10,,,,,,30,,,2021-08-05,,,,,,,,,,,,"4, 4, 3, 10, 0, 1, 4, 10, 5, 1, 6, 2, 5, 12, 7, 0, 6, 1, 6, 7, 4, 3, 1, 1",3,
57,cat not drinking from water fountain,ca,,10,,,,,,30,,,2021-08-30,,,,,,,,,,,,"10, 12, 11, 3, 1, 0, 1, 0, 0, 0, 1, 1, 0, 5, 5, 4, 6, 8, 6, 3, 4, 4, 3, 8",6,
58,cat water fountain uv light,ca,,10,,,,,,40,,,2021-06-03,,,,,,,,,,,,"0, 0, 0, 0, 1, 0, 1, 0, 0, 3, 2, 2, 0, 1, 8, 6, 9, 7, 9, 3, 17, 2, 1, 2",3,
59,cat water fountain pump replacement,ca,,10,,,,,,100,,,2020-06-07,,,,,,,,,,,,"7, 8, 6, 8, 9, 4, 11, 14, 15, 8, 7, 8, 6, 1, 3, 10, 7, 6, 16, 8, 11, 3, 14, 4",6,
60,cat ceramic water fountain,ca,,10,0.45,,,,,100,,,2019-12-19,,,,,,,,,,"Informational,Commercial,Transactional,Non-branded,Non-local",English,"9, 6, 8, 10, 7, 9, 12, 8, 2, 4, 15, 7, 11, 6, 6, 7, 4, 6, 5, 10, 6, 6, 4, 3",4,Bathroom; Pet food
61,top rated cat water fountain,ca,,10,,,,,,200,,,2020-01-22,,,,,,,,,,,,"8, 7, 8, 11, 8, 1, 1, 0, 10, 3, 9, 13, 8, 3, 5, 10, 4, 8, 7, 10, 12, 18, 21, 10",16,
62,cat water fountain flower,ca,,10,0.35,,,,,150,,,2020-01-25,,,,,,,,,,"Commercial,Transactional,Branded,Non-local",English,"7, 3, 3, 1, 6, 2, 9, 5, 11, 10, 9, 9, 10, 9, 14, 10, 10, 10, 12, 12, 7, 3, 3, 2",4,Pet food
63,battery operated cat water fountain,ca,0,10,0.35,,wireless cat water fountain,2026-09-11 17:56:17,"Shopping,Thumbnail,AI Overview,Sitelinks,People also ask",600,10,10,2020-01-11,0.7,0.3,,,,0.93,1.85,3.81,,"Commercial,Transactional,Non-branded,Non-local",English,"38, 26, 38, 22, 29, 7, 15, 16, 13, 29, 43, 25, 18, 3, 5, 5, 5, 1, 5, 14, 8, 6, 19, 6",11,Pet food
64,best cordless cat water fountain,ca,,10,,,,,,250,,,2022-01-21,,,,,,4.23,9.19,21.32,,"Informational,Commercial,Non-branded,Non-local",English,"6, 7, 11, 15, 9, 9, 1, 2, 2, 5, 12, 11, 8, 11, 5, 14, 10, 12, 14, 25, 7, 9, 11, 9",11,Pet food
65,best stainless cat water fountain,ca,,10,,,,,,90,,,2021-06-29,,,,,,,,,,,,"1, 0, 2, 2, 0, 2, 2, 1, 4, 1, 3, 5, 2, 0, 8, 5, 6, 4, 11, 3, 2, 11, 21, 10",15,
66,feel needy cat water fountain,ca,,10,,,,,,150,,,2023-05-29,,,,,,,,,,"Informational,Commercial,Transactional,Branded,Non-local",English,"2, 1, 0, 3, 1, 0, 0, 0, 0, 2, 0, 8, 2, 7, 1, 3, 4, 30, 21, 20, 21, 27, 1, 9",10,Pet food
67,safest cat water fountain,ca,,10,,,,,,100,,,2020-10-25,,,,,,,,,,,,"3, 0, 5, 7, 7, 1, 4, 1, 4, 6, 7, 6, 5, 3, 9, 9, 9, 8, 3, 5, 14, 5, 5, 9",7,
68,the best cat water fountain,ca,,10,0.45,,,,,150,,,2020-01-19,,,,,,,,,,,,"10, 7, 13, 4, 7, 0, 1, 5, 10, 3, 9, 14, 9, 3, 5, 11, 26, 5, 4, 10, 7, 14, 13, 23",18,
69,cat drinking from water fountain,ca,,10,,,,,,350,,,2015-12-25,,,,,,3.37,7.1,15.82,,,,"1, 3, 5, 1, 0, 0, 0, 0, 0, 1, 6, 2, 2, 2, 5, 0, 0, 42, 14, 14, 34, 21, 17, 5",15,
70,cat water fountain benefits,ca,,10,,,,,,150,,,2019-05-07,,,,,,,,,,,,"1, 4, 3, 2, 3, 2, 3, 0, 5, 25, 25, 4, 6, 4, 21, 7, 2, 5, 2, 0, 2, 12, 2, 1",6,
71,eufy cat water fountain,ca,,10,,,,,,90,,,2022-11-01,,,,,,,,,,,,"10, 3, 7, 2, 6, 3, 3, 2, 5, 6, 14, 7, 9, 3, 3, 1, 1, 1, 3, 5, 6, 7, 11, 10",12,
72,japanese cat water fountain,ca,,10,,,,,,60,,,2019-08-06,,,,,,,,,,,,"0, 0, 1, 0, 2, 0, 0, 0, 0, 1, 2, 0, 0, 0, 0, 0, 1, 2, 1, 0, 0, 0, 49, 13",22,
73,cat water fountain foaming,ca,,10,,,,,,40,,,2021-07-03,,,,,,,,,,,,"0, 0, 0, 0, 0, 1, 0, 3, 2, 3, 4, 5, 6, 1, 4, 7, 4, 4, 2, 3, 6, 2, 5, 9",7,
74,algae in cat water fountain,ca,0,10,,,algae in cat water fountain,2026-08-19 03:51:37,"AI Overview,Thumbnail,People also ask,Image pack,Sitelinks",60,10,30,2020-07-31,,,,,,,,,,"Informational,Non-branded,Non-local",English,"6, 3, 10, 17, 7, 10, 10, 10, 17, 4, 22, 9, 14, 12, 14, 11, 18, 6, 16, 8, 15, 17, 22, 15",18,Home; Cats; Expert content
75,cat water fountain stopped working,ca,,10,,,,,,80,,,2020-04-23,,,,,,,,,,,,"8, 7, 6, 11, 13, 13, 2, 10, 11, 3, 14, 7, 6, 11, 6, 6, 7, 8, 8, 6, 2, 4, 4, 6",6,
76,no filter cat water fountain,ca,,10,,,,,,200,,,2020-05-23,,,,,,,,,,,,"8, 4, 11, 15, 14, 4, 8, 4, 5, 1, 0, 7, 5, 2, 0, 4, 2, 4, 7, 2, 19, 7, 4, 16",10,
77,filter for cat water fountain,ca,,10,,,,,,150,,,2017-05-11,,,,,,,,,,"Commercial,Transactional,Non-branded,Non-local",English,"13, 7, 13, 16, 21, 16, 20, 16, 14, 9, 7, 10, 2, 2, 3, 4, 5, 5, 13, 16, 13, 12, 20, 9",15,Pet food
78,cat pixi water fountain,ca,,10,0.25,,,,,70,,,2022-05-04,,,,,,,,,,,,"8, 4, 3, 3, 9, 0, 8, 5, 5, 6, 2, 7, 4, 4, 5, 1, 7, 10, 2, 3, 10, 11, 15, 3",8,
79,filter free cat water fountain,ca,,10,,,,,,80,,,2021-03-11,,,,,,,,,,,,"4, 0, 11, 1, 6, 3, 3, 2, 4, 1, 0, 1, 3, 0, 3, 8, 9, 7, 2, 5, 2, 15, 9, 4",8,
80,cat it water fountain not working,ca,,10,,,,,,30,,,2023-02-11,,,,,,,,,,,,"8, 8, 9, 14, 17, 7, 20, 8, 4, 9, 14, 9, 14, 13, 4, 10, 4, 6, 10, 7, 8, 6, 17, 10",14,
81,water filter for cat fountain,ca,,10,,,,,,100,,,2021-09-07,,,,,,,,,,,,"6, 3, 3, 5, 7, 7, 6, 5, 10, 6, 6, 9, 4, 3, 3, 1, 5, 8, 6, 7, 7, 6, 1, 5",4,
82,best cat water fountain canada,ca,6,10,0.35,,cat water fountain,2026-08-28 05:52:51,"AI Overview,Thumbnail,Sitelinks,People also ask,Shopping,Video preview",10,1300,12000,2019-05-11,0.75,0.25,,,,,,,,"Informational,Commercial,Non-branded,Non-local",English,"41, 30, 25, 33, 29, 26, 22, 18, 20, 16, 19, 26, 23, 14, 10, 18, 15, 13, 10, 7, 9, 5, 9, 17","14, 6, 2, 11, 9, 6, 4, 1, 4, 1, 5, 13, 10",Pet food
83,best material for cat water fountain,ca,,10,,,,,,80,,,2022-07-26,,,,,,,,,,,,"5, 4, 4, 4, 2, 0, 1, 4, 1, 0, 3, 5, 3, 5, 7, 1, 5, 5, 5, 3, 8, 11, 6, 10",10,
84,plastic cat water fountain,ca,,10,,,,,,90,,,2021-03-06,,,,,,,,,,,,"3, 4, 1, 3, 5, 2, 3, 5, 4, 4, 7, 1, 8, 6, 6, 11, 14, 10, 17, 8, 2, 10, 10, 9",11,
85,drinkwell cat water fountain,ca,,10,0.25,,,,,80,,,2016-10-12,,,,,,,,,,,,"3, 1, 1, 1, 2, 2, 4, 2, 4, 3, 2, 5, 3, 4, 3, 6, 5, 4, 3, 8, 7, 4, 3, 6",4,
86,cat water fountain amazon,ca,,10,,,,,,200,,,2016-06-21,,,,,,,,,,,,"2, 0, 1, 1, 3, 3, 2, 3, 2, 2, 8, 9, 4, 4, 5, 5, 3, 8, 3, 7, 11, 10, 14, 4",10,
87,catit pixi cat water fountain,ca,,10,,,,,,70,,,2022-11-09,,,,,,,,,,,,"0, 1, 0, 1, 0, 0, 3, 0, 0, 2, 1, 6, 1, 0, 5, 2, 7, 4, 8, 2, 2, 9, 16, 5",11,
88,cat fountain water,ca,,10,,,,,,600,,,2019-01-27,,,,,,1.95,4.07,8.67,,,,"0, 8, 4, 5, 4, 0, 3, 1, 2, 4, 3, 16, 6, 3, 6, 6, 16, 15, 4, 6, 5, 9, 2, 6",7,
89,cat water fountain with uv light,ca,,10,,,,,,100,,,2018-06-19,,,,,,,,,,"Informational,Commercial,Transactional,Non-branded,Non-local",English,"1, 0, 0, 0, 0, 0, 1, 1, 0, 0, 1, 2, 2, 9, 3, 15, 21, 6, 7, 11, 34, 8, 8, 7",9,Pet food
90,pawira cat water fountain reviews,ca,,10,,,,,,40,,,2025-11-18,,,,,,,,,,,,"0, 0, 0, 0, 0, 0, 0, 0, 0, 0, 0, 0, 0, 0, 6, 2, 3, 0, 0, 8, 20, 9, 27, 5",12,
91,my cat water fountain stopped working,ca,,10,,,,,,40,,,2020-10-26,,,,,,,,,,,,"4, 2, 5, 3, 2, 2, 1, 4, 8, 4, 6, 2, 2, 4, 4, 4, 5, 6, 4, 6, 5, 10, 5, 8",7,
92,best uv cat water fountain,ca,,10,,,,,,60,,,2023-07-30,,,,,,,,,,,,"3, 3, 0, 1, 0, 1, 0, 0, 0, 1, 0, 0, 1, 0, 8, 4, 2, 2, 4, 7, 19, 7, 5, 5",7,
93,how often should you clean a cat water fountain,ca,,10,,,,,,50,,,2022-09-06,,,,,,,,,,,,"2, 4, 0, 5, 3, 3, 2, 2, 1, 5, 7, 4, 3, 7, 3, 13, 7, 9, 4, 6, 9, 6, 1, 7",5,
94,best ceramic cat water fountain,ca,,10,0.35,,,,,150,,,2020-03-04,,,,,,,,,,"Informational,Commercial,Non-branded,Non-local",English,"4, 14, 2, 6, 19, 1, 10, 5, 3, 12, 12, 13, 2, 8, 18, 9, 39, 11, 4, 6, 14, 9, 11, 11",9,Home improvement; Pet food
95,best pumpless cat water fountain,ca,,10,,,,,,150,,,2024-09-25,,,,,,,,,,,,"1, 2, 6, 5, 2, 9, 7, 4, 3, 2, 13, 5, 1, 3, 15, 5, 38, 12, 7, 10, 12, 13, 14, 5",12,
96,freshflow cat water fountain canada,ca,,10,,,,,,10,,,2026-07-12,,,,,,,,,,,,"0, 0, 0, 0, 0, 0, 0, 0, 0, 0, 0, 0, 0, 0, 0, 0, 0, 0, 0, 0, 0, 0, 23, 36",16,
97,freshflow dog & cat water fountain,ca,,10,,,,,,250,,,2026-04-07,,,,,,9.11,,,,,,"0, 0, 0, 0, 0, 0, 0, 0, 0, 0, 0, 0, 0, 0, 0, 0, 0, 0, 0, 23, 42, 11, 22, 14",16,
98,fofnon cat water fountain,ca,,10,,,,,,40,,,2024-06-27,,,,,,,,,,,,"16, 18, 34, 31, 40, 19, 31, 19, 26, 10, 19, 19, 16, 14, 9, 21, 11, 18, 13, 6, 15, 2, 12, 0",5,
99,ceramic water fountain cat,ca,,10,,,,,,100,,,2020-08-04,,,,,,,,,,,,"3, 4, 2, 4, 1, 1, 1, 1, 8, 6, 5, 14, 11, 8, 5, 3, 6, 9, 5, 4, 4, 2, 5, 1",3,
100,cat water fountain catit,ca,,10,,,,,,40,,,2017-11-18,,,,,,,,,,,,"3, 8, 1, 4, 2, 1, 5, 1, 1, 1, 7, 2, 3, 9, 3, 7, 10, 2, 4, 6, 11, 11, 6, 5",6,
101,pet valu cat water fountain,ca,,10,0.25,,,,,10,,,2015-09-22,,,,,,,,,,"Informational,Commercial,Transactional,Branded,Non-local",English,"2, 1, 2, 3, 1, 1, 1, 0, 1, 2, 8, 10, 6, 12, 3, 3, 4, 1, 0, 13, 15, 4, 16, 2",8,Pet food
102,steel cat water fountain,ca,,10,,,,,,150,,,2020-07-25,,,,,,,,,,,,"8, 2, 8, 4, 6, 4, 7, 1, 4, 4, 7, 12, 3, 2, 7, 11, 9, 4, 13, 12, 9, 8, 16, 5",8,
103,cat it stainless steel water fountain,ca,,10,,,,,,20,,,2020-01-12,,,,,,,,,,,,"0, 1, 0, 0, 0, 0, 0, 0, 0, 0, 0, 0, 0, 0, 0, 0, 9, 11, 16, 32, 34, 31, 32, 5",17,
104,how often to change cat water fountain filter,ca,,10,,,,,,100,,,2022-04-02,,,,,,,,,,,,"23, 15, 19, 10, 20, 20, 21, 19, 12, 12, 16, 15, 11, 15, 10, 12, 12, 12, 13, 17, 8, 19, 16, 18",19,
105,homemade cat water fountain,ca,,10,,,,,,40,,,2016-11-19,,,,,,,,,,,,"2, 5, 3, 8, 2, 0, 2, 5, 0, 1, 0, 4, 0, 8, 6, 2, 7, 8, 3, 9, 5, 5, 7, 1",5,
106,self cleaning cat water fountain,ca,,10,,,,,,150,,,2020-09-02,,,,,,,,,,,,"1, 1, 0, 7, 0, 0, 1, 1, 3, 3, 2, 6, 6, 2, 10, 9, 12, 6, 12, 16, 10, 6, 3, 3",4,
107,flower cat water fountain,ca,0,10,0.35,,catit flower fountain reviews,2026-08-19 07:41:04,"Shopping,Thumbnail,People also ask,Image pack,Video preview",200,0,60,2020-01-10,,,,,,2.32,5.11,11.08,,"Informational,Commercial,Transactional,Branded,Non-local",English,"9, 21, 15, 11, 13, 11, 11, 15, 21, 9, 10, 17, 13, 19, 19, 10, 9, 13, 8, 12, 9, 7, 3, 4",6,Pet food
108,316 stainless steel cat water fountain,ca,,10,,,,,,60,,,2026-05-05,,,,,,,,,,,,"0, 0, 0, 0, 0, 0, 0, 0, 0, 0, 0, 0, 0, 0, 0, 0, 0, 0, 0, 0, 30, 33, 43, 12",31,
109,pump for cat water fountain,ca,,10,,,,,,90,,,2020-03-20,,,,,,,,,,,,"4, 3, 3, 7, 14, 6, 7, 9, 7, 8, 2, 10, 9, 8, 4, 5, 5, 9, 4, 10, 4, 2, 5, 3",4,
110,cat drinking water fountain,ca,,10,,,,,,500,,,2020-01-19,,,,,,2.11,4.35,9.37,,,,"8, 4, 6, 4, 1, 2, 2, 2, 2, 2, 11, 24, 8, 5, 2, 3, 5, 20, 14, 24, 35, 27, 16, 6",17,
111,how often to change filter in cat water fountain,ca,,10,,,,,,80,,,2020-08-15,,,,,,,,,,,,"5, 10, 7, 6, 3, 9, 6, 6, 6, 6, 8, 4, 6, 6, 12, 6, 7, 9, 11, 8, 6, 12, 12, 11",14,
112,stainless cat water fountain,ca,,10,0.35,,,,,250,,,2017-06-08,,,,,,2.51,5.21,11.11,,,,"13, 12, 15, 14, 10, 17, 18, 11, 12, 4, 18, 19, 8, 4, 17, 12, 18, 5, 7, 17, 17, 24, 15, 13",18,
113,cat scared of water fountain,ca,,10,,,,,,60,,,2016-02-17,,,,,,,,,,,,"6, 8, 8, 10, 15, 3, 10, 8, 9, 8, 12, 11, 6, 9, 2, 7, 15, 5, 4, 10, 7, 14, 5, 8",10,
114,silent cat water fountain,ca,,10,0.25,,,,,150,,,2020-01-20,,,,,,,,,,"Informational,Commercial,Transactional,Non-branded,Non-local",English,"8, 8, 10, 15, 21, 12, 12, 12, 17, 12, 8, 6, 5, 8, 12, 13, 14, 10, 15, 10, 14, 4, 8, 7",8,Pet food
115,cat water fountain wireless,ca,,10,,,,,,200,,,2021-09-04,,,,,,4.98,10.76,25.67,,,,"6, 8, 21, 8, 6, 1, 4, 5, 4, 7, 11, 11, 15, 6, 9, 15, 4, 0, 2, 6, 0, 6, 1, 1",4,
116,cat water fountain stainless,ca,,10,,,,,,200,,,2022-04-02,,,,,,7.73,16.81,45.53,,,,"4, 2, 5, 4, 4, 2, 2, 4, 2, 0, 11, 10, 9, 5, 12, 10, 12, 11, 8, 15, 12, 10, 14, 8",12,
117,water cat fountain,ca,,10,0.50,,,,,350,,,2020-02-06,,,,,,2.91,6.29,13.89,,,,"5, 8, 7, 4, 4, 5, 7, 0, 3, 3, 5, 3, 6, 4, 9, 3, 5, 3, 6, 5, 5, 6, 1, 7",5,
118,pumpless cat water fountain stainless steel,ca,,10,,,,,,70,,,2025-01-27,,,,,,,,,,,,"0, 0, 0, 0, 1, 0, 1, 6, 3, 2, 1, 1, 2, 0, 5, 4, 6, 7, 4, 1, 9, 3, 6, 9",6,
119,what is the best cat water fountain,ca,,10,0.40,,,,,150,,,2020-01-13,,,,,,,,,,,,"7, 9, 8, 2, 7, 7, 2, 3, 2, 4, 9, 10, 17, 3, 7, 9, 12, 3, 5, 9, 6, 11, 21, 39",23,
120,best rated cat water fountain,ca,,10,,,,,,250,,,2020-01-13,,,,,,2.24,4.94,10.63,,,,"5, 11, 8, 4, 8, 2, 1, 0, 1, 3, 6, 6, 5, 3, 1, 3, 13, 4, 8, 8, 4, 3, 4, 15",9,
121,catit cat water fountain,ca,,10,,,,,,150,,,2020-03-22,,,,,,,,,,,,"5, 1, 4, 1, 0, 1, 3, 0, 4, 5, 8, 7, 1, 10, 9, 4, 7, 5, 7, 9, 19, 8, 10, 5",7,
122,dishwasher safe cat water fountain,ca,,10,,,,,,150,,,2020-06-19,,,,,,,,,,,,"0, 0, 0, 0, 1, 4, 1, 3, 0, 4, 3, 0, 0, 2, 5, 6, 12, 3, 9, 6, 13, 6, 8, 4",6,
123,cat water bowl fountain,ca,3,10,0.40,,cat water fountain,2026-08-16 13:57:16,"Shopping,Thumbnail,People also ask,Sitelinks,Videos",350,900,7100,2016-03-25,,,,,,0.52,1.13,2.21,,"Informational,Commercial,Transactional,Non-branded,Non-local",English,"13, 12, 22, 8, 10, 17, 16, 4, 5, 6, 12, 20, 15, 8, 5, 8, 3, 21, 9, 8, 7, 16, 12, 2",9,Pet food
124,how to put filter in cat water fountain,ca,,10,,,,,,40,,,2020-06-26,,,,,,,,,,,,"3, 2, 0, 2, 0, 0, 2, 2, 5, 4, 7, 10, 10, 11, 3, 3, 2, 10, 6, 10, 4, 6, 13, 5",9,
125,small cat water fountain,ca,,10,,,,,,200,,,2020-02-20,,,,,,,,,,,,"7, 9, 10, 10, 15, 2, 0, 3, 5, 2, 6, 5, 3, 15, 6, 2, 11, 4, 9, 3, 2, 5, 5, 16",9,
126,ceramic cat water fountain canada,ca,0,10,0.80,,ceramic cat water fountain,2026-08-01 15:40:26,"Shopping,Thumbnail,Sitelinks,Video preview",40,80,1700,2016-04-06,0.69,0.31,,,,,,,,"Commercial,Transactional,Non-branded,Non-local",English,"12, 8, 11, 24, 21, 24, 18, 10, 17, 15, 26, 16, 20, 2, 23, 16, 13, 6, 8, 3, 6, 2, 3, 0",2,Bathroom; Pet food
127,best cat water fountain consumer reports,ca,,10,,,,,,300,,,2025-06-23,,,,,,18.14,50.34,349.09,,,,"0, 0, 0, 0, 0, 0, 0, 0, 0, 2, 0, 0, 0, 0, 0, 0, 0, 2, 0, 2, 24, 22, 25, 35",30,
128,how often clean cat water fountain,ca,,10,,,,,,60,,,2021-08-30,,,,,,,,,,,,"0, 9, 1, 3, 2, 3, 2, 1, 3, 3, 2, 7, 2, 1, 8, 8, 9, 4, 5, 6, 7, 4, 4, 4",5,
129,cat doesn't like water fountain,ca,,10,,,,,,30,,,2020-02-22,,,,,,,,,,,,"2, 1, 5, 1, 3, 1, 4, 1, 1, 8, 4, 4, 2, 1, 6, 7, 8, 6, 5, 12, 2, 4, 4, 6",5,
130,how often to change cat water fountain,ca,,10,,,,,,40,,,2021-01-11,,,,,,,,,,,,"3, 9, 2, 4, 1, 3, 6, 0, 2, 1, 3, 1, 4, 2, 1, 4, 4, 3, 2, 5, 7, 5, 6, 11",9,
131,green algae in cat water fountain,ca,,10,,,,,,30,,,2021-11-13,,,,,,,,,,,,"6, 1, 1, 2, 6, 4, 5, 6, 1, 1, 1, 4, 7, 3, 9, 5, 7, 8, 2, 3, 7, 4, 5, 3",5,
132,good cat water fountain,ca,,10,,,,,,200,,,2022-07-19,,,,,,,,,,,,"1, 6, 2, 9, 1, 0, 0, 0, 0, 1, 7, 7, 4, 1, 12, 7, 8, 6, 8, 2, 8, 5, 4, 8",7,
133,how to get cat to use water fountain,ca,,10,,,,,,70,,,2017-04-21,,,,,,,,,,,,"5, 5, 8, 6, 9, 2, 4, 8, 2, 3, 4, 5, 5, 3, 5, 6, 7, 10, 9, 4, 12, 5, 10, 9",10,
134,petsmart cat water fountain,ca,0,10,,,cat water fountain,2026-09-15 21:20:23,"Sitelinks,Shopping,Thumbnail,People also ask",300,1400,1400,2016-01-04,,,,,,0.94,1.7,3.71,,"Commercial,Transactional,Branded,Non-local",English,"3, 4, 7, 2, 3, 9, 2, 3, 2, 0, 5, 5, 11, 4, 4, 16, 8, 7, 0, 6, 6, 16, 5, 4",10,Pet food
135,pioneer cat water fountain,ca,,10,,,,,,10,,,2016-03-06,,,,,,,,,,,,"4, 10, 4, 9, 2, 1, 1, 2, 9, 2, 7, 5, 1, 1, 6, 4, 2, 9, 4, 4, 8, 7, 12, 1",6,
136,cat water fountain drinking,ca,,10,,,,,,250,,,2019-08-28,,,,,,4.38,8.78,20.48,,,,"0, 0, 0, 0, 0, 0, 0, 0, 0, 0, 0, 1, 0, 0, 0, 0, 3, 10, 23, 16, 11, 5, 5, 1",4,
137,cat water fountain how often change water,ca,,10,,,,,,40,,,2020-03-09,,,,,,,,,,,,"5, 6, 2, 4, 1, 2, 1, 1, 5, 5, 5, 2, 2, 8, 8, 4, 6, 0, 10, 5, 7, 4, 10, 4",7,
138,cat water fountain easy to clean,ca,,10,,,,,,100,,,2020-02-06,,,,,,,,,,,,"5, 1, 2, 2, 4, 5, 4, 1, 1, 3, 7, 12, 7, 4, 8, 10, 7, 5, 3, 3, 13, 5, 8, 21",12,
139,cat keeps knocking over water fountain,ca,,10,,,,,,200,,,2020-03-02,,,,,,,,,,,,"6, 10, 10, 6, 8, 4, 11, 3, 4, 7, 7, 6, 8, 12, 13, 14, 18, 20, 16, 10, 6, 9, 9, 6",9,
140,fluffy union cat water fountain,ca,,10,,,,,,10,,,2024-04-06,,,,,,,,,,,,"27, 27, 11, 15, 42, 15, 30, 20, 34, 8, 10, 14, 3, 6, 5, 7, 3, 3, 20, 10, 9, 24, 35, 3",21,
141,replacement pump for cat water fountain,ca,,10,,,,,,150,,,2017-12-02,,,,,,,,,,,,"7, 4, 12, 7, 7, 9, 7, 9, 10, 4, 11, 6, 4, 1, 10, 5, 3, 5, 6, 8, 8, 8, 0, 1",4,
142,why is my cat water fountain not working,ca,,10,,,,,,60,,,2020-06-26,,,,,,,,,,,,"11, 10, 12, 7, 14, 7, 5, 7, 7, 10, 13, 8, 5, 8, 5, 6, 7, 6, 7, 4, 7, 10, 6, 5",8,
143,best cat water fountain stainless steel,ca,,10,0.30,,,,,100,,,2019-03-16,,,,,,,,,,"Informational,Commercial,Non-branded,Non-local",English,"5, 1, 2, 2, 5, 3, 1, 4, 4, 5, 15, 8, 8, 6, 3, 3, 3, 6, 18, 5, 15, 10, 39, 24",24,Pet food
144,pawira cat water fountain,ca,,10,,,,,,400,,,2025-08-11,,,,,,-25.96,-37.48,38.51,,,,"0, 0, 0, 0, 0, 0, 0, 0, 0, 0, 0, 3, 2, 18, 29, 0, 2, 0, 1, 5, 17, 1, 10, 3",5,
145,water fountain cat stainless steel,ca,,10,,,,,,20,,,2024-10-01,,,,,,,,,,,,"0, 4, 1, 1, 0, 1, 1, 0, 0, 4, 1, 2, 5, 1, 4, 2, 4, 4, 1, 9, 5, 11, 10, 3",9,
146,cute cat water fountain,ca,12,10,,,ceramic cat water fountain,2026-07-30 13:30:47,"Shopping,Thumbnail,Sitelinks,Image pack,People also ask",200,80,1700,2020-03-25,,,,,,2.91,5.97,12.98,,"Informational,Commercial,Transactional,Non-branded,Non-local",English,"46, 12, 17, 9, 17, 19, 8, 12, 29, 4, 12, 12, 5, 14, 7, 9, 9, 10, 14, 9, 14, 4, 6, 8",8,Pet food; Special event items
147,stainless steel cat water fountain with uv light,ca,,10,,,,,,40,,,2025-11-24,,,,,,,,,,,,"0, 0, 0, 0, 0, 0, 0, 0, 0, 0, 0, 0, 0, 0, 1, 13, 10, 3, 1, 10, 20, 5, 0, 1",3,
148,glass cat water fountain,ca,,10,,,,,,200,,,2019-03-24,,,,,,2.76,5.87,12.92,,,,"9, 6, 8, 20, 23, 7, 5, 4, 16, 5, 15, 19, 16, 5, 8, 13, 4, 8, 7, 11, 52, 10, 7, 1",6,
149,walmart cat water fountain,ca,,10,,,,,,60,,,2016-02-05,,,,,,,,,,,,"1, 4, 9, 18, 15, 14, 11, 5, 8, 5, 19, 22, 6, 5, 2, 7, 12, 19, 1, 19, 20, 10, 34, 19",22,
150,cat water fountain not flowing,ca,,10,,,,,,30,,,2021-09-28,,,,,,,,,,,,"6, 4, 5, 5, 5, 2, 4, 5, 3, 1, 5, 4, 0, 17, 2, 3, 10, 6, 3, 9, 2, 3, 10, 0",5,
151,costco cat water fountain,ca,,10,,,,,,40,,,2022-03-13,,,,,,,,,,,,"1, 0, 0, 0, 0, 0, 2, 1, 0, 0, 1, 1, 0, 0, 1, 7, 11, 13, 3, 18, 12, 12, 13, 6",11,
152,cleaning cat water fountain,ca,,10,,,,,,60,,,2020-03-23,,,,,,,,,,,,"7, 2, 3, 2, 5, 3, 6, 3, 5, 1, 5, 8, 8, 8, 8, 13, 7, 7, 5, 7, 7, 11, 11, 4",8,
153,outdoor cat water fountain,ca,,10,,,,,,250,,,2020-04-05,,,,,,2.7,5.7,12.11,,,,"1, 4, 4, 5, 6, 0, 2, 7, 4, 11, 8, 5, 3, 6, 3, 6, 3, 3, 1, 5, 7, 11, 14, 8",12,
154,quietest cat water fountain,ca,,10,0.35,,,,,100,,,2017-04-04,,,,,,,,,,"Informational,Commercial,Non-branded,Non-local",English,"10, 9, 19, 12, 15, 10, 8, 8, 5, 8, 11, 11, 5, 9, 11, 21, 10, 10, 12, 15, 9, 8, 8, 9",9,Pet food
155,pixi cat water fountain,ca,0,10,0.40,,catit pixi,2026-09-16 08:23:51,"AI Overview,Thumbnail,Shopping,People also ask",150,70,70,2021-07-23,,,,,,,,,,"Informational,Commercial,Transactional,Branded,Non-local",English,"8, 7, 9, 16, 21, 5, 11, 12, 15, 7, 9, 15, 13, 7, 4, 1, 11, 15, 20, 19, 18, 17, 26, 9",18,Pet food
156,fluffy union cat water fountain instructions,ca,,10,,,,,,10,,,2024-09-10,,,,,,,,,,,,"16, 22, 5, 8, 6, 3, 4, 2, 0, 0, 0, 0, 0, 9, 14, 15, 13, 12, 0, 0, 0, 1, 2, 0",2,
157,cat water fountain replacement pump,ca,,10,,,,,,70,,,2021-07-17,,,,,,,,,,,,"5, 5, 3, 3, 4, 5, 4, 1, 2, 2, 1, 7, 5, 4, 4, 3, 7, 7, 2, 10, 5, 10, 16, 3",10,
158,pink cat water fountain,ca,,10,,,,,,100,,,2020-12-01,,,,,,,,,,,,"4, 3, 10, 10, 3, 2, 1, 11, 2, 5, 5, 6, 6, 5, 2, 4, 8, 0, 4, 6, 3, 8, 11, 8",9,
159,best cat fountain water,ca,,10,,,,,,90,,,2024-11-15,,,,,,,,,,,,"0, 0, 3, 1, 0, 0, 0, 3, 2, 2, 5, 7, 6, 6, 3, 1, 15, 3, 7, 10, 14, 17, 28, 17",22,
160,cat water fountain stainless steel quiet,ca,,10,,,,,,100,,,2026-03-16,,,,,,,,,,,,"0, 0, 0, 0, 0, 0, 0, 0, 0, 0, 0, 0, 0, 0, 0, 0, 0, 0, 18, 27, 14, 2, 1, 0",2,
161,how often to change water in cat fountain,ca,,10,,,,,,150,,,2020-01-18,,,,,,,,,,,,"11, 24, 13, 11, 10, 12, 15, 7, 20, 15, 14, 15, 15, 16, 9, 15, 17, 4, 5, 19, 13, 13, 17, 18",18,
162,cheerble pumpless cat water fountain,ca,,10,,,,,,70,,,2024-09-25,,,,,,,,,,"Informational,Commercial,Transactional,Branded,Non-local",English,"2, 8, 13, 7, 7, 9, 5, 5, 7, 7, 13, 9, 10, 10, 15, 13, 20, 14, 11, 9, 15, 9, 15, 1",9,Pet food
163,how to clean a cat water fountain,ca,,10,,,,,,70,,,2019-03-24,,,,,,,,,,,,"8, 12, 9, 4, 8, 8, 6, 2, 6, 6, 9, 7, 10, 6, 9, 7, 8, 7, 8, 8, 8, 8, 12, 3",7,
164,cat water fountain walmart,ca,,10,0.10,,,,,70,,,2015-09-23,,,,,,,,,,"Commercial,Transactional,Branded,Non-local",English,"1, 2, 4, 18, 5, 9, 18, 9, 11, 21, 15, 24, 14, 9, 2, 9, 11, 12, 14, 0, 16, 17, 8, 10",12,Pet food
165,running water cat fountain,ca,,10,,,,,,100,,,2020-02-19,,,,,,,,,,,,"1, 5, 3, 3, 1, 0, 1, 1, 0, 3, 2, 5, 1, 3, 3, 5, 5, 5, 5, 6, 7, 5, 7, 6",7,
166,mold in cat water fountain,ca,,10,,,,,,70,,,2020-11-05,,,,,,,,,,,,"4, 4, 6, 3, 4, 13, 11, 3, 3, 6, 6, 4, 5, 7, 6, 10, 7, 4, 2, 3, 6, 4, 5, 6",6,
167,miaustore cat water fountain,ca,,10,,,,,,150,,,2020-01-16,,,,,,,,,,"Informational,Commercial,Transactional,Branded,Non-local",English,"8, 13, 13, 19, 20, 10, 10, 14, 15, 10, 1, 7, 2, 2, 9, 10, 8, 3, 6, 13, 10, 7, 8, 2",7,Pet food
168,pumpless stainless steel cat water fountain,ca,,10,,,,,,90,,,2025-02-09,,,,,,,,,,,,"0, 0, 0, 0, 0, 2, 2, 1, 2, 4, 7, 4, 3, 7, 13, 9, 9, 6, 16, 6, 11, 5, 12, 10",11,
169,cat it water fountain filter,ca,,10,0.45,,,,,100,,,2019-10-10,,,,,,,,,,,,"26, 32, 12, 4, 6, 3, 7, 5, 6, 18, 7, 2, 6, 4, 7, 20, 40, 17, 11, 14, 12, 13, 15, 3",11,
170,cat flower water fountain,ca,,10,0.35,,,,,200,,,2017-12-01,,,,,,,,,,"Informational,Commercial,Transactional,Branded,Non-local",English,"18, 23, 24, 23, 7, 15, 16, 14, 22, 14, 16, 9, 10, 16, 10, 22, 12, 11, 20, 20, 2, 4, 6, 9",8,Pet food
171,stainless steel water fountain cat,ca,,10,,,,,,100,,,2020-12-02,,,,,,,,,,,,"8, 7, 5, 7, 3, 1, 0, 2, 0, 2, 10, 14, 10, 4, 6, 2, 5, 7, 5, 4, 8, 4, 6, 7",7,
172,cat water fountain not working,ca,0,10,,,cat water fountain pump not working,2026-09-10 06:50:29,"AI Overview,Thumbnail,People also ask,Sitelinks",150,20,300,2020-04-02,,,,,,,,,,"Informational,Non-branded,Non-local",English,"19, 10, 7, 9, 9, 8, 12, 6, 10, 13, 19, 13, 10, 9, 21, 13, 12, 11, 16, 12, 9, 8, 19, 13",14,Aquaria; Expert content
173,cat water fountain without filter,ca,,10,0.15,,,,,150,,,2020-04-08,,,,,,,,,,,,"7, 12, 12, 9, 18, 12, 13, 10, 10, 6, 11, 8, 10, 11, 4, 20, 11, 12, 15, 14, 14, 16, 11, 15",15,
174,cat water drinking fountain,ca,,10,0.30,,,,,250,,,2019-04-02,,,,,,1.44,2.54,5.06,,"Informational,Commercial,Transactional,Non-branded,Non-local",English,"4, 7, 8, 3, 4, 1, 3, 3, 2, 1, 6, 8, 11, 6, 4, 5, 3, 3, 10, 8, 2, 4, 6, 5",6,Pet food
175,easiest to clean cat water fountain,ca,,10,,,,,,150,,,2020-09-05,,,,,,,,,,,,"4, 2, 3, 3, 4, 8, 7, 7, 7, 5, 4, 6, 9, 3, 2, 3, 2, 1, 5, 1, 4, 14, 19, 9",14,
176,cat water fountain petsmart,ca,,10,,,,,,250,,,2017-02-10,,,,,,0.77,1.56,3.06,,,,"5, 4, 11, 11, 7, 4, 6, 6, 0, 7, 9, 9, 4, 9, 6, 8, 4, 5, 5, 8, 7, 6, 5, 7",6,
177,veken cat water fountain filters,ca,,10,,,,,,150,,,2022-07-17,,,,,,,,,,,,"4, 1, 0, 1, 3, 0, 2, 6, 3, 6, 4, 7, 7, 4, 4, 7, 8, 4, 5, 7, 5, 6, 12, 5",9,
178,benefits of cat water fountain,ca,,10,,,,,,100,,,2020-02-21,,,,,,,,,,,,"3, 5, 1, 3, 7, 3, 7, 4, 5, 12, 19, 7, 3, 8, 15, 5, 3, 3, 1, 9, 4, 5, 3, 5",6,
179,my cat won't drink from water fountain,ca,,,,,,,,30,,,2021-02-02,,,,,,,,,,,,"3, 6, 5, 3, 3, 2, 1, 4, 3, 2, 4, 2, 1, 2, 0, 7, 12, 1, 5, 8, 4, 9, 4, 1",5,
180,battery powered cat water fountain,ca,,,0.40,,,,,250,,,2020-01-14,,,,,,2.09,4.55,9.58,,,,"7, 5, 5, 2, 3, 1, 2, 1, 2, 4, 10, 1, 1, 0, 0, 2, 0, 2, 2, 0, 3, 1, 1, 0",2,
181,cat water fountain product,ca,,,,,,,,10,,,2026-03-02,,,,,,,,,,,,"0, 0, 0, 0, 0, 0, 0, 0, 0, 0, 0, 0, 0, 0, 0, 0, 0, 0, 2, 1, 2, 1, 0, 0",2,
182,cat wireless water fountain,ca,,,,,,,,30,,,2023-09-14,,,,,,,,,,,,"2, 1, 0, 0, 2, 2, 2, 1, 1, 3, 1, 1, 3, 1, 0, 0, 0, 0, 1, 0, 0, 0, 0, 0",1,
183,amazon water fountain cat,ca,,,,,,,,,,,2020-04-02,,,,,,,,,,,,"1, 0, 0, 1, 0, 0, 0, 0, 0, 2, 2, 2, 0, 0, 1, 0, 0, 0, 0, 1, 1, 1, 1, 0",2,
184,oneisall stainless steel cat water fountain,ca,,,,,,,,30,,,2025-08-16,,,,,,,,,,,,"0, 0, 0, 0, 0, 0, 0, 0, 0, 0, 0, 1, 0, 1, 1, 0, 0, 0, 5, 0, 0, 0, 0, 0",1,
185,mospro pet fountain cat water dispenser,ca,,,,,,,,,,,2020-02-19,,,,,,,,,,,,"0, 0, 0, 0, 0, 0, 0, 0, 0, 0, 0, 0, 0, 0, 0, 0, 0, 0, 0, 0, 0, 0, 0, 0",1,
186,how often do you clean cat water fountain,ca,,,,,,,,10,,,2024-02-09,,,,,,,,,,,,"1, 2, 0, 0, 0, 0, 1, 0, 0, 0, 0, 0, 4, 0, 0, 0, 3, 1, 1, 0, 0, 0, 0, 1",2,
187,wirecutter cat water fountain,ca,,,,,,,,20,,,2021-04-03,,,,,,,,,,,,"0, 0, 0, 0, 0, 0, 0, 0, 3, 0, 0, 0, 2, 0, 2, 2, 0, 0, 0, 0, 0, 0, 0, 0",1,
188,cat water fountain indoor,ca,,,,,,,,40,,,2026-02-02,,,,,,,,,,,,"0, 0, 0, 0, 0, 0, 0, 0, 0, 0, 0, 0, 0, 0, 0, 0, 0, 4, 5, 7, 3, 1, 0, 0",2,
189,best cat water fountain for multi-cat household,ca,,,,,,,,100,,,2026-06-09,,,,,,,,,,,,"0, 0, 0, 0, 0, 0, 0, 0, 0, 0, 0, 0, 0, 0, 0, 0, 0, 0, 0, 0, 0, 13, 5, 0",6,
190,butterfly cat water fountain,ca,,,,,,,,,,,2022-01-10,,,,,,,,,,,,"0, 0, 0, 0, 0, 0, 0, 0, 0, 0, 0, 0, 0, 0, 0, 0, 0, 0, 0, 0, 0, 0, 0, 0",1,
191,miaustore premium ceramic cat water fountain,ca,,,,,,,,,,,2022-07-27,,,,,,,,,,,,"0, 0, 0, 0, 0, 0, 0, 0, 0, 1, 0, 3, 0, 0, 0, 0, 0, 0, 0, 0, 0, 0, 0, 0",1,
192,purify cat water fountain,ca,,,,,,,,80,,,2025-08-25,,,,,,,,,,,,"0, 0, 0, 0, 0, 0, 0, 0, 0, 0, 0, 7, 11, 0, 0, 0, 1, 0, 0, 1, 0, 0, 0, 1",2,
193,how to get cat to drink out of water fountain,ca,,,,,,,,10,,,2023-02-11,,,,,,,,,,,,"2, 3, 3, 1, 1, 0, 0, 0, 0, 0, 0, 0, 0, 0, 0, 1, 4, 0, 0, 0, 1, 3, 1, 1",3,
194,water fountain for cat stainless steel,ca,,,,,,,,,,,2026-02-04,,,,,,,,,,,,"0, 0, 0, 0, 0, 0, 0, 0, 0, 0, 0, 0, 0, 0, 0, 0, 0, 1, 0, 0, 0, 0, 0, 2",2,
195,how to get your cat to use a water fountain,ca,,,,,,,,,,,2020-06-08,,,,,,,,,,,,"0, 2, 0, 0, 0, 0, 0, 0, 0, 0, 0, 0, 0, 0, 0, 0, 0, 0, 0, 0, 0, 0, 0, 0",1,
196,cat drinking running water fountain,ca,,,,,,,,10,,,2026-03-23,,,,,,,,,,,,"0, 0, 0, 0, 0, 0, 0, 0, 0, 0, 0, 0, 0, 0, 0, 0, 0, 0, 2, 4, 0, 0, 0, 0",1,
197,solar cat water fountain,ca,,,,,,,,50,,,2020-04-12,,,,,,,,,,,,"0, 0, 0, 0, 2, 2, 0, 2, 5, 5, 0, 0, 0, 0, 0, 1, 0, 1, 1, 1, 3, 1, 1, 3",2,
198,cat water fountain no filter required,ca,,,,,,,,30,,,2025-09-20,,,,,,,,,,,,"0, 0, 0, 0, 0, 0, 0, 0, 0, 0, 0, 0, 1, 0, 1, 1, 0, 2, 4, 0, 1, 3, 0, 0",2,
199,cat it design water fountain,ca,,,,,,,,,,,2020-02-03,,,,,,,,,,,,"0, 0, 0, 0, 0, 0, 0, 0, 0, 0, 0, 0, 0, 0, 0, 0, 0, 0, 0, 0, 0, 0, 0, 0",1,
200,cat water fountain.,ca,,,,,,,,20,,,2020-08-02,,,,,,,,,,,,"0, 1, 0, 0, 0, 0, 0, 0, 0, 0, 1, 1, 1, 0, 0, 1, 0, 0, 0, 1, 2, 0, 1, 0",2,
201,should i get a cat water fountain,ca,,,,,,,,10,,,2021-03-28,,,,,,,,,,,,"0, 0, 2, 0, 0, 0, 0, 0, 0, 0, 1, 0, 0, 0, 1, 0, 0, 0, 0, 0, 0, 0, 0, 1",1,
202,cat water fountain gets slimy,ca,,,,,,,,30,,,2023-02-11,,,,,,,,,,,,"1, 2, 6, 3, 1, 1, 0, 1, 1, 4, 4, 1, 4, 9, 0, 3, 2, 0, 3, 1, 2, 4, 4, 3",5,
203,petlibro cat water fountain filters,ca,,,,,,,,,,,2023-08-06,,,,,,,,,,,,"0, 0, 0, 0, 0, 0, 0, 0, 0, 0, 0, 0, 0, 0, 0, 0, 0, 0, 0, 0, 0, 0, 0, 0",1,
204,cat water fountain making noise,ca,,,,,,,,20,,,2021-01-04,,,,,,,,,,,,"0, 1, 1, 1, 6, 5, 1, 5, 2, 6, 2, 4, 1, 6, 2, 4, 3, 6, 1, 3, 1, 1, 0, 1",2,
205,philips cat water fountain,ca,,,,,,,,60,,,2025-02-10,,,,,,,,,,,,"0, 0, 0, 0, 0, 3, 0, 0, 0, 1, 0, 0, 0, 1, 0, 0, 2, 1, 1, 0, 0, 0, 3, 0",2,
206,mosquito larvae in cat water fountain,ca,,,,,,,,10,,,2025-07-31,,,,,,,,,,,,"0, 0, 0, 0, 0, 0, 0, 0, 0, 0, 1, 0, 0, 0, 0, 0, 0, 0, 0, 0, 0, 2, 0, 0",2,
207,how to fill cat water fountain,ca,,,,,,,,30,,,2021-03-18,,,,,,,,,,,,"1, 0, 0, 1, 0, 0, 0, 0, 1, 0, 3, 3, 1, 3, 4, 0, 5, 1, 0, 2, 1, 4, 1, 4",4,
208,cat water fountain with no plastic parts,ca,,,,,,,,10,,,2025-09-10,,,,,,,,,,,,"0, 0, 0, 0, 0, 0, 0, 0, 0, 0, 0, 0, 3, 2, 0, 0, 0, 0, 0, 0, 2, 1, 1, 0",2,
209,giotohun cat water fountain instructions,ca,,,,,,,,10,,,2024-09-12,,,,,,,,,,,,"5, 0, 0, 3, 4, 2, 2, 1, 3, 1, 0, 5, 0, 3, 2, 11, 9, 5, 0, 0, 2, 0, 2, 2",2,
210,ceramic cat water fountain reviews,ca,,,,,,,,30,,,2025-07-23,,,,,,,,,,,,"0, 0, 0, 0, 0, 0, 0, 0, 0, 0, 1, 3, 2, 0, 4, 2, 1, 0, 0, 0, 0, 0, 1, 0",1,
211,downypaws cat water fountain,ca,,,,,,,,,,,2025-04-27,,,,,,,,,,,,"0, 0, 0, 0, 0, 0, 0, 1, 0, 1, 0, 0, 1, 1, 1, 0, 1, 1, 3, 1, 1, 1, 0, 3",2,
212,pawtners stainless steel cat water fountain,ca,,,,,,,,10,,,2025-08-05,,,,,,,,,,,,"0, 0, 0, 0, 0, 0, 0, 0, 0, 0, 0, 4, 0, 2, 1, 0, 0, 0, 1, 0, 0, 0, 0, 0",1,
213,cat water fountain battery operated,ca,0,,0.30,,cordless cat water fountain,2026-09-19 10:41:29,"Sitelinks,Shopping,Thumbnail,AI Overview,People also ask,Video preview",200,10,10,2018-02-04,,,,,,,,,,"Informational,Commercial,Transactional,Non-branded,Non-local",English,"27, 6, 18, 8, 6, 3, 1, 2, 0, 4, 10, 11, 4, 3, 1, 2, 0, 1, 3, 6, 2, 2, 10, 0",5,Pet food
214,paw perfect dog and cat water fountain,ca,,,,,,,,,,,2021-12-01,,,,,,,,,,,,"0, 0, 0, 0, 0, 0, 0, 0, 0, 0, 0, 0, 0, 0, 0, 0, 0, 0, 0, 0, 0, 0, 0, 0",1,
215,mospro flower cat water fountain,ca,,,,,,,,,,,2020-07-29,,,,,,,,,,,,"0, 0, 0, 0, 0, 0, 0, 0, 0, 0, 0, 0, 0, 0, 0, 0, 0, 0, 0, 0, 0, 0, 0, 0",1,
216,cat water fountain with reusable filter,ca,,,,,,,,40,,,2021-04-03,,,,,,,,,,,,"2, 1, 1, 6, 5, 1, 1, 1, 2, 1, 2, 2, 3, 0, 0, 8, 9, 6, 4, 2, 8, 1, 2, 4",3,
217,easiest cat water fountain to clean,ca,,,,,,,,40,,,2018-11-28,,,,,,,,,,,,"1, 0, 0, 0, 0, 0, 1, 1, 1, 0, 3, 4, 1, 1, 2, 2, 2, 1, 0, 0, 0, 0, 6, 5",4,
218,fresh flow deluxe cat water fountain,ca,,,,,,,,,,,2020-01-12,,,,,,,,,,,,"0, 0, 0, 0, 0, 0, 0, 0, 0, 0, 0, 0, 0, 0, 0, 0, 0, 0, 0, 0, 0, 0, 0, 0",1,
219,cat water fountain bubbles,ca,,,,,,,,30,,,2019-05-24,,,,,,,,,,,,"0, 0, 0, 1, 0, 0, 0, 2, 0, 3, 5, 1, 2, 1, 0, 2, 2, 2, 0, 0, 0, 1, 2, 3",3,
220,lulumiao cat water fountain,ca,,,,,,,,,,,2024-06-02,,,,,,,,,,,,"0, 0, 0, 0, 0, 0, 0, 0, 3, 0, 0, 0, 0, 0, 0, 0, 0, 0, 0, 0, 0, 0, 0, 0",1,
221,how to get a cat to drink from a water fountain,ca,,,,,,,,40,,,2020-12-09,,,,,,,,,,,,"4, 5, 8, 9, 8, 1, 4, 4, 6, 2, 12, 4, 3, 4, 1, 3, 4, 4, 4, 2, 5, 1, 4, 0",3,
222,veken stainless steel cat water fountain review,ca,,,,,,,,,,,2025-07-06,,,,,,,,,,,,"0, 0, 0, 0, 0, 0, 0, 0, 0, 0, 7, 1, 0, 1, 0, 0, 2, 0, 2, 1, 0, 0, 0, 0",1,
223,pink bacteria in cat water fountain,ca,,,,,,,,10,,,2023-12-12,,,,,,,,,,,,"2, 1, 1, 0, 0, 1, 1, 0, 1, 1, 0, 1, 0, 2, 2, 0, 2, 1, 0, 0, 0, 0, 2, 1",2,
224,modern cat water fountain stainless steel,ca,,,,,,,,10,,,2026-03-06,,,,,,,,,,,,"0, 0, 0, 0, 0, 0, 0, 0, 0, 0, 0, 0, 0, 0, 0, 0, 0, 0, 2, 1, 2, 1, 0, 0",2,
225,pretty cat water fountain,ca,,,,,,,,20,,,2020-04-26,,,,,,,,,,,,"1, 0, 0, 0, 0, 0, 0, 3, 0, 0, 0, 0, 0, 0, 0, 1, 3, 1, 0, 2, 3, 2, 0, 0",2,
226,fofnon cat water fountain instructions,ca,,,,,,,,,,,2024-07-15,,,,,,,,,,,,"6, 10, 17, 10, 14, 5, 1, 1, 3, 0, 3, 0, 0, 0, 0, 0, 0, 0, 0, 0, 0, 0, 0, 0",1,
227,best cat drinking water fountain,ca,,,,,,,,100,,,2021-03-07,,,,,,,,,,,,"0, 1, 2, 2, 1, 1, 1, 0, 0, 2, 3, 2, 1, 1, 1, 1, 0, 0, 0, 0, 1, 3, 0, 1",2,
228,cat tips over water fountain,ca,,,,,,,,,,,2023-01-14,,,,,,,,,,,,"0, 0, 0, 0, 3, 2, 0, 0, 0, 0, 0, 0, 0, 0, 0, 0, 0, 0, 0, 0, 0, 0, 0, 0",1,
229,keep cat water fountain clean,ca,,,,,,,,,,,2023-10-22,,,,,,,,,,,,"3, 0, 0, 0, 0, 0, 0, 0, 0, 0, 0, 0, 0, 0, 0, 0, 0, 0, 0, 0, 0, 0, 0, 0",1,
230,cat flower water fountain instructions,ca,,,,,,,,10,,,2021-05-03,,,,,,,,,,,,"1, 0, 1, 0, 0, 1, 0, 0, 0, 0, 0, 2, 0, 0, 2, 5, 0, 1, 0, 0, 0, 1, 0, 1",2,
231,zen cat water fountain,ca,,,,,,,,,,,2021-07-26,,,,,,,,,,,,"0, 0, 0, 0, 0, 0, 0, 0, 0, 1, 0, 0, 0, 0, 0, 0, 0, 0, 0, 0, 0, 0, 0, 0",1,
232,best cat automatic water fountain,ca,,,,,,,,10,,,2026-06-10,,,,,,,,,,,,"0, 0, 0, 0, 0, 0, 0, 0, 0, 0, 0, 0, 0, 0, 0, 0, 0, 0, 0, 0, 0, 1, 3, 0",2,
233,cat water fountain bacteria,ca,,,,,,,,20,,,2021-04-04,,,,,,,,,,,,"3, 2, 1, 3, 2, 1, 0, 1, 1, 0, 1, 0, 5, 9, 2, 1, 6, 2, 1, 6, 9, 1, 0, 1",2,
234,cat water fountain pet smart,ca,,,,,,,,10,,,2021-09-24,,,,,,,,,,,,"1, 2, 1, 0, 2, 0, 0, 3, 5, 6, 2, 0, 0, 0, 1, 0, 0, 0, 1, 0, 0, 0, 2, 1",2,
235,deeipet cat water fountain,ca,,,,,,,,,,,2024-03-04,,,,,,,,,,,,"2, 0, 0, 0, 0, 1, 0, 0, 0, 0, 0, 0, 0, 0, 0, 0, 0, 0, 0, 0, 0, 0, 0, 0",1,
236,filters for cat mate water fountain,ca,,,,,,,,,,,2022-08-16,,,,,,,,,,,,"0, 0, 0, 0, 0, 0, 0, 0, 0, 0, 0, 0, 0, 0, 0, 0, 0, 0, 0, 0, 0, 0, 0, 0",1,
237,miaustore dog & cat ceramic water fountain,ca,,,,,,,,,,,2022-01-15,,,,,,,,,,,,"0, 0, 0, 0, 0, 0, 0, 0, 0, 0, 0, 0, 0, 0, 0, 0, 0, 0, 0, 0, 0, 0, 0, 0",1,
238,is stainless steel cat water fountain better,ca,,,,,,,,10,,,2025-06-18,,,,,,,,,,,,"0, 0, 0, 0, 0, 0, 0, 0, 0, 2, 2, 1, 3, 1, 2, 3, 2, 1, 1, 0, 0, 0, 0, 0",1,
239,best cat water fountain reddit 2021,ca,,,,,,,,,,,2021-09-22,,,,,,,,,,,,"0, 0, 0, 0, 0, 0, 0, 0, 0, 0, 0, 0, 0, 0, 0, 0, 0, 0, 0, 0, 0, 0, 0, 0",1,
240,petlibro stainless steel cat water fountain,ca,,,,,,,,30,,,2025-03-02,,,,,,,,,,,,"0, 0, 0, 0, 0, 0, 1, 0, 0, 2, 5, 4, 2, 0, 4, 0, 0, 4, 1, 1, 1, 5, 5, 1",4,
241,cat water fountain pink,ca,,,,,,,,40,,,2021-07-16,,,,,,,,,,,,"5, 2, 4, 1, 1, 1, 3, 0, 0, 0, 1, 1, 4, 5, 1, 1, 5, 1, 3, 3, 2, 2, 2, 2",3,
242,petlibro dockstream cordless cat water fountain,ca,,,,,,,,40,,,2025-07-17,,,,,,,,,,,,"0, 0, 0, 0, 0, 0, 0, 0, 0, 0, 3, 0, 1, 0, 0, 0, 0, 0, 0, 1, 3, 1, 7, 2",5,
243,rellaty cat water fountain review,ca,,,,,,,,,,,2023-08-16,,,,,,,,,,,,"1, 1, 0, 0, 0, 1, 0, 0, 0, 0, 0, 0, 0, 0, 0, 0, 0, 0, 0, 0, 0, 0, 0, 0",1,
244,cat drinking water from fountain,ca,,,,,,,,60,,,2026-01-31,,,,,,,,,,,,"0, 0, 0, 0, 0, 0, 0, 0, 0, 0, 0, 0, 0, 0, 0, 0, 1, 3, 3, 0, 3, 4, 2, 0",3,
245,cat water fountain vet recommended,ca,,,,,,,,,,,2026-06-28,,,,,,,,,,,,"0, 0, 0, 0, 0, 0, 0, 0, 0, 0, 0, 0, 0, 0, 0, 0, 0, 0, 0, 0, 0, 1, 2, 3",3,
246,cat water fountain not pumping water,ca,,,,,,,,10,,,2024-03-16,,,,,,,,,,,,"3, 3, 1, 0, 0, 2, 0, 0, 1, 1, 0, 0, 1, 0, 1, 0, 0, 0, 0, 0, 3, 4, 5, 8",7,
247,cat water fountain silent,ca,,,,,,,,20,,,2021-11-08,,,,,,,,,,,,"2, 1, 1, 2, 0, 0, 2, 0, 6, 2, 2, 1, 0, 0, 2, 2, 0, 2, 1, 1, 4, 0, 1, 0",2,
248,best affordable cat water fountain,ca,,,,,,,,20,,,2024-05-28,,,,,,,,,,,,"0, 0, 1, 2, 0, 0, 0, 0, 1, 5, 4, 0, 1, 1, 0, 2, 1, 0, 0, 1, 1, 0, 0, 3",2,
249,cat water fountain increase water intake study,ca,,,,,,,,10,,,2025-12-20,,,,,,,,,,,,"0, 0, 0, 0, 0, 0, 0, 0, 0, 0, 0, 0, 0, 0, 0, 2, 0, 1, 0, 0, 0, 1, 0, 0",1,
250,cat water fountain bed bath and beyond,ca,,,,,,,,,,,2018-08-04,,,,,,,,,,,,"0, 0, 0, 0, 0, 0, 0, 0, 0, 0, 0, 0, 0, 0, 0, 0, 0, 0, 0, 0, 0, 0, 0, 0",1,
251,cat water fountain drinking pet,ca,,,,,,,,10,,,2026-03-22,,,,,,,,,,,,"0, 0, 0, 0, 0, 0, 0, 0, 0, 0, 0, 0, 0, 0, 0, 0, 0, 0, 2, 3, 0, 0, 0, 0",1,
252,cat drinking water fountain home,ca,,,,,,,,30,,,2026-03-17,,,,,,,,,,,,"0, 0, 0, 0, 0, 0, 0, 0, 0, 0, 0, 0, 0, 0, 0, 0, 0, 0, 2, 9, 3, 1, 1, 0",2,
253,cat water fountain nearby,ca,,,,,,,,800,,,2023-07-24,,,,,,4.64,9.97,23.46,,,,"16, 12, 17, 16, 11, 3, 2, 5, 3, 10, 3, 7, 11, 4, 3, 7, 6, 0, 0, 0, 2, 1, 0, 0",2,
254,non plastic cat water fountain,ca,,,,,,,,20,,,2021-03-18,,,,,,,,,,,,"1, 1, 0, 0, 0, 0, 1, 0, 1, 3, 0, 0, 0, 0, 4, 1, 3, 3, 0, 1, 1, 0, 0, 0",1,
255,qiuqiu cat water fountain,ca,,,,,,,,,,,2021-11-23,,,,,,,,,,,,"0, 0, 0, 0, 0, 0, 0, 0, 0, 0, 0, 0, 0, 0, 0, 0, 0, 0, 0, 0, 0, 0, 0, 0",1,
256,petstay cat water fountain,ca,,,,,,,,,,,2024-06-02,,,,,,,,,,,,"0, 0, 0, 0, 0, 0, 0, 0, 0, 0, 0, 0, 0, 0, 0, 0, 0, 0, 0, 0, 0, 0, 0, 0",1,
257,feel needy cat water fountain manual pdf,ca,,,,,,,,,,,2025-04-05,,,,,,,,,,,,"0, 0, 0, 0, 0, 0, 0, 4, 1, 0, 0, 0, 0, 0, 0, 0, 0, 0, 0, 0, 0, 0, 0, 0",1,
258,cat is scared of water fountain,ca,,,,,,,,10,,,2022-08-19,,,,,,,,,,,,"2, 2, 2, 6, 1, 2, 0, 1, 2, 0, 3, 2, 2, 1, 0, 0, 0, 1, 1, 0, 1, 0, 2, 0",2,
259,best cat water fountain amazon 2026,ca,,,,,,,,,,,2026-05-02,,,,,,,,,,,,"0, 0, 0, 0, 0, 0, 0, 0, 0, 0, 0, 0, 0, 0, 0, 0, 0, 0, 0, 0, 2, 2, 0, 0",2,
260,cat metal water fountain,ca,,,,,,,,60,,,2022-10-08,,,,,,,,,,,,"1, 10, 0, 1, 1, 3, 1, 0, 1, 7, 0, 1, 4, 2, 1, 9, 4, 3, 0, 3, 9, 7, 5, 6",6,
261,splash proof cat water fountain,ca,,,,,,,,10,,,2025-05-23,,,,,,,,,,,,"0, 0, 0, 0, 0, 0, 0, 0, 1, 0, 0, 0, 5, 0, 1, 0, 1, 0, 0, 0, 0, 1, 0, 0",2,
262,cat water fountain sale,ca,,,,,,,,20,,,2022-02-07,,,,,,,,,,,,"3, 0, 0, 2, 0, 0, 0, 0, 0, 0, 0, 1, 0, 0, 1, 1, 0, 0, 1, 0, 1, 1, 3, 0",3,
263,how to train your cat to use a water fountain,ca,,,,,,,,,,,2024-03-17,,,,,,,,,,,,"1, 2, 0, 0, 0, 0, 0, 0, 0, 0, 0, 0, 0, 0, 0, 0, 0, 0, 0, 0, 0, 0, 0, 0",1,
264,best cat water fountain 2025 reviews,ca,,,,,,,,30,,,2025-06-06,,,,,,,,,,,,"0, 0, 0, 0, 0, 0, 0, 0, 0, 17, 17, 3, 0, 0, 1, 6, 1, 0, 0, 0, 0, 0, 0, 0",1,
265,tomxcute cat water fountain replacement parts,ca,,,,,,,,,,,2023-03-29,,,,,,,,,,,,"0, 0, 0, 0, 0, 0, 0, 0, 0, 0, 0, 0, 0, 0, 0, 0, 0, 0, 0, 0, 0, 0, 0, 0",1,
266,cat water fountain dispenser,ca,,,,,,,,30,,,2022-10-04,,,,,,,,,,,,"1, 0, 1, 0, 1, 0, 1, 0, 0, 0, 0, 2, 0, 0, 1, 0, 2, 1, 1, 0, 0, 0, 0, 0",1,
267,best water fountain cat,ca,,,,,,,,30,,,2020-06-20,,,,,,,,,,,,"3, 2, 1, 4, 2, 1, 2, 0, 0, 0, 2, 3, 0, 3, 0, 3, 2, 0, 2, 4, 5, 1, 2, 3",3,
268,how often to replace water in cat fountain,ca,,,,,,,,20,,,2024-09-03,,,,,,,,,,,,"3, 1, 1, 0, 1, 1, 0, 1, 0, 0, 0, 1, 0, 2, 2, 3, 1, 3, 2, 0, 3, 4, 3, 5",6,
269,cat water fountain not working after cleaning,ca,,,,,,,,30,,,2024-07-23,,,,,,,,,,,,"4, 7, 4, 4, 0, 8, 0, 0, 1, 1, 2, 2, 4, 4, 8, 2, 1, 5, 1, 3, 7, 1, 5, 11",6,
270,cat mate fresh water drinking fountain,ca,,,,,,,,,,,2020-11-05,,,,,,,,,,,,"0, 0, 0, 0, 0, 0, 0, 0, 0, 0, 0, 0, 0, 0, 0, 0, 0, 0, 0, 0, 0, 0, 0, 0",1,
271,cat water fountain solar,ca,,,,,,,,,,,2020-09-01,,,,,,,,,,,,"0, 0, 0, 0, 0, 0, 0, 0, 0, 0, 0, 0, 0, 0, 0, 0, 0, 0, 0, 0, 0, 0, 0, 0",1,
272,cepheus cat water fountain,ca,,,,,,,,,,,2022-09-30,,,,,,,,,,,,"2, 0, 0, 0, 0, 0, 0, 0, 0, 0, 0, 0, 0, 0, 0, 0, 0, 0, 0, 0, 0, 1, 1, 1",2,
273,kitty cat water fountain,ca,,,,,,,,10,,,2020-10-28,,,,,,,,,,,,"0, 0, 0, 0, 0, 0, 0, 0, 1, 0, 1, 1, 0, 0, 0, 1, 1, 1, 0, 0, 0, 0, 1, 0",1,
274,can a water fountain make a cat sick,ca,,,,,,,,,,,2026-06-17,,,,,,,,,,,,"0, 0, 0, 0, 0, 0, 0, 0, 0, 0, 0, 0, 0, 0, 0, 0, 0, 0, 0, 0, 0, 3, 2, 0",3,
275,worm in cat water fountain,ca,,,,,,,,,,,2024-07-13,,,,,,,,,,,,"0, 0, 0, 0, 0, 0, 0, 0, 0, 0, 0, 0, 0, 0, 0, 0, 0, 0, 0, 0, 0, 0, 0, 0",1,
276,petgugu cat water fountain,ca,,,,,,,,10,,,2025-07-17,,,,,,,,,,,,"0, 0, 0, 0, 0, 0, 0, 0, 0, 0, 2, 4, 3, 1, 1, 1, 0, 4, 0, 1, 1, 0, 0, 0",1,
277,best small cat water fountain,ca,,,,,,,,20,,,2021-02-20,,,,,,,,,,,,"1, 0, 1, 0, 0, 0, 0, 0, 0, 0, 0, 1, 0, 0, 0, 0, 1, 0, 1, 0, 1, 0, 0, 0",1,
278,fresh flow cat water fountain reviews,ca,,,,,,,,30,,,2026-04-16,,,,,,,,,,,,"0, 0, 0, 0, 0, 0, 0, 0, 0, 0, 0, 0, 0, 0, 0, 0, 0, 0, 0, 3, 6, 3, 1, 1",3,
279,well to be cat water fountain,ca,,,,,,,,,,,2021-01-13,,,,,,,,,,,,"0, 0, 0, 0, 0, 0, 0, 0, 0, 0, 0, 0, 0, 0, 0, 0, 0, 0, 0, 0, 0, 0, 0, 0",1,
280,drinkie cat water fountain,ca,,,,,,,,,,,2021-08-13,,,,,,,,,,,,"0, 0, 0, 0, 0, 0, 0, 0, 0, 0, 0, 0, 0, 0, 0, 0, 0, 0, 0, 0, 0, 0, 0, 0",1,
281,ceramic cat water fountain no filter,ca,,,,,,,,40,,,2021-09-03,,,,,,,,,,,,"0, 0, 0, 1, 0, 0, 0, 2, 3, 1, 5, 1, 0, 1, 1, 3, 2, 8, 0, 1, 1, 0, 0, 0",1,
282,cat water fountain dishwasher safe,ca,,,,,,,,50,,,2020-06-08,,,,,,,,,,,,"2, 2, 1, 1, 1, 2, 0, 2, 2, 2, 2, 2, 4, 0, 6, 5, 6, 4, 5, 5, 5, 3, 2, 6",5,
283,benefits stainless steel cat water fountain,ca,,,,,,,,10,,,2025-10-30,,,,,,,,,,,,"0, 0, 0, 0, 0, 0, 0, 0, 0, 0, 0, 0, 0, 3, 5, 0, 0, 0, 0, 0, 0, 0, 0, 0",1,
284,cat water fountain without filters,ca,,,,,,,,30,,,2024-12-16,,,,,,,,,,,,"0, 0, 0, 2, 2, 0, 2, 0, 0, 0, 1, 0, 0, 1, 1, 4, 0, 0, 0, 0, 4, 1, 0, 0",2,
285,best multi cat water fountain,ca,,,,,,,,20,,,2020-01-23,,,,,,,,,,,,"0, 0, 1, 0, 0, 0, 0, 0, 4, 1, 0, 1, 1, 0, 0, 1, 0, 1, 3, 0, 0, 0, 2, 0",2,
286,cat water fountain vs bowl,ca,,,,,,,,40,,,2016-02-15,,,,,,,,,,,,"2, 2, 0, 1, 0, 0, 1, 2, 2, 0, 3, 2, 0, 2, 2, 2, 8, 7, 7, 1, 2, 3, 6, 6",8,
287,cat water fountain shopify,ca,,,,,,,,,,,2023-03-11,,,,,,,,,,,,"0, 0, 0, 0, 0, 0, 0, 0, 0, 0, 0, 0, 0, 0, 0, 0, 0, 0, 0, 0, 0, 0, 0, 0",1,
288,top cat water fountain,ca,,,,,,,,,,,2024-05-25,,,,,,,,,,,,"0, 0, 0, 0, 0, 0, 0, 0, 0, 0, 0, 0, 1, 0, 0, 0, 0, 0, 0, 0, 1, 0, 1, 0",2,
289,cat water fountain not plastic,ca,,,,,,,,,,,2020-07-01,,,,,,,,,,,,"0, 0, 0, 0, 0, 0, 0, 0, 0, 0, 0, 0, 0, 0, 0, 0, 0, 0, 0, 0, 0, 0, 0, 0",1,
290,catit pixi stainless steel cat water fountain,ca,,,,,,,,10,,,2026-05-31,,,,,,,,,,,,"0, 0, 0, 0, 0, 0, 0, 0, 0, 0, 0, 0, 0, 0, 0, 0, 0, 0, 0, 0, 1, 0, 7, 1",3,
291,how to make my cat drink from water fountain,ca,,,,,,,,20,,,2024-02-17,,,,,,,,,,,,"4, 2, 5, 4, 5, 4, 2, 4, 4, 1, 11, 2, 0, 2, 1, 2, 5, 1, 2, 3, 3, 2, 2, 0",3,
292,cat water fountain stainless steel reviews,ca,,,,,,,,20,,,2025-07-06,,,,,,,,,,,,"0, 0, 0, 0, 0, 0, 0, 0, 0, 0, 3, 0, 1, 2, 4, 3, 1, 1, 1, 2, 2, 3, 1, 0",2,
293,cat drinking water fountain pet,ca,,,,,,,,10,,,2026-03-24,,,,,,,,,,,,"0, 0, 0, 0, 0, 0, 0, 0, 0, 0, 0, 0, 0, 0, 0, 0, 0, 0, 2, 2, 0, 0, 0, 0",1,
294,small ceramic cat water fountain,ca,,,,,,,,,,,2019-07-09,,,,,,,,,,,,"0, 0, 0, 0, 0, 0, 0, 0, 0, 0, 0, 0, 0, 0, 0, 0, 0, 0, 0, 0, 0, 0, 0, 0",1,
295,cat drinking from water fountain home,ca,,,,,,,,,,,2026-03-30,,,,,,,,,,,,"0, 0, 0, 0, 0, 0, 0, 0, 0, 0, 0, 0, 0, 0, 0, 0, 0, 0, 1, 3, 1, 1, 0, 0",1,
296,cat water fountain stainless steel 2l,ca,,,,,,,,,,,2026-03-17,,,,,,,,,,,,"0, 0, 0, 0, 0, 0, 0, 0, 0, 0, 0, 0, 0, 0, 0, 0, 0, 0, 2, 3, 0, 0, 1, 0",1,
297,dog cat water fountain,ca,,,,,,,,50,,,2020-05-01,,,,,,,,,,,,"2, 1, 2, 1, 5, 2, 1, 0, 2, 2, 2, 0, 0, 0, 1, 0, 0, 0, 0, 0, 0, 0, 0, 0",1,
298,cat water fountain with app,ca,,,,,,,,20,,,2018-12-01,,,,,,,,,,,,"0, 1, 0, 0, 3, 4, 1, 4, 0, 1, 0, 1, 1, 0, 2, 5, 4, 0, 2, 1, 0, 0, 0, 0",1,
299,pet water fountain flowing water cat,ca,,,,,,,,10,,,2026-03-22,,,,,,,,,,,,"0, 0, 0, 0, 0, 0, 0, 0, 0, 0, 0, 0, 0, 0, 0, 0, 0, 0, 6, 7, 2, 0, 0, 0",1,
300,cheerble cat water fountain,ca,,,,,,,,10,,,2025-08-09,,,,,,,,,,,,"0, 0, 0, 0, 0, 0, 0, 0, 0, 0, 0, 1, 0, 0, 0, 0, 3, 0, 0, 0, 1, 4, 2, 0",3,
301,cat water fountain stainless steal,ca,,,,,,,,20,,,2021-09-01,,,,,,,,,,,,"0, 0, 0, 0, 0, 0, 0, 0, 0, 0, 0, 0, 0, 0, 0, 0, 0, 0, 0, 0, 0, 1, 0, 0",1,
302,small cat fountain water bowl,ca,,,,,,,,10,,,2023-10-21,,,,,,,,,,,,"0, 0, 0, 0, 0, 0, 0, 1, 0, 0, 1, 0, 0, 0, 1, 0, 1, 0, 0, 0, 0, 0, 0, 0",1,
303,cat water fountain making cat sick,ca,,,,,,,,,,,2020-08-26,,,,,,,,,,,,"1, 1, 1, 0, 0, 1, 0, 0, 0, 0, 0, 0, 0, 0, 0, 0, 0, 0, 0, 0, 0, 0, 0, 0",1,
304,aonboy cat water fountain free filters,ca,,,,,,,,,,,2023-09-12,,,,,,,,,,,,"0, 0, 0, 0, 0, 0, 0, 0, 0, 0, 0, 0, 0, 0, 0, 0, 0, 0, 0, 0, 0, 0, 0, 0",1,
305,is young cat water fountain instructions,ca,,,,,,,,,,,2021-04-04,,,,,,,,,,,,"0, 0, 0, 0, 0, 0, 0, 0, 0, 0, 0, 0, 0, 0, 0, 0, 0, 0, 0, 0, 0, 0, 0, 0",1,
306,best stainless steel cat water fountain 2022,ca,,,,,,,,,,,2022-08-28,,,,,,,,,,,,"0, 0, 0, 0, 0, 0, 0, 0, 0, 0, 0, 0, 0, 0, 0, 0, 0, 0, 0, 0, 0, 0, 0, 0",1,
307,orsda cat water fountain stainless steel,ca,,,,,,,,,,,2020-12-07,,,,,,,,,,,,"0, 0, 0, 0, 0, 0, 0, 0, 0, 0, 0, 0, 0, 0, 0, 0, 0, 0, 0, 0, 0, 0, 0, 0",1,
308,how to put cat water fountain together,ca,,,,,,,,,,,2025-10-22,,,,,,,,,,,,"0, 0, 0, 0, 0, 0, 0, 0, 0, 0, 0, 0, 0, 2, 0, 0, 1, 0, 1, 1, 0, 0, 0, 1",1,
309,cheap cat water fountain,ca,,,,,,,,60,,,2019-02-10,,,,,,,,,,,,"2, 2, 1, 1, 0, 0, 0, 0, 0, 2, 2, 3, 0, 6, 0, 2, 0, 0, 1, 1, 3, 1, 2, 2",2,
310,cat cold water fountain,ca,,,,,,,,10,,,2017-09-02,,,,,,,,,,,,"3, 0, 0, 0, 0, 0, 0, 0, 0, 0, 0, 2, 2, 0, 0, 0, 0, 0, 0, 0, 0, 0, 0, 0",1,
311,cat water fountain parts,ca,,,,,,,,30,,,2022-04-03,,,,,,,,,,,,"3, 2, 2, 3, 5, 1, 5, 5, 3, 1, 1, 1, 1, 0, 2, 3, 4, 1, 8, 0, 4, 1, 4, 4",3,
312,uah cat water fountain not working,ca,,,,,,,,,,,2023-10-16,,,,,,,,,,,,"0, 0, 0, 0, 0, 0, 0, 0, 0, 0, 0, 0, 0, 0, 0, 0, 0, 0, 0, 0, 0, 0, 0, 0",1,
313,orsda cat water fountain,ca,,,0.30,,,,,10,,,2020-12-22,,,,,,,,,,"Commercial,Transactional,Branded,Non-local",English,"8, 7, 15, 10, 0, 9, 2, 5, 9, 13, 2, 0, 2, 0, 2, 0, 0, 0, 1, 0, 1, 0, 0, 2",2,Pet food
314,mushroom cat water fountain,ca,,,,,,,,30,,,2021-01-24,,,,,,,,,,,,"2, 0, 1, 0, 1, 1, 0, 4, 1, 2, 1, 0, 0, 0, 4, 1, 0, 0, 0, 0, 1, 0, 0, 0",1,
315,cat fountain how often change water,ca,,,,,,,,10,,,2018-06-06,,,,,,,,,,,,"2, 1, 1, 0, 1, 1, 2, 0, 3, 2, 6, 1, 3, 3, 0, 2, 4, 0, 0, 0, 0, 1, 1, 3",2,
316,no pump cat water fountain,ca,,,,,,,,20,,,2024-12-26,,,,,,,,,,,,"0, 0, 0, 1, 1, 0, 0, 0, 0, 0, 5, 0, 0, 0, 0, 1, 5, 0, 2, 0, 2, 4, 0, 0",2,
317,automatic cat feeder and water fountain,ca,,,,,,,,70,,,2022-04-14,,,,,,,,,,,,"3, 3, 8, 4, 2, 1, 3, 4, 3, 2, 4, 3, 1, 2, 2, 8, 3, 1, 2, 7, 2, 2, 5, 0",3,
318,clean water cat fountain,ca,,,,,,,,,,,2024-12-22,,,,,,,,,,,,"0, 0, 0, 4, 1, 1, 2, 0, 0, 0, 0, 0, 0, 0, 0, 0, 0, 0, 0, 0, 0, 0, 1, 0",1,
319,aerb cat water fountain,ca,,,,,,,,,,,2021-08-02,,,,,,,,,,,,"0, 0, 0, 0, 0, 0, 0, 0, 0, 0, 0, 0, 0, 0, 0, 0, 0, 0, 0, 0, 0, 0, 0, 0",1,
320,reality cat water fountain,ca,,,,,,,,20,,,2023-07-17,,,,,,,,,,,,"0, 0, 0, 1, 1, 0, 1, 0, 0, 0, 0, 1, 0, 0, 0, 0, 0, 0, 0, 0, 0, 0, 0, 0",1,
321,why does my cat scratch the water fountain,ca,,,,,,,,,,,2023-11-14,,,,,,,,,,,,"0, 1, 0, 3, 1, 2, 0, 0, 0, 0, 0, 0, 0, 0, 0, 0, 0, 0, 0, 0, 0, 0, 0, 0",1,
322,motorless cat water fountain,ca,,,,,,,,30,,,2025-10-02,,,,,,,,,,,,"0, 0, 0, 0, 0, 0, 0, 0, 0, 0, 0, 0, 0, 1, 0, 0, 5, 4, 1, 2, 1, 2, 2, 1",2,
323,feel needy cat water fountain not working,ca,,,,,,,,10,,,2026-02-08,,,,,,,,,,,,"0, 0, 0, 0, 0, 0, 0, 0, 0, 0, 0, 0, 0, 0, 0, 0, 0, 4, 2, 0, 0, 0, 2, 2",2,
324,best wireless cat water fountain stainless steel,ca,,,,,,,,40,,,2025-03-10,,,,,,,,,,,,"0, 0, 0, 0, 0, 0, 1, 2, 3, 0, 1, 6, 0, 2, 3, 3, 0, 1, 2, 5, 3, 1, 1, 0",2,
325,blue cat water fountain,ca,,,,,,,,10,,,2021-12-19,,,,,,,,,,,,"1, 0, 0, 0, 0, 1, 2, 0, 0, 2, 1, 3, 1, 0, 0, 1, 0, 3, 2, 0, 1, 1, 1, 0",2,
326,why does my cat play in his water fountain,ca,,,,,,,,10,,,2026-01-21,,,,,,,,,,,,"0, 0, 0, 0, 0, 0, 0, 0, 0, 0, 0, 0, 0, 0, 0, 0, 1, 2, 1, 0, 0, 1, 0, 2",2,
327,best selling cat water fountain,ca,,,,,,,,,,,2025-06-28,,,,,,,,,,,,"0, 0, 0, 0, 0, 0, 0, 0, 0, 1, 1, 1, 1, 0, 0, 0, 0, 0, 0, 2, 0, 0, 0, 1",1,
328,cat water fountain mold,ca,,,,,,,,40,,,2020-06-19,,,,,,,,,,,,"5, 4, 6, 2, 3, 7, 7, 4, 3, 5, 4, 2, 4, 3, 9, 6, 5, 5, 4, 1, 3, 2, 2, 5",4,
329,how to use a cat water fountain,ca,,,,,,,,,,,2021-07-30,,,,,,,,,,,,"0, 0, 0, 0, 0, 0, 0, 0, 0, 0, 0, 1, 0, 0, 0, 0, 0, 0, 0, 0, 0, 0, 0, 0",1,
330,pioneer pet cat water fountain,ca,,,,,,,,10,,,2020-05-26,,,,,,,,,,,,"0, 1, 0, 1, 3, 0, 0, 2, 0, 3, 1, 14, 0, 2, 2, 1, 4, 0, 7, 2, 2, 1, 0, 0",1,
331,my cat is scared of water fountain,ca,,,,,,,,,,,2021-04-17,,,,,,,,,,,,"2, 2, 1, 0, 1, 2, 1, 0, 0, 0, 0, 0, 0, 0, 0, 1, 0, 1, 0, 0, 0, 0, 0, 0",1,
332,my cat keeps knocking over his water fountain,ca,,,,,,,,40,,,2022-09-25,,,,,,,,,,,,"4, 0, 6, 0, 2, 1, 5, 5, 7, 5, 1, 2, 0, 4, 4, 2, 2, 7, 2, 1, 3, 5, 0, 1",3,
333,my cat doesn't drink from water fountain,ca,,,,,,,,,,,2024-05-28,,,,,,,,,,,,"1, 2, 0, 0, 0, 0, 0, 0, 0, 0, 1, 1, 1, 0, 0, 0, 2, 1, 1, 0, 0, 0, 0, 0",1,
334,best metal cat water fountain,ca,,,,,,,,50,,,2023-11-25,,,,,,,,,,,,"0, 2, 0, 0, 2, 1, 1, 1, 6, 1, 2, 2, 1, 1, 0, 6, 1, 1, 2, 4, 0, 3, 1, 3",3,
335,best cat water fountain easy to clean,ca,,,,,,,,70,,,2020-03-10,,,,,,,,,,,,"2, 1, 4, 1, 0, 0, 0, 1, 4, 2, 4, 4, 3, 4, 4, 7, 3, 3, 3, 0, 3, 4, 6, 7",6,
336,beacon pet cat water fountain,ca,,,,,,,,,,,2021-06-04,,,,,,,,,,,,"0, 0, 0, 0, 0, 0, 0, 0, 0, 0, 0, 0, 0, 0, 0, 0, 0, 0, 0, 0, 0, 0, 0, 0",1,
337,cactus water fountain cat,ca,,,,,,,,,,,2021-06-02,,,,,,,,,,,,"0, 0, 0, 0, 0, 0, 0, 0, 0, 0, 0, 0, 0, 0, 0, 0, 0, 0, 0, 0, 0, 0, 0, 0",1,
338,pineapple cat water fountain,ca,,,,,,,,,,,2020-08-25,,,,,,,,,,,,"0, 0, 0, 0, 0, 0, 0, 0, 0, 1, 0, 0, 0, 0, 0, 0, 0, 0, 0, 0, 0, 0, 0, 0",1,
339,2 tank cat water fountain,ca,,,,,,,,10,,,2026-04-12,,,,,,,,,,,,"0, 0, 0, 0, 0, 0, 0, 0, 0, 0, 0, 0, 0, 0, 0, 0, 0, 0, 0, 3, 1, 1, 1, 0",2,
340,cat water fountain filters amazon,ca,,,,,,,,,,,2022-08-15,,,,,,,,,,,,"0, 1, 0, 0, 0, 0, 0, 0, 0, 0, 0, 0, 0, 0, 0, 0, 0, 0, 0, 0, 1, 1, 0, 1",2,
341,anti gravity cat water fountain,ca,,,,,,,,,,,2025-02-03,,,,,,,,,,,,"0, 0, 0, 0, 0, 1, 0, 0, 0, 0, 0, 0, 0, 0, 0, 0, 0, 1, 1, 1, 0, 0, 0, 0",1,
342,cat water fountain porcelain,ca,,,,,,,,20,,,2018-12-14,,,,,,,,,,,,"0, 2, 3, 0, 1, 1, 3, 2, 1, 0, 2, 1, 1, 3, 0, 0, 1, 1, 1, 0, 1, 0, 0, 0",1,
343,cheerble pumpless cat water fountain manual,ca,,,,,,,,,,,2024-12-25,,,,,,,,,,,,"0, 0, 0, 2, 1, 1, 4, 3, 2, 0, 0, 0, 0, 0, 0, 0, 0, 0, 0, 0, 0, 0, 0, 0",1,
344,is young cat water fountain,ca,,,,,,,,,,,2020-04-26,,,,,,,,,,,,"1, 1, 2, 0, 0, 0, 0, 0, 0, 0, 0, 0, 0, 0, 0, 0, 0, 0, 0, 0, 0, 0, 0, 0",1,
345,cat water fountain manual,ca,,,,,,,,10,,,2023-08-08,,,,,,,,,,,,"0, 0, 0, 0, 0, 0, 0, 0, 0, 2, 0, 0, 0, 0, 3, 2, 0, 0, 1, 1, 1, 0, 2, 0",2,
346,black mold in cat water fountain,ca,,,,,,,,10,,,2023-12-13,,,,,,,,,,,,"1, 0, 0, 6, 1, 1, 4, 3, 2, 2, 1, 2, 0, 2, 0, 3, 5, 1, 0, 1, 1, 1, 2, 1",2,
347,surgical grade stainless steel cat water fountain,ca,,,,,,,,,,,2026-06-14,,,,,,,,,,,,"0, 0, 0, 0, 0, 0, 0, 0, 0, 0, 0, 0, 0, 0, 0, 0, 0, 0, 0, 0, 0, 1, 7, 2",4,
348,pet water fountain cat stainless steel,ca,,,,,,,,20,,,2026-03-16,,,,,,,,,,,,"0, 0, 0, 0, 0, 0, 0, 0, 0, 0, 0, 0, 0, 0, 0, 0, 0, 0, 4, 6, 2, 1, 0, 0",2,
349,ebay cat water fountain,ca,,,,,,,,,,,2020-02-16,,,,,,,,,,,,"0, 1, 0, 0, 0, 0, 0, 0, 0, 1, 0, 2, 0, 0, 0, 0, 0, 0, 0, 0, 0, 0, 0, 1",2,
350,how to clean a cat water fountain filter,ca,,,,,,,,10,,,2021-09-21,,,,,,,,,,,,"0, 0, 0, 0, 0, 0, 0, 0, 0, 0, 0, 0, 0, 0, 0, 4, 2, 1, 2, 1, 0, 0, 2, 0",2,
351,npet wf050 cat water fountain,ca,,,,,,,,,,,2021-05-22,,,,,,,,,,,,"0, 0, 0, 0, 0, 0, 0, 0, 0, 0, 0, 0, 0, 0, 0, 0, 0, 0, 0, 0, 0, 0, 0, 0",1,
352,cat water fountain sponge,ca,,,,,,,,,,,2022-11-20,,,,,,,,,,,,"1, 0, 0, 0, 0, 0, 0, 0, 0, 0, 4, 2, 0, 0, 0, 0, 0, 0, 1, 0, 0, 0, 0, 0",1,
353,best cat water fountain with uv light,ca,,,,,,,,60,,,2026-01-13,,,,,,,,,,,,"0, 0, 0, 0, 0, 0, 0, 0, 0, 0, 0, 0, 0, 0, 0, 0, 1, 1, 0, 5, 19, 3, 7, 1",4,
354,cat water fountain separate tanks,ca,,,,,,,,30,,,2025-04-15,,,,,,,,,,,,"0, 0, 0, 0, 0, 0, 0, 4, 4, 2, 4, 1, 0, 0, 0, 4, 0, 0, 0, 0, 3, 1, 2, 1",2,
355,moonlight cat water fountain,ca,,,,,,,,50,,,2022-10-30,,,,,,,,,,,,"0, 0, 0, 0, 0, 0, 0, 0, 0, 0, 0, 0, 0, 0, 0, 0, 0, 0, 0, 0, 0, 0, 0, 0",1,
356,cat water fountain pagoda,ca,,,,,,,,,,,2017-02-26,,,,,,,,,,,,"0, 0, 0, 0, 0, 0, 0, 0, 0, 0, 0, 0, 0, 0, 0, 0, 0, 0, 0, 0, 0, 0, 0, 0",1,
357,cat fountain that dumps water,ca,,,,,,,,,,,2024-12-22,,,,,,,,,,,,"0, 0, 0, 1, 2, 0, 0, 0, 0, 0, 0, 3, 3, 3, 0, 0, 0, 0, 0, 0, 0, 0, 0, 0",1,
358,daisy cat water fountain,ca,,,,,,,,40,,,2020-02-24,,,,,,,,,,,,"0, 1, 0, 0, 1, 0, 0, 1, 0, 1, 4, 3, 1, 0, 2, 3, 4, 1, 3, 1, 5, 3, 0, 2",2,
359,small stainless steel cat water fountain,ca,,,,,,,,30,,,2023-12-31,,,,,,,,,,,,"1, 3, 0, 3, 0, 2, 1, 1, 0, 0, 3, 0, 1, 1, 2, 1, 0, 2, 4, 1, 1, 1, 0, 1",2,
360,running water cat drinking fountain,ca,,,,,,,,,,,2020-08-13,,,,,,,,,,,,"0, 0, 0, 0, 0, 0, 0, 0, 0, 0, 0, 0, 0, 0, 0, 0, 0, 0, 0, 0, 0, 0, 0, 0",1,
361,cat water fountain with motion sensor,ca,,,,,,,,10,,,2020-03-05,,,,,,,,,,,,"0, 3, 0, 1, 4, 1, 1, 0, 2, 1, 0, 1, 1, 0, 0, 0, 1, 0, 0, 0, 0, 0, 0, 0",1,
362,cat water dish fountain,ca,,,0.45,,,,,90,,,2016-06-01,,,,,,,,,,"Informational,Commercial,Transactional,Non-branded,Non-local",English,"14, 10, 2, 1, 13, 6, 1, 1, 5, 3, 12, 13, 2, 0, 1, 6, 6, 2, 3, 1, 0, 0, 2, 2",3,Pet food
363,welltobe cat water fountain,ca,,,,,,,,,,,2020-11-11,,,,,,,,,,,,"0, 0, 0, 0, 0, 0, 0, 0, 0, 0, 0, 0, 0, 0, 0, 0, 0, 0, 0, 0, 0, 0, 0, 0",1,
364,cat electric water fountain,ca,,,,,,,,40,,,2018-08-14,,,,,,,,,,,,"4, 3, 0, 1, 0, 1, 2, 0, 0, 0, 2, 0, 0, 4, 0, 1, 0, 1, 1, 0, 3, 0, 0, 1",1,
365,giotohun cat water fountain filters,ca,,,,,,,,40,,,2024-12-06,,,,,,,,,,,,"0, 0, 0, 1, 0, 1, 2, 5, 4, 4, 5, 10, 3, 3, 3, 1, 2, 1, 1, 0, 1, 0, 0, 0",1,
366,cat water fountain drinkwell,ca,,,,,,,,20,,,2020-04-27,,,,,,,,,,,,"0, 0, 0, 3, 3, 2, 0, 0, 3, 0, 1, 1, 0, 0, 0, 2, 1, 1, 1, 0, 3, 1, 1, 0",2,
367,led cat water fountain,ca,,,,,,,,,,,2020-06-12,,,,,,,,,,,,"0, 0, 0, 0, 0, 0, 0, 0, 0, 0, 0, 0, 0, 0, 0, 0, 1, 0, 0, 0, 0, 0, 0, 0",1,
368,cat water fountain stainless steel modern,ca,,,,,,,,20,,,2026-03-04,,,,,,,,,,,,"0, 0, 0, 0, 0, 0, 0, 0, 0, 0, 0, 0, 0, 0, 0, 0, 0, 0, 10, 6, 2, 0, 0, 0",1,
369,how often change cat water fountain filter,ca,,,,,,,,20,,,2021-03-08,,,,,,,,,,,,"0, 0, 3, 0, 0, 0, 1, 0, 0, 1, 2, 2, 0, 1, 2, 0, 4, 1, 2, 1, 0, 1, 1, 4",3,
370,how to clean cat water fountain with vinegar,ca,,,,,,,,20,,,2025-12-05,,,,,,,,,,,,"0, 0, 0, 0, 0, 0, 0, 0, 0, 0, 0, 0, 0, 0, 0, 3, 2, 3, 5, 2, 4, 2, 5, 2",3,
371,cat fountain water bowl,ca,,,,,,,,500,,,2017-07-24,,,,,,1.49,3.04,6.55,,,,"15, 13, 13, 6, 11, 6, 8, 9, 8, 2, 2, 5, 0, 4, 7, 6, 3, 7, 4, 2, 4, 3, 2, 4",4,
372,petsafe vs petkit cat water fountain comparison,ca,,,,,,,,30,,,2026-06-16,,,,,,,,,,,,"0, 0, 0, 0, 0, 0, 0, 0, 0, 0, 0, 0, 0, 0, 0, 0, 0, 0, 0, 0, 0, 3, 1, 0",2,
373,pet water fountain stainless steel cat,ca,,,,,,,,10,,,2026-03-08,,,,,,,,,,,,"0, 0, 0, 0, 0, 0, 0, 0, 0, 0, 0, 0, 0, 0, 0, 0, 0, 0, 4, 3, 0, 1, 0, 1",2,
374,best cat water fountain wirecutter,ca,,,,,,,,10,,,2022-01-01,,,,,,,,,,,,"0, 0, 0, 0, 0, 0, 0, 0, 0, 0, 0, 0, 0, 0, 0, 0, 0, 0, 0, 0, 0, 1, 0, 0",1,
375,why is cat water fountain not working,ca,,,,,,,,10,,,2026-05-25,,,,,,,,,,,,"0, 0, 0, 0, 0, 0, 0, 0, 0, 0, 0, 0, 0, 0, 0, 0, 0, 0, 0, 0, 2, 1, 2, 0",2,
376,cat water fountain stainless steel quiet pump,ca,,,,,,,,,,,2026-04-22,,,,,,,,,,,,"0, 0, 0, 0, 0, 0, 0, 0, 0, 0, 0, 0, 0, 0, 0, 0, 0, 0, 0, 1, 1, 1, 1, 0",2,
377,cat water fountain stainless steel no filter,ca,,,,,,,,10,,,2025-12-22,,,,,,,,,,,,"0, 0, 0, 0, 0, 0, 0, 0, 0, 0, 0, 0, 0, 0, 0, 1, 0, 3, 0, 2, 1, 0, 0, 0",1,
378,cat sick from water fountain,ca,,,,,,,,,,,2020-11-24,,,,,,,,,,,,"0, 1, 2, 1, 0, 0, 0, 0, 1, 0, 0, 0, 0, 1, 4, 2, 2, 0, 0, 0, 0, 0, 0, 0",1,
379,+cat +water +fountain +review,ca,,,,,,,,,,,2024-04-10,,,,,,,,,,,,"0, 1, 0, 0, 0, 0, 0, 0, 0, 0, 0, 0, 0, 0, 0, 0, 0, 0, 0, 0, 0, 0, 0, 0",1,
380,how to clean cat mate water fountain,ca,,,,,,,,,,,2020-08-25,,,,,,,,,,,,"0, 0, 0, 0, 0, 0, 0, 0, 0, 0, 0, 0, 0, 0, 0, 0, 0, 0, 0, 0, 0, 0, 0, 0",1,
381,usb cat water fountain,ca,,,,,,,,20,,,2019-12-01,,,,,,,,,,,,"0, 3, 2, 0, 0, 1, 1, 0, 2, 1, 2, 0, 0, 0, 0, 0, 4, 0, 0, 0, 0, 1, 2, 0",2,
382,cat water fountain black mold,ca,,,,,,,,,,,2021-10-31,,,,,,,,,,,,"0, 2, 2, 0, 0, 0, 0, 0, 0, 0, 0, 0, 0, 0, 0, 0, 0, 0, 0, 0, 0, 0, 0, 0",1,
383,water fountain cat battery,ca,,,,,,,,,,,2022-09-26,,,,,,,,,,,,"0, 0, 0, 0, 0, 0, 0, 0, 0, 0, 0, 0, 0, 0, 0, 0, 0, 0, 0, 0, 0, 0, 0, 0",1,
384,dooob cat water fountain,ca,0,,0.25,,dooob cat water fountain,2026-08-16 07:07:51,"People also ask,Video preview,Shopping,Thumbnail,Sitelinks,Image pack",10,0,0,2022-11-13,,,,,,,,,,"Informational,Commercial,Transactional,Branded,Non-local",English,"2, 2, 5, 2, 0, 0, 0, 1, 1, 1, 3, 9, 3, 0, 1, 2, 1, 1, 1, 2, 2, 0, 0, 0",1,Pet food
385,freshflow wireless cat water fountain,ca,,,,,,,,,,,2026-08-11,,,,,,,,,,"Informational,Commercial,Transactional,Branded,Non-local",English,"0, 0, 0, 0, 0, 0, 0, 0, 0, 0, 0, 0, 0, 0, 0, 0, 0, 0, 0, 0, 0, 0, 0, 7",3,Pet food
386,mini cat water fountain,ca,,,,,,,,30,,,2020-02-01,,,,,,,,,,,,"4, 5, 4, 5, 4, 4, 2, 1, 1, 1, 6, 2, 2, 0, 1, 1, 2, 1, 4, 6, 1, 8, 1, 3",5,
387,feelneedy cat water fountain review,ca,,,,,,,,,,,2025-07-20,,,,,,,,,,,,"0, 0, 0, 0, 0, 0, 0, 0, 0, 0, 1, 0, 0, 3, 1, 5, 0, 1, 0, 5, 1, 0, 0, 0",1,
388,cat mate water fountain pump not working,ca,,,,,,,,10,,,2020-01-29,,,,,,,,,,,,"0, 0, 0, 0, 0, 0, 0, 0, 0, 1, 0, 0, 0, 0, 0, 0, 0, 0, 1, 0, 1, 0, 0, 0",1,
389,why use a cat water fountain,ca,,,,,,,,,,,2024-07-11,,,,,,,,,,,,"1, 0, 1, 0, 0, 0, 0, 0, 0, 0, 0, 0, 0, 0, 0, 0, 0, 0, 0, 0, 0, 0, 0, 0",1,
390,battery operated cat water fountain walmart,ca,,,,,,,,,,,2021-05-05,,,,,,,,,,,,"0, 0, 0, 0, 0, 0, 0, 0, 0, 0, 0, 0, 0, 0, 0, 0, 0, 0, 0, 0, 0, 0, 0, 0",1,
391,best cat water fountain jackson galaxy,ca,,,,,,,,,,,2022-09-08,,,,,,,,,,,,"0, 0, 0, 0, 0, 0, 0, 0, 0, 0, 0, 0, 0, 0, 0, 0, 0, 0, 0, 0, 0, 0, 0, 1",2,
392,ceramic cat water fountain review,ca,,,,,,,,,,,2025-06-21,,,,,,,,,,,,"0, 0, 0, 0, 0, 0, 0, 0, 0, 3, 5, 0, 0, 1, 0, 0, 0, 0, 0, 0, 0, 0, 0, 0",1,
393,catit cat water fountain replacement filters,ca,,,,,,,,,,,2023-03-14,,,,,,,,,,,,"0, 0, 0, 0, 0, 0, 0, 0, 0, 0, 0, 0, 0, 0, 0, 0, 0, 0, 0, 0, 0, 0, 0, 0",1,
394,petmate cat water fountain,ca,,,,,,,,30,,,2016-08-05,,,,,,,,,,,,"1, 3, 2, 0, 3, 0, 1, 0, 6, 1, 3, 3, 2, 3, 5, 3, 1, 4, 3, 3, 3, 8, 6, 2",5,
395,pet smart cat water fountain,ca,,,,,,,,,,,2021-07-20,,,,,,,,,,,,"1, 0, 3, 0, 0, 0, 0, 1, 0, 0, 0, 0, 0, 0, 0, 1, 0, 0, 2, 0, 0, 0, 0, 0",1,
396,cat pet water fountain,ca,,,,,,,,350,,,2020-06-12,,,,,,4.97,10.87,26.15,,,,"5, 0, 2, 2, 3, 1, 1, 0, 3, 1, 3, 2, 5, 2, 1, 3, 2, 3, 6, 2, 2, 4, 3, 4",4,
397,wholesale cat water fountain exporter,ca,,,,,,,,,,,2024-03-31,,,,,,,,,,,,"0, 0, 0, 0, 0, 0, 0, 0, 0, 0, 0, 0, 0, 0, 0, 0, 0, 0, 0, 0, 0, 0, 0, 0",1,
398,plug in cat water fountain,ca,,,,,,,,10,,,2021-03-20,,,,,,,,,,,,"0, 1, 0, 1, 0, 1, 0, 0, 2, 1, 0, 1, 0, 0, 0, 3, 0, 0, 1, 0, 0, 0, 1, 0",2,
399,orsda cat water fountain filters,ca,,,,,,,,,,,2021-04-24,,,,,,,,,,,,"0, 0, 0, 0, 0, 0, 1, 0, 0, 0, 0, 0, 1, 0, 0, 0, 0, 0, 0, 0, 0, 0, 0, 0",1,
400,cat wont use water fountain,ca,,,,,,,,10,,,2026-07-03,,,,,,,,,,,,"0, 0, 0, 0, 0, 0, 0, 0, 0, 0, 0, 0, 0, 0, 0, 0, 0, 0, 0, 0, 0, 0, 3, 4",3,
401,cat won't drink from new water fountain,ca,,,,,,,,20,,,2025-10-07,,,,,,,,,,,,"0, 0, 0, 0, 0, 0, 0, 0, 0, 0, 0, 0, 0, 1, 0, 2, 5, 2, 4, 1, 3, 4, 0, 0",2,
402,cheerble pumpless cat water elfin fountain,ca,,,,,,,,10,,,2025-06-23,,,,,,,,,,,,"0, 0, 0, 0, 0, 0, 0, 0, 0, 1, 0, 0, 0, 0, 2, 1, 1, 1, 4, 2, 0, 0, 0, 0",1,
403,petsafe drinkwell cat water fountain,ca,,,,,,,,10,,,2025-09-06,,,,,,,,,,,,"0, 0, 0, 0, 0, 0, 0, 0, 0, 0, 0, 0, 2, 0, 0, 2, 7, 0, 0, 0, 0, 1, 0, 0",2,
404,how to weigh down cat water fountain,ca,,,,,,,,,,,2022-04-13,,,,,,,,,,,,"0, 0, 0, 1, 1, 0, 1, 0, 0, 2, 0, 2, 1, 0, 0, 0, 0, 0, 0, 0, 0, 0, 0, 0",1,
405,petkit cybertail cat water fountain,ca,,,,,,,,,,,2020-07-03,,,,,,,,,,,,"0, 0, 0, 0, 0, 0, 0, 0, 0, 0, 0, 0, 0, 0, 0, 0, 0, 0, 0, 0, 0, 0, 0, 0",1,
406,cactus cat water fountain,ca,,,,,,,,20,,,2021-02-20,,,,,,,,,,"Commercial,Transactional,Non-branded,Non-local",English,"1, 8, 4, 2, 2, 1, 0, 2, 0, 0, 0, 0, 0, 0, 0, 0, 0, 0, 0, 0, 1, 0, 1, 0",2,Pet food
407,cat water fountain stainless steel amazon,ca,,,,,,,,,,,2025-08-28,,,,,,,,,,,,"0, 0, 0, 0, 0, 0, 0, 0, 0, 0, 0, 1, 0, 0, 0, 0, 1, 0, 2, 1, 0, 0, 1, 0",2,
408,aonboy cat water fountain filters,ca,,,,,,,,10,,,2023-07-23,,,,,,,,,,,,"0, 5, 0, 0, 0, 0, 0, 0, 0, 0, 4, 8, 3, 15, 6, 3, 1, 1, 0, 1, 0, 0, 0, 0",1,
409,rechargeable cat water fountain stainless steel,ca,,,,,,,,10,,,2025-06-24,,,,,,,,,,,,"0, 0, 0, 0, 0, 0, 0, 0, 0, 1, 0, 1, 0, 0, 1, 1, 0, 0, 0, 0, 0, 0, 0, 0",1,
410,best dog and cat water fountain,ca,,,,,,,,30,,,2020-06-20,,,,,,,,,,,,"1, 0, 0, 1, 0, 0, 0, 0, 0, 0, 0, 0, 0, 0, 0, 0, 1, 4, 0, 0, 1, 0, 0, 0",1,
411,cat water fountain with filter,ca,,,,,,,,100,,,2019-03-14,,,,,,,,,,,,"3, 4, 2, 0, 3, 0, 2, 2, 1, 3, 3, 12, 0, 0, 0, 2, 2, 2, 4, 4, 2, 4, 2, 1",3,
412,cat water fountain stainless steel canada,ca,,,,,,,,,,,2026-04-13,,,,,,,,,,,,"0, 0, 0, 0, 0, 0, 0, 0, 0, 0, 0, 0, 0, 0, 0, 0, 0, 0, 0, 6, 3, 6, 0, 0",3,
413,cat it senses water fountain,ca,,,,,,,,,,,2015-09-18,,,,,,,,,,,,"0, 0, 0, 0, 0, 0, 0, 0, 0, 0, 0, 0, 0, 0, 0, 0, 0, 0, 0, 0, 0, 0, 0, 0",1,
414,most quiet cat water fountain,ca,,,,,,,,,,,2022-10-05,,,,,,,,,,,,"2, 0, 0, 0, 0, 0, 0, 0, 0, 0, 0, 0, 0, 0, 0, 0, 0, 0, 0, 0, 0, 0, 0, 0",1,
415,best cat water fountain reviews 2025,ca,,,,,,,,30,,,2025-06-07,,,,,,,,,,,,"0, 0, 0, 0, 0, 0, 0, 0, 0, 10, 30, 3, 0, 0, 1, 1, 0, 0, 0, 0, 0, 0, 0, 0",1,
416,cat water fountain cooling,ca,,,,,,,,,,,2025-07-07,,,,,,,,,,,,"0, 0, 0, 0, 0, 0, 0, 0, 0, 0, 1, 2, 0, 0, 0, 0, 0, 0, 0, 0, 0, 0, 0, 1",2,
417,can i use cat water fountain without filter,ca,,,,,,,,10,,,2023-12-07,,,,,,,,,,,,"2, 0, 1, 1, 1, 0, 0, 0, 0, 1, 1, 0, 0, 0, 1, 1, 5, 4, 1, 0, 0, 1, 2, 2",2,
418,cat water fountain battery backup,ca,,,,,,,,,,,2025-06-13,,,,,,,,,,,,"0, 0, 0, 0, 0, 0, 0, 0, 0, 1, 1, 0, 2, 0, 0, 0, 0, 0, 0, 0, 0, 0, 0, 0",1,
419,cat mate water fountain replacement pump,ca,,,,,,,,10,,,2020-02-24,,,,,,,,,,,,"0, 0, 0, 0, 0, 0, 0, 0, 0, 0, 0, 0, 0, 0, 0, 1, 0, 0, 0, 0, 0, 0, 0, 0",1,
420,oneisall cat water fountain,ca,,,,,,,,60,,,2022-11-03,,,,,,,,,,,,"7, 10, 7, 10, 2, 3, 4, 3, 4, 1, 0, 0, 0, 0, 0, 0, 0, 0, 0, 1, 3, 2, 1, 0",2,
421,highest rated stainless steel cat water fountain,ca,,,,,,,,10,,,2026-05-25,,,,,,,,,,,,"0, 0, 0, 0, 0, 0, 0, 0, 0, 0, 0, 0, 0, 0, 0, 0, 0, 0, 0, 0, 3, 0, 1, 1",2,
422,xiaomi cat water fountain,ca,,,,,,,,30,,,2022-07-17,,,,,,,,,,,,"1, 2, 0, 0, 0, 0, 0, 0, 0, 1, 0, 0, 0, 0, 0, 0, 0, 0, 0, 0, 0, 0, 0, 0",1,
423,cat water fountain slimy,ca,,,,,,,,30,,,2021-05-22,,,,,,,,,,,,"6, 7, 3, 1, 1, 6, 5, 3, 0, 0, 3, 2, 4, 5, 2, 3, 2, 1, 1, 2, 1, 1, 1, 3",3,
424,cat water fountain bowl,ca,,,,,,,,100,,,2015-11-28,,,,,,,,,,,,"3, 2, 3, 1, 4, 3, 1, 6, 1, 1, 7, 4, 0, 1, 5, 5, 5, 2, 1, 4, 2, 1, 1, 1",2,
425,water fountain filter cat,ca,,,,,,,,30,,,2021-12-30,,,,,,,,,,,,"1, 1, 1, 1, 0, 2, 1, 0, 2, 5, 5, 3, 0, 6, 3, 4, 3, 0, 2, 4, 5, 3, 1, 6",4,
426,cat water fountain battery powered,ca,,,,,,,,10,,,2015-10-31,,,,,,,,,,,,"0, 1, 3, 0, 1, 2, 0, 0, 2, 1, 0, 0, 0, 0, 0, 0, 0, 0, 0, 0, 0, 0, 0, 0",1,
427,vkimiss cat water fountain,ca,,,,,,,,30,,,2025-09-27,,,,,,,,,,,,"0, 0, 0, 0, 0, 0, 0, 0, 0, 0, 0, 0, 1, 6, 4, 6, 1, 1, 3, 1, 0, 0, 2, 0",2,
428,lion roar cat water fountain,ca,,,,,,,,,,,2022-01-03,,,,,,,,,,,,"0, 0, 0, 0, 0, 0, 0, 0, 0, 0, 0, 0, 0, 0, 0, 0, 0, 0, 0, 0, 0, 0, 0, 0",1,
429,fully stainless steel cat water fountain,ca,,,,,,,,10,,,2025-07-30,,,,,,,,,,,,"0, 0, 0, 0, 0, 0, 0, 0, 0, 0, 1, 1, 0, 0, 0, 0, 0, 0, 0, 1, 0, 2, 1, 0",2,
430,kittyspout cat water fountain,ca,,,,,,,,,,,2024-06-21,,,,,,,,,,,,"1, 0, 0, 0, 0, 0, 0, 0, 0, 0, 2, 2, 2, 0, 0, 0, 0, 0, 0, 0, 0, 0, 1, 0",2,
431,cat water fountain with flower,ca,,,,,,,,20,,,2020-10-16,,,,,,,,,,,,"0, 1, 0, 0, 1, 0, 1, 1, 0, 2, 1, 0, 3, 1, 0, 2, 1, 3, 4, 0, 2, 0, 0, 1",2,
432,why does my cat knock over his water fountain,ca,,,,,,,,20,,,2022-12-13,,,,,,,,,,,,"2, 2, 0, 1, 1, 0, 0, 0, 2, 1, 0, 0, 1, 1, 0, 0, 0, 3, 1, 2, 3, 1, 0, 1",2,
433,cat water fountain attached to sink,ca,,,,,,,,,,,2022-04-03,,,,,,,,,,,,"0, 0, 0, 0, 0, 0, 0, 0, 0, 0, 0, 0, 0, 0, 0, 1, 0, 0, 0, 0, 0, 0, 0, 0",1,
434,mountauk cat water fountain,ca,,,,,,,,,,,2023-06-24,,,,,,,,,,,,"0, 0, 0, 0, 0, 0, 0, 0, 0, 0, 0, 0, 0, 0, 0, 0, 0, 0, 0, 0, 0, 0, 0, 0",1,
435,high end cat water fountain,ca,,,,,,,,10,,,2026-06-01,,,,,,,,,,,,"0, 0, 0, 0, 0, 0, 0, 0, 0, 0, 0, 0, 0, 0, 0, 0, 0, 0, 0, 0, 0, 3, 1, 0",2,
436,best cat water fountain australia,ca,,,,,,,,250,,,2020-08-27,,,,,,2.65,5.83,12.72,,,,"0, 0, 0, 0, 0, 0, 0, 0, 0, 0, 0, 1, 0, 0, 2, 0, 3, 1, 0, 0, 0, 0, 0, 1",,
437,best cat water fountain reddit 2022,ca,,,,,,,,,,,2022-05-10,,,,,,,,,,,,"0, 0, 0, 0, 0, 0, 0, 0, 0, 0, 0, 0, 0, 0, 0, 0, 0, 0, 0, 0, 0, 0, 0, 0",1,
438,cat water fountain cooler,ca,,,,,,,,,,,2021-07-12,,,,,,,,,,,,"0, 0, 0, 0, 0, 0, 0, 0, 0, 0, 0, 0, 0, 0, 0, 1, 1, 0, 0, 0, 0, 0, 0, 0",1,
439,joyfast cat water fountain,ca,,,,,,,,,,,2024-12-29,,,,,,,,,,,,"0, 0, 0, 1, 3, 0, 0, 0, 0, 0, 0, 0, 0, 0, 0, 0, 0, 0, 0, 0, 0, 0, 0, 0",1,
440,cat doesn't drink from water fountain,ca,,,,,,,,10,,,2022-07-24,,,,,,,,,,,,"1, 0, 0, 0, 4, 0, 0, 0, 0, 0, 1, 1, 0, 2, 0, 4, 0, 2, 2, 3, 8, 4, 5, 4",5,
441,heavy duty cat water fountain,ca,,,,,,,,,,,2023-09-13,,,,,,,,,,,,"0, 0, 0, 0, 0, 0, 0, 0, 0, 0, 0, 0, 0, 0, 0, 0, 0, 1, 0, 0, 0, 0, 0, 0",1,
442,cat water fountain power consumption watts,ca,,,,,,,,10,,,2025-08-10,,,,,,,,,,,,"0, 0, 0, 0, 0, 0, 0, 0, 0, 0, 0, 1, 0, 0, 1, 0, 1, 0, 3, 1, 2, 0, 0, 0",1,
443,cat water fountain in store,ca,,,,,,,,30,,,2023-09-23,,,,,,,,,,,,"1, 1, 2, 2, 0, 2, 1, 0, 0, 0, 0, 0, 0, 1, 1, 2, 2, 0, 0, 0, 0, 0, 1, 0",2,
444,cat water fountain review,ca,,,,,,,,30,,,2015-12-31,,,,,,,,,,,,"4, 2, 2, 5, 1, 2, 1, 2, 2, 7, 15, 2, 4, 1, 3, 4, 3, 1, 1, 0, 0, 3, 3, 3",4,
445,cat drinking from stainless steel water fountain,ca,,,,,,,,10,,,2026-02-23,,,,,,,,,,,,"0, 0, 0, 0, 0, 0, 0, 0, 0, 0, 0, 0, 0, 0, 0, 0, 0, 1, 0, 1, 0, 0, 1, 2",2,
446,cat water fountain avalon pdf,ca,,,,,,,,,,,2019-12-25,,,,,,,,,,,,"0, 0, 0, 0, 0, 0, 0, 0, 0, 0, 0, 0, 0, 0, 0, 0, 0, 0, 0, 0, 0, 0, 0, 0",1,
447,freshflow cat water fountain reviews,ca,,,,,,,,30,,,2026-04-28,,,,,,,,,,,,"0, 0, 0, 0, 0, 0, 0, 0, 0, 0, 0, 0, 0, 0, 0, 0, 0, 0, 0, 1, 5, 10, 1, 0",5,
448,toozey cat water fountain,ca,,,,,,,,,,,2020-08-24,,,,,,,,,,,,"1, 0, 4, 0, 0, 0, 3, 0, 0, 0, 0, 0, 0, 0, 0, 0, 0, 0, 0, 0, 0, 0, 0, 0",1,
449,petsafe drinkwell platinum cat water fountain,ca,,,,,,,,,,,2025-04-18,,,,,,,,,,,,"0, 0, 0, 0, 0, 0, 0, 1, 0, 1, 0, 0, 2, 0, 0, 0, 0, 0, 0, 0, 0, 0, 3, 0",2,
450,smart magnetic cat water fountain,ca,,,,,,,,,,,2026-07-10,,,,,,,,,,,,"0, 0, 0, 0, 0, 0, 0, 0, 0, 0, 0, 0, 0, 0, 0, 0, 0, 0, 0, 0, 0, 0, 4, 0",2,
451,cleebourg cat water fountain,ca,,,,,,,,,,,2020-09-09,,,,,,,,,,,,"0, 1, 0, 0, 0, 0, 0, 0, 0, 0, 0, 0, 0, 0, 0, 0, 0, 0, 0, 0, 0, 0, 0, 0",1,
452,what material is best for cat water fountain,ca,,,,,,,,20,,,2022-02-24,,,,,,,,,,,,"1, 0, 0, 0, 0, 0, 2, 0, 0, 0, 0, 1, 0, 1, 0, 1, 1, 4, 5, 1, 1, 2, 1, 0",2,
453,best cat water fountain 2017,ca,,,,,,,,10,,,2017-06-19,,,,,,,,,,,,"1, 0, 1, 0, 0, 0, 0, 1, 0, 1, 1, 2, 0, 0, 1, 0, 0, 1, 0, 1, 1, 1, 1, 1",2,
454,toozey cat water fountain filters,ca,,,,,,,,,,,2021-07-15,,,,,,,,,,,,"0, 0, 0, 0, 0, 0, 0, 0, 0, 0, 0, 0, 0, 0, 0, 0, 0, 0, 0, 0, 0, 0, 0, 0",1,
455,pixi cat water fountain not working,ca,,,,,,,,,,,2023-06-19,,,,,,,,,,,,"0, 2, 0, 4, 1, 4, 0, 1, 2, 3, 1, 0, 0, 0, 0, 0, 0, 0, 0, 0, 0, 0, 0, 0",1,
456,why is my cat water fountain blinking red,ca,,,,,,,,,,,2021-11-22,,,,,,,,,,,,"0, 0, 0, 0, 0, 0, 0, 0, 0, 0, 0, 0, 0, 0, 0, 0, 0, 0, 0, 0, 0, 0, 0, 0",1,
457,black stuff in cat water fountain,ca,,,,,,,,20,,,2022-07-25,,,,,,,,,,,,"0, 1, 0, 0, 3, 0, 1, 0, 2, 1, 2, 2, 2, 5, 2, 2, 3, 1, 6, 3, 0, 2, 3, 0",2,
458,uahpet wireless cat water fountain,ca,,,,,,,,30,,,2022-09-17,,,,,,,,,,,,"0, 0, 0, 0, 0, 0, 0, 1, 2, 2, 0, 1, 1, 0, 2, 0, 1, 2, 0, 2, 0, 0, 1, 0",2,
459,crystal cat water fountain,ca,,,,,,,,,,,2022-08-03,,,,,,,,,,,,"0, 0, 0, 0, 0, 0, 0, 0, 0, 0, 0, 0, 0, 0, 0, 0, 0, 0, 0, 0, 0, 0, 0, 0",1,
460,clear cat water fountain,ca,,,,,,,,10,,,2022-04-26,,,,,,,,,,,,"0, 3, 3, 1, 2, 0, 0, 0, 0, 0, 1, 1, 0, 0, 0, 0, 0, 0, 1, 0, 1, 0, 0, 0",1,
461,cat it water fountain filters,ca,,,,,,,,,,,2020-05-18,,,,,,,,,,,,"1, 1, 1, 2, 0, 1, 0, 0, 0, 1, 1, 0, 0, 1, 0, 0, 0, 0, 0, 0, 0, 0, 0, 0",1,
462,cleaning cat water fountain with vinegar,ca,,,,,,,,20,,,2025-10-09,,,,,,,,,,,,"0, 0, 0, 0, 0, 0, 0, 0, 0, 0, 0, 0, 0, 1, 1, 3, 2, 1, 5, 3, 0, 2, 3, 1",3,
463,how often change water in cat water fountain,ca,,,,,,,,10,,,2026-03-25,,,,,,,,,,,,"0, 0, 0, 0, 0, 0, 0, 0, 0, 0, 0, 0, 0, 0, 0, 0, 0, 0, 1, 2, 0, 0, 0, 1",2,
464,cat hydration water fountain drinking,ca,,,,,,,,,,,2026-04-13,,,,,,,,,,,,"0, 0, 0, 0, 0, 0, 0, 0, 0, 0, 0, 0, 0, 0, 0, 0, 0, 0, 0, 3, 1, 0, 0, 0",1,
465,best cat water fountain 2020,ca,,,,,,,,,,,2020-01-19,,,,,,,,,,,,"0, 0, 0, 0, 0, 0, 0, 0, 0, 0, 0, 0, 0, 0, 0, 0, 0, 0, 0, 0, 0, 0, 0, 0",1,
466,cat water fountain algae,ca,,,,,,,,20,,,2017-02-05,,,,,,,,,,,,"7, 2, 1, 1, 3, 0, 3, 3, 5, 9, 5, 3, 4, 4, 2, 1, 3, 2, 1, 1, 1, 1, 6, 4",5,
467,soofpet stainless steel cat water fountain,ca,,,,,,,,,,,2025-06-05,,,,,,,,,,,,"0, 0, 0, 0, 0, 0, 0, 0, 0, 2, 1, 1, 0, 0, 0, 0, 0, 0, 0, 0, 0, 0, 0, 0",1,
468,cat acne water fountain,ca,,,,,,,,,,,2023-03-04,,,,,,,,,,,,"0, 0, 0, 0, 0, 0, 0, 0, 0, 0, 0, 0, 0, 0, 0, 0, 0, 0, 0, 0, 0, 0, 0, 0",1,
469,best cheap cat water fountain,ca,,,,,,,,10,,,2017-01-30,,,,,,,,,,,,"0, 0, 0, 0, 0, 0, 0, 0, 0, 3, 2, 0, 0, 0, 0, 0, 1, 0, 0, 0, 0, 0, 0, 0",1,
470,can you put water additive in cat fountain,ca,,,,,,,,10,,,2025-09-26,,,,,,,,,,,,"0, 0, 0, 0, 0, 0, 0, 0, 0, 0, 0, 0, 5, 1, 0, 3, 4, 3, 1, 1, 1, 1, 3, 1",3,
471,how often should i change water in cat fountain,ca,,,,,,,,20,,,2019-06-10,,,,,,,,,,,,"2, 2, 2, 0, 1, 0, 1, 0, 2, 3, 4, 0, 2, 3, 3, 3, 8, 0, 2, 6, 6, 1, 5, 5",5,
472,goth cat water fountain,ca,,,,,,,,10,,,2023-12-22,,,,,,,,,,,,"3, 0, 3, 3, 3, 0, 0, 1, 0, 4, 3, 1, 2, 0, 0, 0, 0, 0, 0, 0, 0, 0, 0, 0",1,
473,cat water fountain ireland,ca,,,,,,,,50,,,2022-11-28,,,,,,,,,,,,"0, 0, 0, 0, 0, 0, 1, 0, 0, 0, 0, 1, 0, 0, 0, 0, 0, 0, 0, 0, 0, 0, 0, 0",1,
474,cat water fountain with waste tank,ca,,,,,,,,10,,,2026-02-27,,,,,,,,,,,,"0, 0, 0, 0, 0, 0, 0, 0, 0, 0, 0, 0, 0, 0, 0, 0, 0, 1, 2, 0, 0, 4, 0, 1",3,
475,cat water fountain stainless steel review,ca,,,,,,,,,,,2025-07-08,,,,,,,,,,,,"0, 0, 0, 0, 0, 0, 0, 0, 0, 0, 7, 1, 0, 0, 0, 0, 0, 0, 0, 0, 0, 0, 0, 0",1,
476,best cat and dog water fountain,ca,,,,,,,,30,,,2021-01-25,,,,,,,,,,,,"0, 0, 0, 0, 0, 1, 1, 0, 0, 0, 0, 0, 0, 0, 0, 4, 3, 0, 0, 0, 1, 0, 1, 0",2,
477,stylish cat water fountain,ca,,,,,,,,,,,2020-07-05,,,,,,,,,,,,"0, 0, 0, 0, 0, 0, 0, 0, 0, 0, 0, 0, 0, 0, 0, 0, 1, 0, 0, 0, 0, 0, 0, 0",1,
478,how does cat water fountain work,ca,,,,,,,,10,,,2022-06-11,,,,,,,,,,,,"0, 0, 0, 0, 2, 2, 0, 1, 2, 1, 3, 1, 2, 0, 0, 0, 0, 1, 1, 3, 0, 0, 1, 1",2,
479,pet fountain cat water dispenser,ca,,,,,,,,,,,2021-04-17,,,,,,,,,,,,"0, 0, 0, 0, 0, 0, 0, 0, 0, 0, 0, 0, 0, 0, 0, 0, 0, 0, 0, 0, 0, 0, 0, 0",1,
480,petlibro cordless cat water fountain reviews,ca,,,,,,,,,,,2025-06-24,,,,,,,,,,,,"0, 0, 0, 0, 0, 0, 0, 0, 0, 4, 6, 0, 0, 0, 0, 0, 0, 0, 0, 0, 0, 0, 0, 0",1,
481,stone cat water fountain,ca,,,,,,,,10,,,2019-03-24,,,,,,,,,,,,"0, 0, 0, 0, 1, 0, 0, 3, 0, 0, 0, 0, 3, 0, 0, 0, 0, 0, 1, 1, 0, 0, 0, 0",1,
482,flower water fountain cat,ca,,,,,,,,,,,2020-06-11,,,,,,,,,,,,"0, 1, 0, 0, 0, 0, 0, 0, 0, 0, 0, 1, 0, 0, 0, 0, 0, 0, 0, 0, 0, 0, 0, 0",1,
483,cat water fountain quiet,ca,,,,,,,,50,,,2020-01-11,,,,,,,,,,,,"2, 7, 6, 6, 3, 0, 2, 4, 1, 5, 1, 2, 0, 3, 2, 1, 2, 3, 4, 5, 6, 2, 6, 3",5,
484,water drinking fountain cat,ca,,,,,,,,150,,,2023-10-14,,,,,,,,,,,,"1, 1, 0, 0, 0, 0, 0, 0, 0, 0, 0, 0, 0, 0, 0, 0, 0, 0, 0, 0, 0, 0, 0, 0",1,
485,cat water fountain made in usa,ca,,,,,,,,40,,,2020-10-12,,,,,,,,,,,,"0, 0, 0, 0, 0, 0, 1, 0, 1, 1, 1, 1, 0, 1, 0, 0, 0, 1, 0, 1, 0, 0, 0, 0",1,
486,leo's paw stainless steel cat water fountain,ca,,,,,,,,,,,2025-06-22,,,,,,,,,,,,"0, 0, 0, 0, 0, 0, 0, 0, 0, 1, 3, 0, 0, 0, 0, 0, 0, 0, 0, 0, 0, 0, 0, 0",1,
487,cat water fountain rechargeable,ca,,,,,,,,40,,,2021-05-18,,,,,,,,,,,,"0, 1, 2, 4, 0, 0, 0, 1, 1, 0, 0, 0, 0, 0, 1, 2, 2, 0, 1, 1, 0, 0, 1, 0",1,
488,siiooe cat water fountain,ca,,,,,,,,10,,,2025-10-25,,,,,,,,,,,,"0, 0, 0, 0, 0, 0, 0, 0, 0, 0, 0, 0, 0, 1, 1, 7, 9, 1, 1, 1, 0, 1, 0, 0",2,
489,cat water fountain worms,ca,,,,,,,,,,,2023-07-19,,,,,,,,,,,,"1, 0, 0, 0, 0, 0, 0, 0, 0, 0, 0, 0, 0, 0, 0, 0, 0, 0, 0, 0, 0, 0, 0, 0",1,
490,how to clean pump for cat water fountain,ca,,,,,,,,10,,,2021-08-17,,,,,,,,,,,,"2, 3, 2, 2, 2, 4, 3, 3, 4, 3, 2, 3, 3, 1, 3, 2, 2, 0, 0, 0, 1, 3, 1, 2",4,
491,cat water fountain solar powered,ca,,,,,,,,10,,,2024-07-16,,,,,,,,,,,,"0, 0, 0, 0, 0, 0, 0, 0, 0, 0, 0, 0, 0, 0, 0, 0, 0, 0, 0, 0, 0, 4, 0, 0",2,
492,cat water fountain stainless steel filters,ca,,,,,,,,10,,,2025-11-30,,,,,,,,,,,,"0, 0, 0, 0, 0, 0, 0, 0, 0, 0, 0, 0, 0, 0, 1, 2, 2, 5, 0, 1, 1, 1, 4, 0",2,
493,mailofy cat water fountain,ca,,,,,,,,,,,2024-02-20,,,,,,,,,,,,"1, 0, 0, 1, 0, 3, 0, 0, 0, 0, 0, 0, 1, 0, 0, 0, 0, 0, 0, 0, 0, 0, 0, 0",1,
494,cat water fountain that keeps water cold,ca,,,,,,,,30,,,2020-08-27,,,,,,,,,,,,"1, 1, 0, 0, 0, 0, 0, 0, 0, 0, 0, 4, 0, 3, 0, 1, 1, 3, 2, 2, 5, 22, 5, 2",8,
495,cat water fountain reviews canada,ca,,,,,,,,,,,2026-07-03,,,,,,,,,,,,"0, 0, 0, 0, 0, 0, 0, 0, 0, 0, 0, 0, 0, 0, 0, 0, 0, 0, 0, 0, 0, 0, 6, 2",4,
496,dadypet cat water fountain,ca,,,,,,,,,,,2020-07-13,,,,,,,,,,,,"0, 0, 0, 0, 0, 0, 0, 0, 0, 0, 0, 0, 0, 0, 0, 0, 0, 0, 0, 0, 0, 0, 0, 0",1,
497,uvc cat water fountain,ca,,,,,,,,20,,,2025-11-22,,,,,,,,,,,,"0, 0, 0, 0, 0, 0, 0, 0, 0, 0, 0, 0, 0, 0, 1, 0, 0, 1, 2, 3, 2, 0, 4, 2",3,
498,cat water fountain electrocution,ca,,,,,,,,20,,,2020-02-01,,,,,,,,,,,,"5, 5, 2, 4, 4, 0, 1, 1, 2, 2, 1, 2, 2, 2, 0, 5, 0, 1, 0, 0, 3, 2, 0, 0",2,
499,what is the best cat water fountain to buy,ca,,,,,,,,50,,,2025-05-22,,,,,,,,,,,,"0, 0, 0, 0, 0, 0, 0, 0, 1, 0, 2, 0, 0, 1, 2, 2, 1, 1, 5, 2, 5, 0, 13, 10",,
500,cat water fountain nz,ca,,,,,,,,500,,,2020-04-17,,,,,,1.75,3.53,7.52,,,,"2, 0, 1, 0, 4, 3, 8, 6, 1, 5, 0, 1, 1, 0, 0, 0, 0, 0, 0, 0, 0, 0, 0, 0",1,
501,benefits cat water fountain,ca,,,,,,,,20,,,2025-06-19,,,,,,,,,,,,"0, 0, 0, 0, 0, 0, 0, 0, 0, 6, 5, 0, 0, 0, 5, 0, 0, 0, 0, 0, 0, 0, 0, 0",1,
502,veken cat water fountain stainless steel,ca,,,,,,,,10,,,2026-04-26,,,,,,,,,,,,"0, 0, 0, 0, 0, 0, 0, 0, 0, 0, 0, 0, 0, 0, 0, 0, 0, 0, 0, 1, 1, 0, 0, 2",2,
503,goyjoy cat water fountain,ca,,,,,,,,,,,2025-06-28,,,,,,,,,,,,"0, 0, 0, 0, 0, 0, 0, 0, 0, 3, 6, 2, 0, 0, 0, 0, 0, 0, 0, 0, 0, 0, 0, 0",1,
504,how to get my cat to use water fountain,ca,,,,,,,,10,,,2022-04-11,,,,,,,,,,,,"3, 1, 3, 1, 1, 2, 0, 1, 3, 1, 1, 1, 0, 0, 0, 0, 2, 3, 2, 3, 0, 0, 0, 1",2,
505,best cat water fountain brands,ca,,,,,,,,20,,,2025-05-09,,,,,,,,,,,,"0, 0, 0, 0, 0, 0, 0, 0, 2, 3, 2, 2, 0, 0, 0, 3, 0, 0, 2, 0, 0, 0, 0, 1",2,
506,pedy cat water fountain filters,ca,,,,,,,,,,,2021-03-28,,,,,,,,,,,,"0, 0, 0, 0, 0, 0, 0, 0, 0, 0, 0, 0, 0, 0, 0, 0, 0, 0, 0, 0, 0, 0, 0, 0",1,
507,green cat water fountain,ca,,,,,,,,20,,,2022-07-27,,,,,,,,,,,,"0, 2, 0, 0, 0, 1, 1, 0, 0, 0, 1, 1, 6, 2, 1, 0, 0, 2, 2, 3, 2, 2, 4, 0",3,
508,how to set up cat water fountain,ca,,,,,,,,40,,,2017-04-03,,,,,,,,,,,,"8, 2, 2, 5, 6, 8, 1, 2, 4, 1, 5, 7, 3, 3, 3, 2, 3, 5, 2, 5, 8, 5, 6, 3",5,
509,cat drinking fountain running water,ca,,,,,,,,,,,2026-03-31,,,,,,,,,,,,"0, 0, 0, 0, 0, 0, 0, 0, 0, 0, 0, 0, 0, 0, 0, 0, 0, 0, 1, 2, 1, 0, 0, 0",1,
510,most sanitary cat water fountain,ca,,,,,,,,20,,,2023-12-05,,,,,,,,,,,,"0, 0, 0, 0, 0, 0, 0, 0, 0, 2, 0, 0, 0, 0, 0, 1, 3, 0, 3, 2, 1, 0, 1, 1",2,
511,a cat water fountain,ca,,,,,,,,30,,,2021-03-06,,,,,,,,,,,,"1, 1, 5, 0, 1, 2, 2, 0, 0, 0, 0, 4, 2, 0, 0, 0, 0, 1, 0, 1, 0, 0, 0, 2",2,
512,best electric cat water fountain,ca,,,,,,,,,,,2021-08-16,,,,,,,,,,,,"0, 0, 0, 0, 0, 0, 0, 0, 0, 0, 0, 0, 0, 0, 0, 0, 0, 0, 0, 0, 0, 0, 0, 0",1,
513,cat water fountain benefits cats,ca,,,,,,,,10,,,2025-07-19,,,,,,,,,,,,"0, 0, 0, 0, 0, 0, 0, 0, 0, 0, 1, 0, 0, 0, 4, 0, 0, 0, 0, 0, 0, 0, 0, 0",1,
514,diy cat water fountain without electricity,ca,,,,,,,,30,,,2022-02-18,,,,,,,,,,,,"3, 0, 0, 1, 0, 0, 0, 0, 1, 0, 0, 4, 0, 1, 1, 3, 5, 1, 4, 5, 2, 0, 1, 4",2,
515,petkit cat water fountain stainless steel,ca,,,,,,,,,,,2021-04-26,,,,,,,,,,,,"0, 0, 0, 0, 0, 0, 0, 0, 0, 0, 0, 0, 0, 0, 0, 0, 0, 0, 0, 0, 0, 0, 0, 0",1,
516,cat h20 water fountain filters,ca,,,,,,,,10,,,2020-04-14,,,,,,,,,,,,"1, 0, 3, 2, 0, 0, 0, 0, 0, 1, 0, 0, 0, 0, 1, 0, 2, 0, 0, 0, 3, 2, 4, 1",3,
517,radio systems corporation cat water fountain,ca,,,,,,,,,,,2017-06-10,,,,,,,,,,,,"0, 0, 0, 0, 0, 0, 0, 0, 0, 0, 0, 0, 0, 0, 0, 0, 0, 0, 0, 0, 0, 0, 0, 0",1,
518,cat water fountain carbon filter,ca,,,,,,,,10,,,2021-09-16,,,,,,,,,,,,"2, 1, 1, 1, 3, 2, 0, 0, 0, 0, 1, 0, 1, 1, 0, 1, 1, 5, 3, 1, 0, 0, 1, 0",2,
519,can water fountain make cat sick,ca,,,,,,,,,,,2026-07-02,,,,,,,,,,,,"0, 0, 0, 0, 0, 0, 0, 0, 0, 0, 0, 0, 0, 0, 0, 0, 0, 0, 0, 0, 0, 0, 3, 3",3,
520,cat water fountain gets moldy,ca,,,,,,,,,,,2024-07-29,,,,,,,,,,,,"0, 0, 1, 0, 0, 0, 0, 0, 0, 0, 0, 0, 0, 0, 0, 0, 0, 0, 0, 0, 0, 0, 0, 0",1,
521,water for cat fountain,ca,,,,,,,,40,,,2021-03-05,,,,,,,,,,,,"1, 2, 0, 0, 2, 0, 1, 0, 0, 1, 1, 1, 0, 0, 0, 8, 2, 2, 0, 0, 1, 0, 0, 2",2,
522,giotohun cat water fountain manual,ca,,,,,,,,,,,2024-09-16,,,,,,,,,,,,"3, 2, 0, 1, 0, 1, 1, 3, 1, 2, 9, 2, 0, 0, 1, 0, 0, 0, 0, 0, 0, 0, 0, 0",1,
523,quiet stainless steel cat water fountain,ca,,,,,,,,20,,,2025-03-27,,,,,,,,,,,,"0, 0, 0, 0, 0, 0, 1, 5, 3, 2, 3, 0, 0, 1, 0, 3, 3, 2, 2, 0, 2, 0, 1, 0",1,
524,cat water fountain outdoor,ca,,,,,,,,50,,,2020-05-20,,,,,,,,,,,,"0, 1, 0, 1, 0, 0, 0, 0, 0, 2, 1, 0, 1, 0, 0, 1, 0, 0, 1, 2, 6, 1, 3, 0",2,
525,motor for cat water fountain,ca,,,,,,,,20,,,2020-04-20,,,,,,,,,,,,"0, 0, 0, 3, 2, 1, 2, 1, 3, 0, 1, 2, 2, 1, 0, 0, 1, 1, 2, 1, 2, 0, 1, 0",2,
526,filter for water fountain cat,ca,,,,,,,,20,,,2025-07-10,,,,,,,,,,,,"0, 0, 0, 0, 0, 0, 0, 0, 0, 0, 2, 0, 1, 0, 0, 0, 1, 1, 4, 1, 3, 1, 1, 1",2,
527,cat mate water fountain review,ca,,,,,,,,,,,2020-12-25,,,,,,,,,,,,"0, 0, 0, 0, 0, 0, 0, 0, 0, 0, 0, 0, 0, 0, 0, 0, 0, 0, 0, 0, 0, 0, 0, 0",1,
528,cat water fountain amazon.ca,ca,,,,,,,,,,,2015-09-14,,,,,,,,,,,,"0, 0, 0, 0, 0, 0, 0, 0, 0, 0, 0, 0, 0, 0, 0, 0, 0, 0, 0, 0, 0, 0, 0, 0",1,
529,best cat water fountain battery operated,ca,,,,,,,,10,,,2020-12-08,,,,,,,,,,,,"0, 0, 3, 1, 1, 0, 1, 1, 1, 1, 0, 0, 0, 0, 1, 0, 0, 1, 0, 0, 1, 0, 2, 0",2,
530,best no filter cat water fountain,ca,,,,,,,,30,,,2026-01-06,,,,,,,,,,,,"0, 0, 0, 0, 0, 0, 0, 0, 0, 0, 0, 0, 0, 0, 0, 0, 2, 1, 0, 3, 0, 2, 2, 0",3,
531,cat water fountain dangers,ca,,,,,,,,,,,2023-05-02,,,,,,,,,,,,"2, 0, 0, 0, 0, 0, 0, 0, 0, 0, 0, 0, 0, 0, 0, 3, 0, 1, 0, 0, 0, 0, 0, 0",1,
532,homerunpet cat water fountain light blinking,ca,,,,,,,,,,,2023-07-11,,,,,,,,,,,,"0, 2, 0, 0, 0, 0, 0, 0, 0, 0, 0, 0, 0, 0, 0, 0, 0, 0, 0, 0, 0, 0, 0, 0",1,
533,why does my cat stare at his water fountain,ca,,,,,,,,10,,,2024-09-26,,,,,,,,,,,,"2, 0, 0, 0, 1, 2, 2, 1, 0, 0, 0, 0, 0, 0, 2, 0, 2, 3, 1, 2, 1, 0, 0, 0",1,
534,tomxcute cat water fountain review,ca,,,,,,,,,,,2022-09-29,,,,,,,,,,,,"0, 0, 0, 0, 1, 0, 0, 0, 0, 0, 0, 0, 0, 0, 0, 0, 0, 0, 0, 0, 1, 0, 1, 0",2,
535,cat water fountain pros and cons,ca,,,,,,,,20,,,2021-01-03,,,,,,,,,,,,"0, 0, 0, 0, 0, 0, 1, 0, 0, 0, 1, 1, 3, 1, 0, 1, 0, 1, 1, 6, 4, 0, 0, 1",1,
536,cat at water fountain drinking,ca,,,,,,,,10,,,2026-03-06,,,,,,,,,,,,"0, 0, 0, 0, 0, 0, 0, 0, 0, 0, 0, 0, 0, 0, 0, 0, 0, 0, 5, 1, 0, 0, 0, 0",1,
537,best cat water fountain stainless steel review,ca,,,,,,,,,,,2025-06-29,,,,,,,,,,,,"0, 0, 0, 0, 0, 0, 0, 0, 0, 1, 2, 0, 0, 0, 0, 0, 0, 0, 1, 0, 0, 0, 0, 0",1,
538,petlibro cat water fountain,ca,,,,,,,,250,,,2021-09-24,,,,,,3.26,7,15.73,,,,"2, 2, 0, 1, 0, 0, 1, 3, 0, 5, 1, 10, 5, 4, 0, 3, 0, 1, 6, 3, 5, 7, 1, 1",4,
539,paw proof cat water fountain,ca,,,,,,,,,,,2020-12-28,,,,,,,,,,,,"0, 0, 0, 0, 0, 0, 0, 0, 0, 0, 0, 0, 0, 0, 0, 0, 0, 0, 0, 0, 0, 0, 0, 0",1,
540,mushroom water fountain cat,ca,,,,,,,,,,,2021-04-17,,,,,,,,,,,,"0, 0, 0, 0, 0, 0, 0, 0, 0, 0, 0, 0, 0, 0, 0, 0, 0, 0, 0, 0, 0, 0, 0, 0",1,
541,amazon cat water fountain filters,ca,,,,,,,,10,,,2023-03-14,,,,,,,,,,,,"1, 0, 0, 0, 0, 0, 0, 0, 0, 0, 0, 0, 1, 0, 0, 0, 0, 0, 0, 0, 0, 0, 0, 0",1,
542,does my cat need a water fountain,ca,,,,,,,,20,,,2020-08-17,,,,,,,,,,,,"0, 1, 0, 0, 2, 0, 0, 0, 0, 0, 0, 0, 0, 1, 1, 1, 2, 2, 0, 2, 3, 1, 3, 1",2,
543,cat it water fountain assembly,ca,,,,,,,,,,,2024-01-19,,,,,,,,,,,,"0, 0, 0, 0, 0, 0, 0, 0, 0, 0, 0, 0, 0, 0, 0, 0, 0, 0, 0, 0, 0, 0, 0, 0",1,
544,cat water fountain large capacity,ca,,,,,,,,20,,,2022-06-27,,,,,,,,,,,,"1, 0, 0, 0, 0, 3, 1, 2, 0, 0, 1, 1, 0, 0, 1, 1, 0, 0, 3, 2, 0, 0, 0, 1",1,
545,best filtered cat water fountain,ca,,,,,,,,30,,,2023-02-14,,,,,,,,,,,,"2, 0, 0, 0, 0, 0, 1, 0, 0, 0, 0, 1, 1, 1, 3, 3, 1, 1, 3, 1, 1, 0, 0, 0",1,
546,stainless steel cat water fountain sus 304,ca,,,,,,,,10,,,2025-09-04,,,,,,,,,,,,"0, 0, 0, 0, 0, 0, 0, 0, 0, 0, 0, 0, 1, 0, 1, 3, 1, 1, 0, 1, 1, 0, 0, 0",1,
547,best all stainless steel cat water fountain,ca,,,,,,,,20,,,2025-12-12,,,,,,,,,,,,"0, 0, 0, 0, 0, 0, 0, 0, 0, 0, 0, 0, 0, 0, 0, 3, 1, 1, 0, 4, 1, 3, 0, 1",2,
548,cat water fountain filter square,ca,,,,,,,,50,,,2022-09-21,,,,,,,,,,,,"3, 2, 0, 0, 0, 0, 1, 0, 0, 0, 0, 0, 0, 1, 0, 0, 1, 0, 1, 0, 0, 0, 0, 0",1,
549,cat water fountain australia,ca,,,,,,,,250,,,2020-06-07,,,,,,0.44,1.26,2.62,,,,"2, 2, 0, 0, 1, 0, 1, 1, 0, 2, 0, 1, 0, 0, 3, 1, 1, 0, 0, 2, 0, 0, 0, 0",1,
550,best cat water fountain recommendations,ca,,,,,,,,,,,2025-07-18,,,,,,,,,,,,"0, 0, 0, 0, 0, 0, 0, 0, 0, 0, 4, 0, 0, 0, 0, 0, 0, 0, 0, 0, 1, 0, 0, 0",1,
551,cat water filter fountain,ca,,,,,,,,50,,,2020-03-01,,,,,,,,,,,,"1, 6, 3, 4, 0, 2, 1, 0, 2, 1, 1, 0, 2, 1, 0, 1, 0, 0, 2, 0, 2, 0, 3, 0",2,
552,cat water fountain uk,ca,,,,,,,,800,,,2020-02-06,,,,,,0.82,1.75,3.6,,,,"0, 1, 0, 1, 0, 2, 0, 0, 1, 3, 0, 1, 1, 0, 0, 0, 2, 0, 0, 0, 0, 0, 1, 2",2,
553,can i use a cat water fountain without a filter,ca,,,,,,,,20,,,2021-06-08,,,,,,,,,,,,"1, 1, 0, 0, 0, 1, 1, 0, 2, 4, 3, 4, 3, 1, 3, 3, 4, 1, 4, 2, 3, 1, 7, 2",5,
554,why does my cat play with her water fountain,ca,,,,,,,,,,,2022-12-05,,,,,,,,,,,,"1, 5, 1, 5, 5, 1, 1, 1, 2, 1, 0, 0, 3, 1, 0, 0, 0, 0, 0, 0, 0, 0, 0, 0",1,
555,indoor cat water fountain,ca,,,,,,,,20,,,2021-12-31,,,,,,,,,,,,"0, 0, 0, 0, 1, 0, 0, 0, 0, 1, 0, 1, 0, 1, 0, 1, 0, 2, 0, 1, 0, 0, 0, 0",1,
556,how to get my cat to use a water fountain,ca,,,,,,,,,,,2024-06-26,,,,,,,,,,,,"2, 2, 0, 0, 0, 0, 0, 0, 0, 0, 0, 1, 0, 0, 0, 0, 0, 0, 0, 0, 0, 1, 2, 0",2,
557,best battery powered cat water fountain,ca,,,,,,,,10,,,2023-08-27,,,,,,,,,,,,"0, 0, 0, 0, 0, 0, 0, 0, 1, 0, 0, 0, 0, 1, 1, 1, 0, 1, 0, 0, 0, 0, 0, 0",1,
558,cat keeps taking apart water fountain,ca,,,,,,,,,,,2022-03-02,,,,,,,,,,,,"0, 0, 2, 1, 2, 0, 1, 0, 0, 0, 0, 0, 0, 0, 1, 0, 0, 0, 0, 0, 0, 0, 0, 0",1,
559,square cat water fountain,ca,,,,,,,,,,,2021-05-23,,,,,,,,,,,,"0, 1, 0, 0, 1, 0, 0, 0, 0, 0, 0, 0, 0, 0, 0, 0, 0, 0, 0, 0, 0, 0, 0, 0",1,
560,cheapest cat water fountain,ca,,,,,,,,,,,2021-08-04,,,,,,,,,,,,"0, 0, 0, 0, 0, 0, 0, 0, 0, 0, 0, 0, 0, 0, 0, 0, 0, 0, 0, 0, 0, 0, 0, 0",1,
561,cat bowl water fountain,ca,,,,,,,,500,,,2020-01-30,,,,,,2.46,4.9,10.79,,"Informational,Commercial,Transactional,Non-branded,Non-local",English,"1, 4, 2, 2, 2, 2, 0, 1, 0, 2, 2, 3, 1, 1, 4, 3, 6, 3, 2, 5, 3, 3, 2, 1",4,Pet food
562,jackson galaxy cat water fountain,ca,,,,,,,,10,,,2021-09-30,,,,,,,,,,,,"0, 0, 0, 0, 0, 0, 0, 0, 0, 0, 0, 0, 0, 0, 2, 0, 0, 0, 0, 0, 0, 0, 0, 0",1,
563,cat stopped drinking from water fountain,ca,,,,,,,,20,,,2026-01-10,,,,,,,,,,,,"0, 0, 0, 0, 0, 0, 0, 0, 0, 0, 0, 0, 0, 0, 0, 0, 2, 0, 0, 0, 3, 1, 4, 0",2,
564,cat water fountain splash guard,ca,,,,,,,,,,,2025-07-07,,,,,,,,,,,,"0, 0, 0, 0, 0, 0, 0, 0, 0, 0, 1, 0, 0, 0, 1, 0, 3, 1, 0, 0, 0, 0, 0, 0",1,
565,is cat water fountain necessary,ca,,,,,,,,,,,2023-07-02,,,,,,,,,,,,"0, 0, 5, 0, 0, 0, 0, 0, 0, 0, 0, 0, 0, 0, 0, 0, 0, 0, 0, 0, 0, 0, 0, 0",1,
566,cat water fountain no mold,ca,,,,,,,,20,,,2022-09-07,,,,,,,,,,,,"2, 0, 2, 1, 0, 0, 0, 0, 2, 0, 2, 0, 0, 1, 0, 0, 0, 1, 0, 0, 0, 3, 4, 0",3,
567,luxury cat water fountain,ca,,,,,,,,10,,,2020-04-15,,,,,,,,,,,,"0, 1, 0, 1, 0, 0, 0, 0, 0, 0, 0, 1, 2, 0, 1, 3, 0, 0, 0, 0, 0, 0, 0, 0",1,
568,best cat water fountain no filter,ca,,,,,,,,60,,,2021-01-08,,,,,,,,,,,,"0, 1, 1, 0, 1, 0, 2, 0, 0, 0, 0, 0, 0, 2, 0, 0, 0, 0, 0, 0, 4, 3, 5, 0",4,
569,cat water bowl fountain battery operated,ca,,,,,,,,,,,2020-11-19,,,,,,,,,,,,"1, 0, 0, 0, 0, 0, 1, 0, 0, 0, 0, 0, 0, 0, 0, 0, 1, 0, 0, 0, 0, 0, 0, 0",1,
570,how often to change water fountain for cat,ca,,,,,,,,10,,,2026-01-25,,,,,,,,,,,,"0, 0, 0, 0, 0, 0, 0, 0, 0, 0, 0, 0, 0, 0, 0, 0, 1, 1, 1, 1, 2, 1, 5, 2",3,
571,cat water fountain green algae,ca,,,,,,,,10,,,2026-02-15,,,,,,,,,,,,"0, 0, 0, 0, 0, 0, 0, 0, 0, 0, 0, 0, 0, 0, 0, 0, 0, 1, 0, 5, 0, 0, 5, 0",3,
572,stainless steel cat water fountain 3l,ca,,,,,,,,,,,2026-03-17,,,,,,,,,,,,"0, 0, 0, 0, 0, 0, 0, 0, 0, 0, 0, 0, 0, 0, 0, 0, 0, 0, 2, 5, 0, 0, 1, 1",2,
573,why did my cat water fountain stop working,ca,,,,,,,,30,,,2023-06-01,,,,,,,,,,,,"0, 2, 8, 1, 8, 0, 2, 7, 2, 0, 2, 2, 1, 1, 2, 0, 2, 4, 1, 1, 0, 5, 2, 2",4,
574,apetdola cat water fountain,ca,,,,,,,,10,,,2023-08-01,,,,,,,,,,,,"1, 0, 0, 0, 0, 0, 0, 0, 0, 0, 0, 0, 0, 0, 0, 0, 0, 0, 0, 0, 0, 0, 0, 0",1,
575,cat water fountain pet valu,ca,,,0.25,,,,,,,,2016-06-02,,,,,,,,,,"Informational,Commercial,Transactional,Branded,Non-local",English,"1, 1, 1, 1, 1, 1, 1, 2, 1, 1, 2, 6, 4, 5, 0, 1, 0, 3, 2, 4, 7, 2, 2, 1",2,Pet food
576,can a cat water fountain make them sick,ca,,,,,,,,10,,,2021-09-12,,,,,,,,,,,,"0, 0, 0, 1, 1, 2, 2, 0, 0, 0, 3, 1, 1, 4, 2, 0, 2, 1, 1, 1, 3, 1, 1, 4",3,
577,best automatic cat water fountain 2025,ca,,,,,,,,,,,2025-06-07,,,,,,,,,,,,"0, 0, 0, 0, 0, 0, 0, 0, 0, 5, 2, 1, 0, 0, 0, 0, 0, 0, 0, 0, 0, 0, 0, 0",1,
578,stainless steel automatic cat water fountain,ca,,,,,,,,20,,,2025-08-23,,,,,,,,,,,,"0, 0, 0, 0, 0, 0, 0, 0, 0, 0, 0, 3, 0, 2, 0, 0, 0, 0, 0, 0, 2, 0, 2, 2",2,
579,uahpet cat water fountain,ca,,,,,,,,60,,,2023-05-12,,,,,,,,,,,,"4, 0, 0, 0, 2, 0, 1, 0, 1, 1, 2, 6, 1, 4, 2, 1, 2, 1, 3, 0, 2, 2, 1, 3",3,
580,cat water fountain with locking lid,ca,,,,,,,,20,,,2024-02-25,,,,,,,,,,,,"2, 0, 0, 2, 0, 1, 0, 0, 0, 0, 1, 0, 0, 2, 1, 8, 1, 6, 3, 3, 4, 0, 2, 2",2,
581,drinkwell cat water fountain filter,ca,,,,,,,,,,,2021-08-29,,,,,,,,,,,,"0, 0, 0, 0, 0, 0, 0, 0, 0, 0, 0, 0, 0, 0, 0, 0, 0, 0, 0, 0, 0, 0, 0, 0",1,
582,cat water fountain filter change,ca,,,,,,,,,,,2023-08-03,,,,,,,,,,,,"3, 7, 5, 10, 4, 4, 9, 6, 0, 0, 0, 3, 0, 0, 0, 5, 3, 0, 0, 0, 0, 0, 0, 0",1,
583,cat water fountain set up,ca,,,,,,,,10,,,2022-10-15,,,,,,,,,,,,"1, 0, 3, 1, 0, 1, 0, 0, 5, 1, 3, 1, 1, 0, 0, 2, 2, 1, 1, 2, 4, 2, 2, 1",2,
584,ceramic cat water fountain made in usa,ca,,,,,,,,,,,2021-09-28,,,,,,,,,,,,"0, 0, 0, 0, 0, 0, 0, 0, 0, 0, 0, 0, 0, 0, 0, 0, 0, 0, 0, 0, 0, 0, 0, 0",1,
585,oneisall cat water fountain filters,ca,,,,,,,,10,,,2025-01-11,,,,,,,,,,,,"0, 0, 0, 0, 1, 2, 2, 0, 1, 0, 0, 0, 0, 0, 3, 0, 0, 0, 0, 0, 0, 0, 0, 0",1,
586,cat water fountain price,ca,,,,,,,,20,,,2025-04-29,,,,,,,,,,,,"0, 0, 0, 0, 0, 0, 0, 2, 1, 2, 1, 2, 3, 0, 0, 0, 4, 3, 0, 0, 0, 1, 0, 3",2,
587,aerb cat water fountain filters,ca,,,,,,,,,,,2021-11-05,,,,,,,,,,,,"0, 0, 0, 0, 0, 0, 0, 0, 0, 0, 0, 0, 0, 0, 0, 0, 0, 0, 0, 0, 0, 0, 0, 0",1,
588,cat won't drink out of water fountain,ca,,,,,,,,10,,,2022-07-13,,,,,,,,,,,,"0, 0, 0, 0, 0, 0, 0, 0, 0, 0, 0, 1, 0, 0, 0, 0, 0, 1, 1, 2, 1, 0, 1, 1",2,
589,should i get my cat a water fountain,ca,,,,,,,,20,,,2017-03-18,,,,,,,,,,,,"0, 0, 1, 1, 0, 1, 0, 0, 5, 0, 2, 1, 0, 7, 0, 0, 4, 1, 0, 0, 1, 3, 3, 1",3,
590,silver cat water fountain,ca,,,,,,,,10,,,2025-04-08,,,,,,,,,,,,"0, 0, 0, 0, 0, 0, 0, 1, 0, 0, 0, 0, 0, 1, 1, 1, 0, 0, 1, 0, 1, 1, 0, 0",1,
591,veken cat water fountain filter recall,ca,,,,,,,,30,,,2026-06-09,,,,,,,,,,,,"0, 0, 0, 0, 0, 0, 0, 0, 0, 0, 0, 0, 0, 0, 0, 0, 0, 0, 0, 0, 0, 4, 1, 0",2,
592,rantizon cat water fountain,ca,,,,,,,,,,,2023-08-03,,,,,,,,,,,,"7, 2, 3, 0, 0, 2, 0, 0, 1, 1, 0, 0, 0, 0, 0, 0, 0, 0, 0, 0, 0, 0, 0, 0",1,
593,pektaco wireless cat water fountain,ca,,,,,,,,10,,,2025-07-27,,,,,,,,,,,,"0, 0, 0, 0, 0, 0, 0, 0, 0, 0, 3, 0, 0, 0, 0, 0, 0, 0, 0, 2, 0, 0, 0, 0",1,
594,mondou cat water fountain,ca,,,,,,,,,,,2025-07-05,,,,,,,,,,,,"0, 0, 0, 0, 0, 0, 0, 0, 0, 0, 8, 4, 5, 0, 1, 0, 0, 0, 0, 0, 0, 0, 0, 0",1,
595,wastewater separation cat water fountain,ca,,,,,,,,10,,,2026-06-05,,,,,,,,,,,,"0, 0, 0, 0, 0, 0, 0, 0, 0, 0, 0, 0, 0, 0, 0, 0, 0, 0, 0, 0, 0, 14, 1, 0",5,
596,cat water fountain in store near me,ca,,,,,,,,10,,,2026-02-04,,,,,,,,,,,,"0, 0, 0, 0, 0, 0, 0, 0, 0, 0, 0, 0, 0, 0, 0, 0, 0, 2, 0, 0, 0, 0, 2, 0",2,
597,cat mushroom water fountain,ca,,,,,,,,,,,2021-08-14,,,,,,,,,,,,"0, 0, 0, 0, 0, 0, 0, 0, 0, 0, 0, 0, 0, 0, 0, 0, 0, 0, 0, 0, 0, 0, 0, 0",1,
598,tip proof cat water fountain,ca,,,,,,,,,,,2022-09-13,,,,,,,,,,,,"0, 0, 0, 0, 0, 0, 1, 0, 0, 0, 0, 0, 0, 0, 0, 0, 0, 0, 0, 0, 0, 0, 0, 0",1,
599,best cat water fountain 2026 reviews,ca,,,,,,,,50,,,2026-02-02,,,,,,,,,,,,"0, 0, 0, 0, 0, 0, 0, 0, 0, 0, 0, 0, 0, 0, 0, 0, 0, 1, 4, 6, 6, 1, 4, 0",3,
600,water fountain cat filter,ca,,,,,,,,10,,,2022-12-11,,,,,,,,,,,,"2, 3, 1, 1, 1, 1, 1, 1, 0, 0, 2, 2, 0, 0, 1, 1, 0, 0, 3, 1, 2, 0, 2, 5",3,
601,parner cat water fountain filter,ca,,,,,,,,,,,2021-02-09,,,,,,,,,,,,"0, 0, 0, 0, 0, 0, 0, 0, 0, 0, 0, 0, 0, 0, 0, 0, 0, 0, 0, 0, 0, 0, 0, 0",1,
602,sensor cat water fountain,ca,,,,,,,,30,,,2020-02-22,,,,,,,,,,,,"0, 1, 2, 2, 0, 0, 0, 1, 0, 0, 0, 2, 0, 1, 0, 0, 1, 3, 1, 0, 1, 0, 0, 0",1,
603,how do i get my cat to use a water fountain,ca,,,,,,,,10,,,2023-08-04,,,,,,,,,,,,"1, 0, 2, 2, 1, 1, 1, 0, 1, 2, 2, 3, 2, 5, 1, 2, 3, 0, 2, 5, 0, 0, 1, 0",2,
604,rellaty cat water fountain,ca,,,,,,,,10,,,2023-01-04,,,,,,,,,,,,"0, 0, 1, 0, 0, 2, 0, 0, 0, 0, 3, 0, 1, 0, 0, 1, 0, 0, 2, 0, 2, 1, 0, 0",2,
605,water fountain cat water bowl,ca,,,,,,,,10,,,2020-10-03,,,,,,,,,,,,"0, 0, 0, 0, 0, 0, 0, 0, 0, 0, 0, 0, 0, 0, 0, 0, 0, 0, 0, 0, 0, 0, 0, 0",1,
606,cat water fountain cordless,ca,,,,,,,,150,,,2020-05-08,,,,,,,,,,,,"3, 5, 7, 4, 1, 2, 3, 2, 1, 1, 2, 5, 0, 0, 1, 4, 1, 3, 4, 0, 6, 2, 4, 0",3,
607,simple cat water fountain,ca,,,,,,,,20,,,2023-03-31,,,,,,,,,,,,"0, 3, 0, 0, 0, 0, 0, 2, 0, 0, 2, 3, 1, 4, 0, 0, 0, 0, 0, 1, 0, 1, 0, 1",2,
608,how to deep clean cat water fountain,ca,,,,,,,,10,,,2023-06-18,,,,,,,,,,,,"1, 4, 2, 1, 5, 2, 2, 0, 2, 2, 1, 4, 2, 2, 0, 0, 0, 1, 0, 1, 1, 2, 1, 0",2,
609,cat mate water fountain pump,ca,,,,,,,,50,,,2020-08-01,,,,,,,,,,,,"0, 0, 0, 1, 0, 0, 0, 0, 0, 1, 0, 0, 0, 0, 0, 0, 0, 1, 0, 0, 0, 0, 0, 0",1,
610,cat drinking from water fountain close up,ca,,,,,,,,40,,,2026-02-20,,,,,,,,,,,,"0, 0, 0, 0, 0, 0, 0, 0, 0, 0, 0, 0, 0, 0, 0, 0, 0, 5, 11, 13, 2, 0, 1, 0",1,
611,how to lure cat to water fountain,ca,,,,,,,,,,,2024-11-12,,,,,,,,,,,,"0, 0, 2, 1, 1, 0, 0, 0, 0, 0, 1, 4, 1, 0, 0, 0, 0, 0, 0, 0, 0, 0, 0, 0",1,
612,cat water fountain that doesn't get slimy,ca,,,,,,,,70,,,2021-03-09,,,,,,,,,,,,"0, 1, 3, 2, 2, 2, 4, 1, 2, 1, 8, 4, 3, 7, 8, 5, 10, 1, 4, 8, 1, 1, 4, 1",3,
613,filtered cat water fountain,ca,,,,,,,,90,,,2020-02-19,,,,,,,,,,,,"4, 0, 2, 0, 0, 0, 0, 1, 1, 0, 2, 4, 1, 1, 1, 0, 4, 2, 1, 0, 0, 4, 3, 3",4,
614,heated cat water fountain,ca,,,,,,,,30,,,2021-12-11,,,,,,,,,,,,"1, 2, 1, 1, 0, 0, 0, 0, 0, 0, 0, 0, 4, 5, 7, 9, 1, 0, 0, 9, 0, 1, 3, 0",2,
615,cat water fountain stainless steel drinking,ca,,,,,,,,,,,2026-03-15,,,,,,,,,,,,"0, 0, 0, 0, 0, 0, 0, 0, 0, 0, 0, 0, 0, 0, 0, 0, 0, 0, 5, 3, 0, 0, 0, 0",1,
616,shein cat water fountain,ca,,,,,,,,,,,2025-01-25,,,,,,,,,,,,"0, 0, 0, 0, 1, 0, 0, 0, 0, 0, 0, 0, 0, 0, 0, 3, 0, 0, 0, 0, 0, 0, 0, 0",1,
617,how to stop cat from tipping water fountain,ca,,,,,,,,10,,,2023-02-25,,,,,,,,,,,,"1, 1, 6, 0, 2, 1, 2, 2, 0, 0, 0, 0, 0, 0, 0, 1, 0, 19, 1, 4, 2, 0, 0, 0",1,
618,cat water fountain pumpless,ca,,,,,,,,40,,,2024-12-17,,,,,,,,,,,,"0, 0, 0, 2, 2, 2, 5, 0, 6, 5, 4, 5, 3, 6, 6, 3, 4, 5, 1, 7, 3, 4, 4, 5",4,
619,orsda cat water fountain manual,ca,,,,,,,,,,,2021-06-18,,,,,,,,,,,,"0, 0, 0, 0, 0, 0, 0, 0, 0, 0, 0, 0, 0, 0, 0, 0, 0, 0, 0, 0, 0, 0, 0, 0",1,
620,what's the best cat water fountain,ca,,,,,,,,30,,,2020-08-22,,,,,,,,,,,,"0, 0, 0, 0, 0, 0, 0, 1, 1, 0, 1, 1, 0, 0, 2, 0, 0, 0, 1, 1, 1, 0, 2, 6",3,
621,weighted cat water fountain,ca,,,,,,,,10,,,2022-02-09,,,,,,,,,,,,"0, 0, 0, 0, 0, 0, 0, 0, 1, 0, 0, 0, 0, 0, 0, 0, 0, 2, 1, 0, 0, 1, 0, 0",2,
622,water pump cat fountain,ca,,,,,,,,50,,,2021-10-01,,,,,,,,,,,,"7, 2, 3, 4, 2, 0, 1, 2, 2, 3, 1, 3, 0, 2, 0, 2, 3, 2, 2, 0, 0, 1, 1, 0",2,
623,hapup cat water fountain,ca,,,,,,,,10,,,2022-10-28,,,,,,,,,,,,"0, 0, 0, 0, 0, 0, 0, 0, 0, 0, 2, 0, 1, 0, 1, 1, 0, 1, 0, 0, 0, 0, 0, 0",1,
624,cat water fountain filter turned pink,ca,,,,,,,,10,,,2026-04-17,,,,,,,,,,,,"0, 0, 0, 0, 0, 0, 0, 0, 0, 0, 0, 0, 0, 0, 0, 0, 0, 0, 0, 1, 1, 1, 2, 3",3,
625,best cat water fountain 2022,ca,,,,,,,,,,,2022-01-25,,,,,,,,,,,,"0, 0, 0, 0, 0, 0, 0, 0, 0, 0, 0, 0, 0, 0, 0, 0, 0, 0, 0, 0, 0, 0, 0, 0",1,
626,how to disinfect cat water fountain,ca,,,,,,,,20,,,2023-03-01,,,,,,,,,,,,"1, 1, 0, 1, 2, 1, 4, 3, 0, 0, 0, 0, 0, 0, 0, 0, 1, 3, 0, 1, 2, 0, 5, 0",2,
627,cat filterless water fountain,ca,,,,,,,,10,,,2026-03-23,,,,,,,,,,,,"0, 0, 0, 0, 0, 0, 0, 0, 0, 0, 0, 0, 0, 0, 0, 0, 0, 0, 3, 1, 2, 0, 2, 1",2,
628,cepheus ceramic cat water fountain,ca,,,,,,,,,,,2023-03-28,,,,,,,,,,,,"0, 0, 0, 0, 0, 0, 0, 0, 0, 0, 0, 0, 0, 0, 0, 0, 0, 0, 0, 0, 0, 2, 0, 0",2,
629,petlibro cordless cat water fountain,ca,,,,,,,,,,,2025-07-12,,,,,,,,,,,,"0, 0, 0, 0, 0, 0, 0, 0, 0, 0, 8, 0, 0, 0, 0, 0, 0, 0, 0, 1, 0, 0, 1, 1",2,
630,cat water fountain pros cons,ca,,,,,,,,,,,2025-07-16,,,,,,,,,,,,"0, 0, 0, 0, 0, 0, 0, 0, 0, 0, 2, 0, 0, 0, 0, 0, 0, 0, 0, 0, 2, 0, 0, 0",1,
631,why does my cat move his water fountain,ca,,,,,,,,,,,2023-04-26,,,,,,,,,,,,"0, 0, 0, 0, 0, 0, 0, 0, 0, 0, 0, 0, 0, 0, 0, 0, 0, 0, 0, 0, 0, 0, 0, 0",1,
632,porcelain cat water fountain,ca,,,,,,,,60,,,2020-02-05,,,,,,,,,,,,"0, 0, 3, 7, 4, 1, 3, 0, 3, 4, 2, 3, 2, 1, 2, 0, 2, 2, 4, 2, 1, 5, 4, 0",3,
633,can you put ice in a cat water fountain,ca,,,,,,,,,,,2026-07-04,,,,,,,,,,,,"0, 0, 0, 0, 0, 0, 0, 0, 0, 0, 0, 0, 0, 0, 0, 0, 0, 0, 0, 0, 0, 0, 4, 0",2,
634,cat water fountain filters petsmart,ca,,,,,,,,,,,2021-09-24,,,,,,,,,,,,"1, 0, 0, 0, 1, 0, 0, 0, 0, 1, 0, 2, 0, 0, 0, 0, 1, 0, 0, 1, 0, 0, 0, 0",1,
635,cat water fountain daisy,ca,,,,,,,,,,,2020-07-27,,,,,,,,,,,,"1, 0, 0, 0, 0, 0, 0, 0, 0, 0, 0, 0, 0, 0, 0, 0, 0, 0, 0, 0, 1, 0, 0, 0",1,
636,cat water fountain singapore,ca,,,,,,,,30,,,2021-11-24,,,,,,,,,,,,"0, 0, 0, 0, 0, 0, 0, 1, 0, 0, 0, 0, 0, 0, 0, 0, 0, 0, 0, 0, 0, 0, 0, 0",1,
637,cat water fountain pump cleaning,ca,,,,,,,,20,,,2023-01-30,,,,,,,,,,,,"0, 0, 0, 0, 0, 0, 0, 0, 0, 0, 0, 4, 3, 2, 3, 2, 2, 1, 2, 2, 0, 0, 0, 0",1,
638,cat stopped using water fountain,ca,,,,,,,,,,,2024-06-07,,,,,,,,,,,,"1, 0, 0, 0, 0, 0, 0, 0, 0, 0, 0, 0, 0, 0, 0, 0, 0, 0, 0, 0, 0, 0, 0, 0",1,
639,high quality cat water fountain,ca,,,,,,,,10,,,2024-05-31,,,,,,,,,,,,"0, 0, 0, 0, 0, 0, 1, 2, 1, 0, 0, 6, 2, 0, 0, 2, 0, 1, 0, 0, 2, 2, 0, 0",2,
640,best cat water fountain 2021,ca,,,,,,,,,,,2021-02-27,,,,,,,,,,,,"0, 0, 0, 0, 0, 0, 0, 0, 0, 0, 0, 0, 0, 0, 0, 0, 0, 0, 0, 0, 0, 0, 0, 0",1,
641,giotohun cat water fountain stopped working,ca,,,,,,,,,,,2025-03-20,,,,,,,,,,,,"0, 0, 0, 0, 0, 0, 2, 4, 5, 1, 2, 4, 0, 2, 0, 0, 0, 0, 0, 0, 0, 0, 0, 0",1,
642,how to set up stainless steel cat water fountain,ca,,,,,,,,10,,,2026-01-22,,,,,,,,,,,,"0, 0, 0, 0, 0, 0, 0, 0, 0, 0, 0, 0, 0, 0, 0, 0, 1, 5, 1, 0, 1, 2, 0, 0",2,
643,bluzzo cat water fountain,ca,,,,,,,,,,,2022-10-05,,,,,,,,,,,,"0, 0, 0, 0, 0, 0, 0, 0, 0, 0, 0, 0, 0, 0, 0, 0, 0, 0, 0, 0, 0, 0, 0, 0",1,
644,phone controlled cat water fountain,ca,,,,,,,,,,,2023-06-18,,,,,,,,,,,,"0, 0, 0, 0, 0, 0, 0, 0, 0, 0, 0, 0, 0, 0, 0, 0, 0, 0, 0, 0, 0, 0, 0, 0",1,
645,hygienic cat water fountain,ca,,,,,,,,20,,,2025-02-06,,,,,,,,,,,,"0, 0, 0, 0, 0, 2, 0, 1, 0, 0, 0, 1, 0, 0, 0, 0, 0, 0, 1, 0, 0, 0, 2, 1",2,
646,best cat filtered water fountain,ca,,,,,,,,10,,,2022-01-24,,,,,,,,,,,,"2, 0, 0, 0, 1, 0, 0, 0, 1, 0, 2, 0, 0, 1, 0, 1, 0, 0, 1, 1, 0, 0, 2, 2",3,
647,cat fountain water filter,ca,,,0.35,,,,,30,,,2020-07-16,,,,,,,,,,,,"1, 3, 1, 1, 2, 2, 1, 8, 0, 1, 3, 2, 0, 1, 1, 2, 3, 0, 1, 4, 0, 3, 3, 2",4,
648,cat drinking flowing water fountain,ca,,,,,,,,10,,,2026-03-24,,,,,,,,,,,,"0, 0, 0, 0, 0, 0, 0, 0, 0, 0, 0, 0, 0, 0, 0, 0, 0, 0, 4, 5, 0, 0, 0, 0",1,
649,cat water fountain that looks like a faucet,ca,,,,,,,,20,,,2020-02-11,,,,,,,,,,,,"0, 1, 0, 4, 1, 2, 1, 0, 2, 1, 1, 0, 3, 1, 1, 1, 1, 0, 4, 0, 1, 0, 0, 0",1,
650,cat drinking from water fountain bowl,ca,,,,,,,,10,,,2026-03-05,,,,,,,,,,,,"0, 0, 0, 0, 0, 0, 0, 0, 0, 0, 0, 0, 0, 0, 0, 0, 0, 0, 4, 2, 0, 0, 0, 0",1,
651,your pet my cat water fountain,ca,,,,,,,,,,,2023-02-04,,,,,,,,,,,,"0, 0, 0, 0, 0, 0, 0, 0, 0, 0, 0, 0, 0, 0, 0, 0, 0, 0, 0, 0, 0, 0, 0, 0",1,
652,best easy-to-clean cat water fountain brands,ca,,,,,,,,40,,,2026-07-03,,,,,,,,,,,,"0, 0, 0, 0, 0, 0, 0, 0, 0, 0, 0, 0, 0, 0, 0, 0, 0, 0, 0, 0, 0, 0, 5, 0",2,
653,drinkwell cat water fountain battery operated,ca,,,,,,,,,,,2018-03-03,,,,,,,,,,,,"0, 0, 0, 0, 0, 0, 0, 0, 0, 0, 0, 0, 0, 0, 0, 0, 0, 0, 0, 0, 0, 0, 0, 0",1,
654,cold water cat fountain,ca,,,,,,,,10,,,2018-07-11,,,,,,,,,,,,"0, 0, 0, 0, 0, 0, 0, 0, 1, 0, 1, 1, 1, 0, 1, 3, 0, 1, 0, 1, 1, 1, 1, 0",2,
655,uah cat water fountain instructions,ca,,,,,,,,,,,2022-11-25,,,,,,,,,,,,"0, 0, 0, 0, 0, 0, 0, 0, 0, 0, 0, 0, 0, 0, 0, 0, 0, 0, 0, 0, 0, 0, 0, 0",1,
656,cat water fountain chewy,ca,,,,,,,,40,,,2021-04-15,,,,,,,,,,,,"0, 0, 0, 0, 0, 0, 0, 2, 0, 1, 1, 0, 0, 0, 2, 1, 1, 5, 1, 2, 3, 1, 2, 3",3,
657,cat fountain that keeps water cold,ca,,,,,,,,10,,,2017-04-09,,,,,,,,,,,,"0, 0, 0, 2, 0, 0, 0, 0, 0, 0, 4, 1, 1, 1, 1, 0, 0, 0, 0, 0, 1, 5, 2, 3",4,
658,cat water fountain amazon uk,ca,,,,,,,,,,,2020-08-11,,,,,,,,,,,,"1, 1, 0, 0, 0, 0, 0, 0, 0, 0, 0, 0, 0, 0, 0, 0, 0, 0, 0, 0, 0, 0, 0, 0",1,
659,cat water fountain for drinking,ca,,,,,,,,20,,,2021-11-22,,,,,,,,,,,,"1, 0, 0, 0, 0, 0, 0, 1, 2, 0, 0, 0, 0, 0, 0, 0, 1, 0, 0, 0, 0, 0, 0, 0",1,
660,tomxcute cat water fountain filters,ca,,,,,,,,,,,2022-10-14,,,,,,,,,,,,"0, 0, 0, 0, 0, 0, 0, 1, 0, 0, 0, 1, 0, 0, 0, 0, 1, 0, 0, 0, 0, 0, 0, 0",1,
661,cat paws at water fountain,ca,,,,,,,,,,,2022-06-28,,,,,,,,,,,,"0, 0, 0, 0, 0, 0, 0, 0, 0, 0, 0, 0, 0, 0, 0, 0, 0, 0, 0, 0, 0, 0, 0, 0",1,
662,cat water fountain cleaning,ca,,,,,,,,40,,,2016-06-22,,,,,,,,,,,,"3, 3, 2, 2, 4, 3, 5, 2, 5, 4, 6, 3, 4, 6, 2, 6, 3, 6, 6, 4, 7, 4, 3, 1",4,
663,buy cat water fountain,ca,,,,,,,,40,,,2020-05-01,,,,,,,,,,,,"1, 3, 3, 5, 2, 0, 0, 1, 0, 0, 3, 2, 0, 3, 1, 1, 7, 1, 2, 1, 1, 1, 0, 1",2,
664,can i put ice in cat water fountain,ca,,,,,,,,,,,2026-07-01,,,,,,,,,,,,"0, 0, 0, 0, 0, 0, 0, 0, 0, 0, 0, 0, 0, 0, 0, 0, 0, 0, 0, 0, 0, 0, 4, 0",2,
665,how to make a cat water fountain,ca,,,,,,,,30,,,2016-07-16,,,,,,,,,,,,"7, 3, 2, 1, 4, 1, 3, 0, 0, 0, 4, 3, 4, 1, 1, 0, 0, 2, 3, 4, 1, 4, 1, 0",3,
666,my cat won t drink from water fountain,ca,,,,,,,,10,,,2025-01-22,,,,,,,,,,,,"0, 0, 0, 0, 2, 1, 0, 0, 0, 0, 1, 1, 0, 1, 0, 2, 3, 1, 0, 0, 6, 0, 2, 1",2,
667,how long do cat water fountain filters last,ca,,,,,,,,30,,,2021-01-24,,,,,,,,,,,,"2, 1, 7, 3, 2, 1, 5, 2, 2, 1, 6, 3, 3, 2, 5, 2, 8, 4, 5, 7, 5, 1, 6, 0",4,
668,cat cactus water fountain,ca,,,,,,,,,,,2022-07-01,,,,,,,,,,,,"0, 0, 0, 0, 0, 0, 0, 0, 0, 0, 0, 0, 0, 0, 0, 0, 0, 0, 0, 0, 0, 0, 0, 0",1,
669,cat water fountain usb,ca,,,,,,,,10,,,2023-01-05,,,,,,,,,,,,"0, 1, 0, 0, 0, 0, 0, 0, 0, 1, 0, 2, 0, 0, 1, 0, 0, 0, 0, 2, 0, 0, 1, 0",2,
670,best cat water fountain amazon,ca,,,,,,,,50,,,2020-01-07,,,,,,,,,,,,"1, 1, 0, 0, 0, 0, 2, 0, 0, 5, 15, 7, 0, 1, 4, 5, 1, 4, 8, 0, 6, 1, 4, 3",3,
671,how to get my cat to drink from a water fountain,ca,,,,,,,,40,,,2019-12-30,,,,,,,,,,,,"0, 0, 0, 0, 1, 0, 1, 0, 0, 0, 0, 0, 0, 0, 0, 0, 0, 0, 0, 0, 1, 1, 2, 2",3,
672,soofpet cat water fountain reviews,ca,,,,,,,,,,,2023-08-28,,,,,,,,,,,,"0, 0, 0, 0, 0, 0, 0, 0, 0, 0, 0, 0, 0, 0, 0, 0, 0, 0, 0, 0, 0, 0, 0, 0",1,
673,loomla cat water fountain,ca,,,,,,,,,,,2022-04-20,,,,,,,,,,,,"3, 0, 0, 1, 0, 0, 0, 0, 0, 3, 0, 0, 0, 0, 0, 0, 0, 0, 0, 0, 0, 0, 0, 0",1,
674,cat shaped water fountain,ca,,,,,,,,40,,,2021-11-25,,,,,,,,,,,,"5, 2, 3, 3, 2, 1, 2, 1, 2, 0, 2, 4, 0, 0, 0, 3, 2, 0, 0, 0, 0, 1, 2, 1",2,
675,how to clean water pump cat fountain,ca,,,,,,,,10,,,2025-02-28,,,,,,,,,,,,"0, 0, 0, 0, 0, 1, 0, 3, 0, 0, 0, 0, 2, 1, 0, 0, 2, 1, 3, 3, 2, 5, 2, 3",4,
676,best cat water fountain review 2025,ca,,,,,,,,,,,2025-06-22,,,,,,,,,,,,"0, 0, 0, 0, 0, 0, 0, 0, 0, 3, 5, 0, 0, 0, 0, 0, 2, 0, 0, 0, 0, 0, 0, 0",1,
677,modern stainless steel cat water fountain,ca,,,,,,,,10,,,2026-03-18,,,,,,,,,,,,"0, 0, 0, 0, 0, 0, 0, 0, 0, 0, 0, 0, 0, 0, 0, 0, 0, 0, 1, 0, 3, 1, 2, 0",2,
678,cat water fountain with chiller,ca,,,,,,,,,,,2022-07-25,,,,,,,,,,,,"0, 0, 0, 0, 0, 0, 0, 0, 0, 0, 0, 0, 0, 0, 0, 0, 0, 0, 0, 0, 0, 0, 0, 0",1,
679,parner cat water fountain instructions,ca,,,,,,,,,,,2020-08-07,,,,,,,,,,,,"0, 0, 0, 0, 0, 0, 0, 0, 0, 0, 0, 0, 0, 0, 0, 0, 0, 0, 0, 0, 0, 0, 0, 0",1,
680,cat water fountain with grass,ca,,,,,,,,,,,2020-01-20,,,,,,,,,,,,"0, 0, 0, 0, 0, 0, 0, 0, 0, 0, 0, 0, 0, 0, 0, 0, 0, 0, 0, 0, 0, 0, 0, 0",1,
681,how to fix cat water fountain,ca,,,,,,,,10,,,2020-09-24,,,,,,,,,,,,"1, 8, 2, 2, 6, 4, 7, 2, 8, 0, 3, 2, 1, 0, 0, 0, 4, 1, 2, 0, 0, 0, 1, 0",2,
682,all glass cat water fountain,ca,,,,,,,,10,,,2026-01-13,,,,,,,,,,,,"0, 0, 0, 0, 0, 0, 0, 0, 0, 0, 0, 0, 0, 0, 0, 0, 1, 0, 0, 0, 2, 1, 0, 0",1,
683,cat mate water fountain pump instructions,ca,,,,,,,,,,,2022-02-04,,,,,,,,,,,,"0, 0, 0, 0, 0, 0, 0, 0, 0, 0, 0, 0, 0, 0, 0, 0, 0, 0, 0, 0, 0, 0, 0, 0",1,
684,cat water fountain with camera,ca,,,,,,,,10,,,2024-06-12,,,,,,,,,,,,"0, 0, 1, 0, 0, 0, 0, 0, 1, 0, 0, 1, 0, 0, 2, 1, 1, 0, 0, 0, 0, 0, 0, 0",1,
685,why won't my cat drink out of the water fountain,ca,,,,,,,,30,,,2023-07-20,,,,,,,,,,,,"3, 5, 1, 1, 3, 1, 1, 2, 0, 0, 0, 0, 0, 0, 0, 2, 6, 5, 2, 1, 1, 6, 6, 2",6,
686,cat sink water fountain,ca,,,,,,,,10,,,2020-03-31,,,,,,,,,,,,"3, 0, 0, 0, 0, 0, 0, 0, 1, 0, 0, 0, 0, 0, 0, 0, 0, 1, 0, 4, 0, 0, 0, 1",1,
687,what to look for in cat water fountain,ca,,,,,,,,50,,,2025-10-09,,,,,,,,,,,,"0, 0, 0, 0, 0, 0, 0, 0, 0, 0, 0, 0, 0, 2, 12, 2, 1, 1, 2, 5, 1, 0, 2, 2",2,
688,worms in cat water fountain,ca,,,,,,,,80,,,2020-02-24,,,,,,,,,,,,"2, 7, 6, 7, 4, 2, 1, 0, 2, 1, 7, 5, 5, 3, 4, 4, 3, 7, 2, 2, 3, 4, 5, 7",5,
689,smart cat water fountain,ca,,,,,,,,150,,,2020-06-05,,,,,,,,,,,,"11, 0, 10, 5, 13, 9, 12, 11, 10, 16, 23, 16, 10, 4, 3, 4, 3, 4, 3, 1, 6, 8, 1, 4",5,
690,how often to refill cat water fountain,ca,,,,,,,,10,,,2024-07-28,,,,,,,,,,,,"0, 0, 0, 0, 0, 0, 0, 1, 0, 0, 0, 0, 0, 0, 0, 0, 0, 0, 0, 0, 0, 2, 4, 2",4,
691,stainless steel cat water fountain filter,ca,,,,,,,,10,,,2025-06-26,,,,,,,,,,,,"0, 0, 0, 0, 0, 0, 0, 0, 0, 2, 1, 0, 0, 0, 1, 0, 1, 0, 0, 1, 1, 1, 2, 1",3,
692,bacteria in cat water fountain,ca,,,,,,,,,,,2024-02-22,,,,,,,,,,,,"0, 0, 0, 0, 0, 0, 0, 0, 0, 0, 0, 0, 0, 1, 0, 0, 0, 0, 0, 0, 0, 0, 0, 1",1,
693,stainless steel or ceramic cat water fountain,ca,,,,,,,,20,,,2021-08-24,,,,,,,,,,,,"2, 2, 1, 2, 1, 0, 0, 2, 1, 1, 2, 1, 1, 0, 0, 0, 0, 0, 0, 0, 2, 1, 5, 3",4,
694,can cat get electrocuted from water fountain,ca,,,,,,,,,,,2023-05-05,,,,,,,,,,,,"0, 0, 2, 1, 0, 0, 0, 0, 0, 0, 0, 1, 0, 0, 0, 0, 0, 0, 0, 0, 0, 0, 0, 0",1,
695,cat water fountain filter replacement frequency,ca,,,,,,,,20,,,2025-07-22,,,,,,,,,,,,"0, 0, 0, 0, 0, 0, 0, 0, 0, 0, 3, 1, 0, 0, 0, 1, 5, 0, 0, 0, 1, 0, 0, 0",1,
696,cat water fountain with wireless pump,ca,,,,,,,,,,,2022-12-25,,,,,,,,,,,,"0, 0, 0, 0, 0, 0, 0, 0, 0, 0, 0, 0, 0, 0, 0, 0, 0, 0, 0, 0, 0, 0, 0, 0",1,
697,cat water fountain that can't be knocked over,ca,,,,,,,,40,,,2021-06-26,,,,,,,,,,,,"0, 1, 0, 0, 4, 3, 8, 1, 2, 0, 4, 0, 1, 4, 4, 2, 3, 2, 3, 1, 4, 0, 0, 1",1,
698,cat filter for water fountain,ca,,,,,,,,10,,,2026-01-06,,,,,,,,,,,,"0, 0, 0, 0, 0, 0, 0, 0, 0, 0, 0, 0, 0, 0, 0, 0, 4, 0, 1, 1, 0, 0, 2, 0",2,
699,cat pawing water fountain,ca,,,,,,,,,,,2026-03-19,,,,,,,,,,,,"0, 0, 0, 0, 0, 0, 0, 0, 0, 0, 0, 0, 0, 0, 0, 0, 0, 0, 1, 3, 0, 2, 0, 0",2,
700,soofpet cat water fountain pump not working,ca,,,,,,,,,,,2024-09-29,,,,,,,,,,,,"2, 3, 0, 0, 0, 0, 0, 0, 0, 0, 0, 0, 0, 0, 0, 0, 0, 0, 0, 0, 0, 0, 0, 0",1,
701,cat water fountain setup,ca,,,,,,,,10,,,2026-03-28,,,,,,,,,,,,"0, 0, 0, 0, 0, 0, 0, 0, 0, 0, 0, 0, 0, 0, 0, 0, 0, 0, 1, 2, 4, 0, 2, 0",2,
702,misfans ceramic cat water fountain,ca,,,,,,,,10,,,2025-07-06,,,,,,,,,,,,"0, 0, 0, 0, 0, 0, 0, 0, 0, 0, 5, 1, 1, 1, 1, 0, 0, 0, 0, 0, 3, 0, 0, 0",1,
703,cat feeder and water fountain,ca,,,,,,,,20,,,2024-03-28,,,,,,,,,,,,"0, 0, 0, 0, 3, 1, 5, 0, 1, 1, 7, 1, 0, 0, 0, 0, 0, 1, 2, 1, 0, 0, 1, 1",2,
704,stainless steel cat water fountain benefits,ca,,,,,,,,20,,,2025-06-14,,,,,,,,,,,,"0, 0, 0, 0, 0, 0, 0, 0, 0, 2, 1, 0, 0, 1, 2, 0, 2, 0, 0, 3, 1, 0, 0, 0",1,
705,cat pumpless water fountain,ca,,,,,,,,10,,,2026-01-15,,,,,,,,,,,,"0, 0, 0, 0, 0, 0, 0, 0, 0, 0, 0, 0, 0, 0, 0, 0, 4, 3, 2, 1, 0, 0, 0, 0",1,
706,best cat water fountain with filter,ca,,,,,,,,10,,,2021-07-06,,,,,,,,,,,,"0, 1, 0, 0, 0, 0, 0, 0, 0, 1, 1, 0, 0, 1, 1, 1, 0, 0, 0, 0, 0, 1, 1, 0",2,
707,cat water fountain how to use,ca,,,,,,,,10,,,2021-09-29,,,,,,,,,,,,"1, 0, 1, 1, 1, 0, 0, 0, 2, 0, 1, 0, 1, 1, 0, 2, 2, 0, 0, 0, 2, 0, 2, 0",2,
708,automatic cat fountain water bowl,ca,,,,,,,,20,,,2025-08-03,,,,,,,,,,,,"0, 0, 0, 0, 0, 0, 0, 0, 0, 0, 0, 1, 0, 0, 8, 4, 2, 0, 0, 0, 0, 0, 0, 0",1,
709,petsafe cat water fountain blinking blue light,ca,,,,,,,,30,,,2025-07-18,,,,,,,,,,,,"0, 0, 0, 0, 0, 0, 0, 0, 0, 0, 3, 1, 2, 0, 0, 0, 1, 0, 0, 0, 4, 1, 2, 2",2,
710,veken cat water fountain filter replacement,ca,,,,,,,,20,,,2026-03-13,,,,,,,,,,,,"0, 0, 0, 0, 0, 0, 0, 0, 0, 0, 0, 0, 0, 0, 0, 0, 0, 0, 1, 0, 4, 0, 1, 0",2,
711,how to replace cat water fountain filter,ca,,,,,,,,10,,,2024-08-14,,,,,,,,,,,,"0, 0, 3, 0, 1, 1, 3, 3, 3, 2, 1, 4, 2, 3, 4, 1, 1, 2, 0, 0, 0, 0, 0, 0",1,
712,uah pet zero wireless cat water fountain,ca,,,,,,,,20,,,2022-09-22,,,,,,,,,,,,"0, 0, 0, 0, 0, 0, 0, 0, 0, 0, 0, 0, 0, 0, 0, 0, 0, 0, 0, 0, 0, 2, 0, 0",2,
713,most popular cat water fountain,ca,,,,,,,,,,,2025-06-18,,,,,,,,,,,,"0, 0, 0, 0, 0, 0, 0, 0, 0, 2, 0, 0, 0, 0, 0, 0, 0, 0, 0, 0, 0, 0, 2, 0",2,
714,wirecutter best cat water fountain,ca,,,,,,,,10,,,2022-10-31,,,,,,,,,,,,"0, 0, 0, 0, 0, 0, 0, 0, 0, 0, 0, 0, 0, 3, 0, 1, 0, 0, 0, 0, 0, 0, 0, 0",1,
715,untippable cat water fountain,ca,,,,,,,,80,,,2020-12-28,,,,,,,,,,,,"2, 2, 2, 1, 4, 2, 1, 0, 0, 1, 1, 0, 1, 5, 2, 3, 6, 3, 6, 1, 1, 2, 5, 0",3,
716,comsmart cat water fountain filter,ca,,,,,,,,,,,2021-04-17,,,,,,,,,,,,"0, 0, 0, 0, 0, 0, 0, 0, 0, 0, 0, 0, 0, 0, 0, 0, 0, 0, 0, 0, 0, 0, 0, 0",1,
717,whisker city cat water fountain,ca,,,,,,,,30,,,2020-08-06,,,,,,,,,,,,"1, 0, 4, 0, 0, 0, 3, 0, 1, 0, 3, 3, 1, 1, 1, 1, 0, 1, 2, 2, 2, 0, 3, 0",2,
718,laika cat water fountain,ca,,,,,,,,,,,2022-02-11,,,,,,,,,,,,"0, 0, 0, 0, 0, 0, 0, 0, 0, 0, 0, 0, 0, 0, 0, 0, 0, 0, 0, 0, 0, 0, 0, 0",1,
719,pure cat water fountain,ca,,,,,,,,100,,,2026-02-20,,,,,,,,,,,,"0, 0, 0, 0, 0, 0, 0, 0, 0, 0, 0, 0, 0, 0, 0, 0, 0, 3, 5, 2, 0, 1, 0, 0",2,
720,cat electrocuted by water fountain,ca,,,,,,,,,,,2023-05-02,,,,,,,,,,,,"2, 0, 0, 0, 0, 0, 0, 0, 0, 0, 0, 0, 0, 0, 0, 0, 0, 0, 0, 0, 0, 0, 0, 0",1,
721,flower cat water fountain filters,ca,,,,,,,,10,,,2021-05-01,,,,,,,,,,,,"1, 0, 0, 0, 0, 0, 0, 0, 0, 0, 0, 1, 0, 0, 0, 0, 0, 0, 0, 0, 0, 0, 0, 1",2,
722,how to fill up cat water fountain,ca,,,,,,,,,,,2023-06-13,,,,,,,,,,,,"1, 0, 0, 0, 0, 0, 0, 0, 0, 0, 2, 1, 3, 0, 0, 0, 0, 0, 0, 1, 0, 0, 0, 3",2,
723,water fountain cat dish,ca,,,,,,,,10,,,2017-08-19,,,,,,,,,,,,"0, 0, 0, 0, 0, 0, 0, 0, 0, 0, 0, 0, 0, 0, 0, 1, 0, 0, 0, 0, 0, 0, 0, 2",2,
724,ceramic vs stainless steel cat water fountain,ca,,,,,,,,30,,,2025-07-04,,,,,,,,,,,,"0, 0, 0, 0, 0, 0, 0, 0, 0, 0, 2, 1, 0, 1, 4, 2, 8, 0, 14, 0, 2, 4, 4, 2",5,
725,cat water fountain with washable filter,ca,,,,,,,,40,,,2022-08-11,,,,,,,,,,,,"0, 1, 2, 2, 2, 0, 1, 1, 0, 0, 1, 0, 2, 5, 2, 6, 3, 1, 3, 0, 3, 3, 9, 5",8,
726,usb charged cat water fountain,ca,,,,,,,,,,,2023-03-20,,,,,,,,,,,,"1, 1, 3, 1, 1, 1, 0, 0, 2, 1, 0, 0, 0, 0, 0, 0, 0, 0, 0, 0, 0, 0, 0, 0",1,
727,water fountain vs cat litter box,ca,,,,,,,,10,,,2026-04-16,,,,,,,,,,,,"0, 0, 0, 0, 0, 0, 0, 0, 0, 0, 0, 0, 0, 0, 0, 0, 0, 0, 0, 7, 7, 3, 0, 0",2,
728,best cat water fountain filter,ca,,,,,,,,20,,,2025-08-20,,,,,,,,,,,,"0, 0, 0, 0, 0, 0, 0, 0, 0, 0, 0, 2, 0, 1, 2, 1, 2, 0, 1, 0, 0, 0, 0, 0",1,
729,cat water fountain kidney disease,ca,,,,,,,,10,,,2023-02-26,,,,,,,,,,,,"0, 0, 0, 0, 0, 0, 0, 0, 0, 0, 0, 0, 0, 5, 2, 3, 1, 0, 0, 0, 0, 2, 1, 0",2,
730,veken cat water fountain not working,ca,,,,,,,,20,,,2025-10-06,,,,,,,,,,,,"0, 0, 0, 0, 0, 0, 0, 0, 0, 0, 0, 0, 0, 1, 0, 0, 0, 1, 1, 3, 1, 0, 2, 1",2,
731,veken cat water fountain instructions,ca,,,,,,,,20,,,2021-01-09,,,,,,,,,,,,"1, 1, 0, 0, 0, 0, 2, 1, 0, 0, 0, 0, 1, 0, 0, 3, 0, 0, 4, 1, 2, 3, 3, 1",4,
732,veken cat water fountain replacement filters,ca,,,,,,,,,,,2026-07-29,,,,,,,,,,,,"0, 0, 0, 0, 0, 0, 0, 0, 0, 0, 0, 0, 0, 0, 0, 0, 0, 0, 0, 0, 0, 0, 2, 2",2,
733,purrflow cat water fountain,ca,,,,,,,,40,,,2026-01-02,,,,,,,,,,,,"0, 0, 0, 0, 0, 0, 0, 0, 0, 0, 0, 0, 0, 0, 0, 0, 2, 1, 6, 0, 0, 0, 0, 0",1,
734,stainless steel cat fountain water bowl,ca,,,,,,,,,,,2023-02-12,,,,,,,,,,,,"1, 0, 0, 0, 0, 0, 0, 0, 0, 0, 0, 0, 0, 0, 0, 0, 0, 0, 0, 0, 0, 0, 0, 0",1,
735,naughty paws cat water fountain,ca,,,,,,,,,,,2024-02-02,,,,,,,,,,,,"1, 0, 0, 0, 0, 0, 0, 0, 0, 1, 0, 0, 0, 0, 0, 0, 0, 0, 0, 0, 0, 0, 6, 2",3,
736,heavy ceramic cat water fountain,ca,,,,,,,,30,,,2025-01-25,,,,,,,,,,,,"0, 0, 0, 0, 1, 0, 0, 0, 0, 0, 3, 1, 0, 3, 1, 1, 1, 0, 1, 1, 2, 1, 0, 1",2,
737,what is a good cat water fountain,ca,,,,,,,,20,,,2017-04-15,,,,,,,,,,,,"0, 0, 0, 0, 0, 0, 0, 0, 0, 0, 3, 1, 1, 0, 1, 2, 1, 0, 0, 0, 1, 2, 1, 3",3,
738,moving water cat fountain,ca,,,,,,,,10,,,2020-04-24,,,,,,,,,,,,"1, 0, 0, 0, 0, 0, 0, 0, 0, 0, 0, 0, 1, 0, 3, 1, 0, 1, 1, 0, 5, 1, 2, 1",2,
739,veken cat water fountain reviews,ca,,,,,,,,50,,,2025-09-05,,,,,,,,,,,,"0, 0, 0, 0, 0, 0, 0, 0, 0, 0, 0, 0, 1, 1, 2, 2, 2, 0, 0, 2, 2, 5, 11, 6",6,
740,orsda cat water fountain reviews,ca,,,,,,,,,,,2021-05-12,,,,,,,,,,,,"0, 0, 0, 0, 0, 0, 0, 0, 0, 0, 0, 0, 0, 0, 0, 0, 0, 0, 0, 0, 0, 0, 0, 0",1,
741,cat water fountain that doesn t get slimy,ca,,,,,,,,40,,,2025-01-16,,,,,,,,,,,,"0, 0, 0, 0, 1, 0, 1, 0, 0, 0, 0, 0, 0, 0, 0, 1, 2, 0, 3, 5, 0, 1, 2, 2",3,
742,best stainless steel cat water fountain amazon,ca,,,,,,,,10,,,2025-06-14,,,,,,,,,,,,"0, 0, 0, 0, 0, 0, 0, 0, 0, 3, 10, 4, 0, 3, 0, 0, 1, 0, 0, 1, 1, 0, 0, 0",1,
743,best cat water fountain reddit,ca,,,,,,,,150,,,2016-01-12,,,,,,,,,,,,"0, 0, 0, 0, 0, 0, 0, 1, 0, 0, 0, 0, 1, 1, 5, 0, 0, 1, 0, 1, 1, 0, 1, 0",1,
744,cat mate water fountain how often change filter,ca,,,,,,,,,,,2020-09-20,,,,,,,,,,,,"0, 0, 0, 0, 0, 0, 0, 0, 0, 0, 0, 0, 0, 0, 0, 0, 0, 0, 0, 0, 0, 0, 0, 0",1,
745,cat water fountain meme,ca,,,,,,,,,,,2025-06-10,,,,,,,,,,,,"0, 0, 0, 0, 0, 0, 0, 0, 0, 2, 2, 0, 0, 0, 0, 0, 0, 0, 0, 0, 0, 0, 0, 0",1,
746,my cat is afraid of the water fountain,ca,,,,,,,,,,,2022-08-13,,,,,,,,,,,,"3, 3, 1, 0, 0, 0, 0, 0, 0, 0, 3, 2, 1, 0, 0, 0, 0, 0, 0, 0, 0, 0, 0, 0",1,
747,foam in cat water fountain,ca,,,,,,,,10,,,2020-11-13,,,,,,,,,,,,"0, 0, 1, 0, 0, 0, 1, 0, 0, 2, 3, 4, 3, 4, 1, 3, 4, 0, 0, 0, 0, 0, 0, 3",2,
748,best stainless steel cat water fountain reviews,ca,,,,,,,,20,,,2025-06-07,,,,,,,,,,,,"0, 0, 0, 0, 0, 0, 0, 0, 0, 4, 11, 0, 2, 0, 0, 3, 0, 0, 0, 1, 1, 1, 0, 0",1,
749,chewy cat water fountain stainless steel,ca,,,,,,,,40,,,2025-12-31,,,,,,,,,,,,"0, 0, 0, 0, 0, 0, 0, 0, 0, 0, 0, 0, 0, 0, 0, 1, 0, 0, 0, 0, 0, 2, 4, 0",3,
750,cat water fountain making buzzing noise reddit,ca,,,,,,,,20,,,2025-05-02,,,,,,,,,,,,"0, 0, 0, 0, 0, 0, 0, 0, 4, 1, 0, 1, 0, 1, 0, 0, 1, 1, 1, 1, 2, 3, 3, 3",4,
751,drinkwell platinum cat water fountain,ca,,,,,,,,,,,2020-07-31,,,,,,,,,,,,"0, 0, 0, 1, 0, 0, 0, 0, 0, 2, 0, 0, 0, 0, 0, 0, 0, 0, 0, 0, 0, 0, 0, 0",1,
752,best cat water fountain 2024 reviews,ca,,,,,,,,,,,2025-07-22,,,,,,,,,,,,"0, 0, 0, 0, 0, 0, 0, 0, 0, 0, 3, 3, 0, 0, 0, 0, 0, 0, 0, 0, 0, 0, 0, 0",1,
753,miaustore ceramic cat water fountain,ca,,,,,,,,90,,,2021-01-09,,,,,,,,,,,,"1, 1, 0, 0, 2, 1, 1, 0, 1, 1, 7, 1, 0, 3, 4, 2, 10, 1, 0, 0, 3, 3, 1, 1",2,
754,cat water fountain charcoal filter,ca,,,,,,,,,,,2025-03-21,,,,,,,,,,,,"0, 0, 0, 0, 0, 0, 1, 0, 0, 0, 0, 0, 0, 0, 0, 0, 0, 0, 1, 4, 1, 0, 0, 0",1,
755,amazon cat water fountain stainless steel,ca,,,,,,,,70,,,2020-03-02,,,,,,,,,,,,"1, 0, 0, 0, 1, 0, 0, 0, 0, 0, 0, 0, 0, 0, 0, 0, 1, 0, 0, 1, 0, 2, 1, 3",3,
756,100 stainless steel cat water fountain,ca,,,,,,,,10,,,2025-11-03,,,,,,,,,,,,"0, 0, 0, 0, 0, 0, 0, 0, 0, 0, 0, 0, 0, 0, 1, 2, 0, 0, 0, 0, 1, 1, 0, 1",2,
757,cat water fountain with cooling system,ca,,,,,,,,,,,2025-06-14,,,,,,,,,,,,"0, 0, 0, 0, 0, 0, 0, 0, 0, 1, 0, 2, 0, 0, 0, 0, 0, 0, 0, 0, 0, 0, 1, 0",2,
758,ceramic cat water fountain heavy base,ca,,,,,,,,,,,2026-03-10,,,,,,,,,,,,"0, 0, 0, 0, 0, 0, 0, 0, 0, 0, 0, 0, 0, 0, 0, 0, 0, 0, 3, 1, 0, 0, 0, 0",1,
759,petkit eversweet 3 pro cat water fountain,ca,,,,,,,,10,,,2025-06-10,,,,,,,,,,,,"0, 0, 0, 0, 0, 0, 0, 0, 0, 1, 3, 0, 0, 0, 1, 0, 0, 0, 0, 0, 0, 0, 0, 0",1,
760,is a cat water fountain better than a bowl,ca,,,,,,,,10,,,2026-07-03,,,,,,,,,,,,"0, 0, 0, 0, 0, 0, 0, 0, 0, 0, 0, 0, 0, 0, 0, 0, 0, 0, 0, 0, 0, 0, 3, 1",3,
761,automatic water fountain cat,ca,,,,,,,,10,,,2025-03-26,,,,,,,,,,,,"0, 0, 0, 0, 0, 0, 2, 0, 0, 0, 0, 0, 0, 0, 0, 1, 5, 2, 0, 1, 0, 1, 0, 0",2,
762,best way to clean a cat water fountain,ca,,,,,,,,,,,2026-08-01,,,,,,,,,,,,"0, 0, 0, 0, 0, 0, 0, 0, 0, 0, 0, 0, 0, 0, 0, 0, 0, 0, 0, 0, 0, 0, 0, 5",3,
763,battery operated cat water fountain uk,ca,,,,,,,,,,,2020-08-07,,,,,,,,,,,,"0, 0, 0, 0, 0, 1, 0, 0, 0, 0, 0, 0, 0, 0, 0, 0, 0, 0, 0, 0, 0, 0, 0, 0",1,
764,is young cat water fountain filters,ca,,,,,,,,,,,2021-04-04,,,,,,,,,,,,"0, 0, 0, 0, 0, 0, 0, 0, 0, 0, 0, 0, 0, 0, 0, 0, 0, 0, 0, 0, 0, 0, 0, 0",1,
765,why is my cat water fountain bubbling,ca,,,,,,,,20,,,2023-11-07,,,,,,,,,,,,"0, 0, 0, 0, 0, 0, 1, 3, 1, 1, 3, 0, 1, 0, 0, 1, 0, 1, 3, 4, 0, 3, 4, 6",5,
766,cat water fountain easiest to clean,ca,,,,,,,,,,,2022-07-18,,,,,,,,,,,,"0, 0, 0, 0, 0, 0, 0, 0, 0, 0, 0, 0, 0, 0, 0, 0, 0, 0, 0, 0, 0, 0, 0, 0",1,
767,cat ear water fountain,ca,,,,,,,,10,,,2025-09-17,,,,,,,,,,,,"0, 0, 0, 0, 0, 0, 0, 0, 0, 0, 0, 0, 2, 1, 1, 0, 1, 1, 0, 0, 0, 0, 0, 0",1,
768,pagoda cat water fountain,ca,,,,,,,,,,,2020-07-07,,,,,,,,,,,,"0, 0, 0, 0, 0, 0, 0, 0, 0, 0, 0, 0, 0, 0, 0, 0, 0, 0, 1, 0, 1, 0, 0, 0",1,
769,whisker city pineapple cat water fountain,ca,,,,,,,,,,,2020-10-18,,,,,,,,,,,,"0, 0, 0, 0, 0, 0, 1, 0, 0, 1, 0, 0, 0, 0, 0, 1, 0, 0, 0, 0, 0, 0, 0, 0",1,
770,catit flower stainless steel cat water fountain,ca,,,,,,,,,,,2022-04-04,,,,,,,,,,,,"0, 0, 0, 0, 0, 0, 0, 0, 0, 0, 0, 0, 0, 0, 0, 0, 0, 0, 0, 0, 0, 0, 0, 0",1,
771,parner cat water fountain,ca,,,0.50,,,,,10,,,2019-10-27,,,,,,,,,,"Commercial,Transactional,Branded,Non-local",English,"8, 4, 14, 11, 17, 17, 7, 6, 25, 9, 16, 2, 0, 4, 0, 2, 8, 1, 1, 0, 0, 3, 1, 2",3,Pet food
772,cat water fountain that dumps dirty water,ca,,,,,,,,30,,,2025-04-14,,,,,,,,,,,,"0, 0, 0, 0, 0, 0, 0, 2, 4, 3, 5, 4, 0, 1, 2, 0, 0, 3, 2, 0, 2, 0, 3, 1",2,
773,petsafe ceramic cat water fountain,ca,,,,,,,,30,,,2020-12-31,,,,,,,,,,,,"0, 1, 0, 0, 2, 0, 3, 1, 2, 1, 0, 2, 4, 0, 0, 0, 5, 0, 2, 0, 1, 1, 0, 1",2,
774,best cat water fountain uk 2020,ca,,,,,,,,,,,2020-07-20,,,,,,,,,,,,"0, 0, 0, 0, 0, 0, 0, 0, 0, 0, 0, 0, 0, 0, 0, 0, 0, 0, 0, 0, 0, 0, 0, 0",1,
775,large cat water fountain,ca,,,,,,,,100,,,2020-02-22,,,,,,,,,,,,"4, 8, 4, 7, 4, 1, 2, 0, 1, 0, 4, 3, 2, 2, 3, 7, 2, 1, 0, 1, 1, 1, 1, 1",2,
776,cat water fountain connected to water line,ca,,,,,,,,30,,,2022-02-17,,,,,,,,,,,,"1, 7, 2, 1, 4, 3, 2, 1, 5, 1, 10, 2, 8, 1, 2, 5, 9, 4, 3, 0, 2, 3, 0, 0",2,
777,cat water fountain loud,ca,,,,,,,,10,,,2021-11-12,,,,,,,,,,,,"0, 1, 2, 0, 0, 2, 4, 0, 0, 0, 0, 0, 0, 0, 1, 1, 4, 2, 4, 1, 0, 4, 0, 0",2,
778,cat water fountain keeps getting slimy,ca,,,,,,,,10,,,2022-09-21,,,,,,,,,,,,"0, 2, 0, 1, 2, 1, 2, 1, 0, 0, 2, 0, 0, 0, 1, 0, 0, 0, 0, 0, 1, 0, 1, 0",1,
779,automatic portion control cat water fountain,ca,,,,,,,,,,,2023-06-26,,,,,,,,,,,,"0, 0, 0, 0, 0, 0, 0, 0, 0, 0, 0, 0, 0, 0, 0, 0, 0, 0, 0, 0, 0, 0, 0, 0",1,
780,how to make cat water fountain quieter,ca,,,,,,,,10,,,2021-07-08,,,,,,,,,,,,"2, 0, 1, 1, 0, 0, 0, 0, 3, 0, 0, 0, 0, 0, 0, 0, 0, 4, 4, 0, 0, 0, 0, 0",1,
781,best wireless cat water fountain 2024,ca,,,,,,,,,,,2024-07-16,,,,,,,,,,,,"4, 2, 3, 1, 1, 1, 0, 0, 0, 0, 0, 0, 0, 0, 0, 0, 0, 0, 0, 0, 0, 0, 0, 0",1,
782,cat water fountain uv sterilizer,ca,,,,,,,,30,,,2025-11-17,,,,,,,,,,,,"0, 0, 0, 0, 0, 0, 0, 0, 0, 0, 0, 0, 0, 0, 3, 0, 0, 2, 2, 1, 19, 2, 1, 0",2,
783,best cat water fountain 2018,ca,,,,,,,,,,,2018-10-04,,,,,,,,,,,,"0, 0, 0, 0, 0, 0, 0, 0, 0, 0, 0, 0, 0, 0, 0, 0, 0, 0, 0, 0, 0, 0, 0, 0",1,
784,stainless steel cat water fountain uk,ca,,,,,,,,150,,,2021-11-24,,,,,,,,,,,,"0, 0, 0, 0, 0, 0, 0, 0, 0, 1, 1, 0, 0, 0, 0, 0, 0, 0, 0, 0, 0, 0, 0, 0",1,
785,stainless steal cat water fountain,ca,,,,,,,,10,,,2024-04-16,,,,,,,,,,,,"2, 2, 0, 0, 0, 0, 0, 0, 2, 1, 0, 0, 0, 0, 0, 0, 0, 0, 1, 0, 1, 2, 1, 0",2,
786,purple mold in cat water fountain,ca,,,,,,,,10,,,2026-06-14,,,,,,,,,,,,"0, 0, 0, 0, 0, 0, 0, 0, 0, 0, 0, 0, 0, 0, 0, 0, 0, 0, 0, 0, 0, 1, 2, 2",3,
787,best silent cat water fountain,ca,,,,,,,,20,,,2022-02-05,,,,,,,,,,,,"2, 0, 1, 1, 1, 2, 0, 1, 2, 0, 1, 0, 1, 1, 0, 1, 2, 1, 1, 3, 0, 7, 0, 1",3,
788,bubbles in cat water fountain,ca,,,,,,,,40,,,2020-10-23,,,,,,,,,,,,"1, 1, 0, 0, 0, 0, 1, 0, 0, 2, 1, 1, 3, 4, 2, 7, 6, 0, 0, 5, 0, 1, 9, 2",5,
789,wopet cat water fountain,ca,,,,,,,,10,,,2020-12-21,,,,,,,,,,,,"4, 0, 0, 1, 3, 1, 4, 3, 9, 0, 1, 1, 2, 4, 1, 1, 0, 2, 0, 0, 0, 1, 0, 0",2,
790,cat water fountain foaming problem,ca,,,,,,,,,,,2020-10-05,,,,,,,,,,,,"0, 0, 0, 0, 0, 0, 0, 0, 0, 0, 0, 0, 0, 0, 0, 0, 0, 0, 0, 0, 0, 0, 0, 0",1,
791,gjease cat water fountain,ca,,,,,,,,,,,2023-08-31,,,,,,,,,,,,"0, 0, 0, 0, 0, 0, 0, 0, 0, 0, 0, 0, 0, 0, 0, 0, 0, 0, 0, 0, 0, 0, 0, 0",1,
792,cat smart water fountain,ca,,,,,,,,10,,,2021-05-12,,,,,,,,,,,,"1, 1, 2, 0, 0, 0, 0, 2, 2, 1, 1, 0, 0, 0, 0, 0, 1, 0, 0, 0, 0, 0, 1, 1",2,
793,cat running water fountain,ca,,,,,,,,80,,,2019-11-19,,,,,,,,,,,,"2, 0, 1, 1, 0, 0, 0, 0, 3, 1, 0, 1, 1, 0, 2, 3, 5, 4, 3, 4, 7, 3, 3, 2",3,
794,how to stop cat from playing in water fountain,ca,,,,,,,,20,,,2024-03-18,,,,,,,,,,,,"0, 0, 0, 0, 3, 0, 1, 0, 0, 0, 0, 0, 0, 0, 0, 3, 1, 0, 0, 1, 0, 1, 0, 2",2,
795,why does my cat water fountain foam,ca,,,,,,,,10,,,2020-10-09,,,,,,,,,,,,"1, 0, 2, 0, 0, 0, 1, 0, 2, 0, 1, 2, 0, 1, 4, 1, 0, 0, 0, 0, 0, 0, 0, 0",1,
796,meowant cat water fountain filter,ca,,,,,,,,,,,2024-03-16,,,,,,,,,,,,"0, 1, 0, 0, 0, 22, 19, 16, 11, 27, 11, 6, 2, 0, 0, 0, 0, 0, 0, 0, 0, 0, 0, 0",1,
797,surgical steel cat water fountain,ca,,,,,,,,,,,2026-01-24,,,,,,,,,,,,"0, 0, 0, 0, 0, 0, 0, 0, 0, 0, 0, 0, 0, 0, 0, 0, 2, 0, 0, 0, 0, 0, 2, 0",2,
798,vindox cat water fountain,ca,,,,,,,,,,,2024-05-08,,,,,,,,,,,,"0, 0, 5, 11, 4, 1, 2, 1, 0, 3, 1, 1, 11, 2, 1, 12, 1, 0, 3, 2, 0, 3, 1, 2",3,
799,cat water fountain motion sensor,ca,,,0.35,,,,,30,,,2017-03-12,,,,,,,,,,,,"1, 3, 3, 5, 4, 0, 1, 0, 0, 2, 4, 0, 1, 1, 0, 1, 1, 0, 3, 4, 2, 0, 0, 0",1,
800,ceramic cat water fountain cactus,ca,,,,,,,,,,,2022-06-06,,,,,,,,,,,,"0, 0, 0, 0, 0, 0, 0, 0, 0, 0, 0, 0, 0, 0, 0, 0, 0, 0, 0, 0, 0, 0, 0, 0",1,
801,cat grass water fountain,ca,,,,,,,,,,,2021-06-01,,,,,,,,,,,,"0, 0, 0, 0, 0, 0, 0, 0, 0, 0, 0, 0, 0, 0, 0, 0, 0, 0, 0, 0, 0, 0, 0, 0",1,
802,how to clean metal cat water fountain,ca,,,,,,,,,,,2026-07-30,,,,,,,,,,,,"0, 0, 0, 0, 0, 0, 0, 0, 0, 0, 0, 0, 0, 0, 0, 0, 0, 0, 0, 0, 0, 0, 1, 4",3,
803,brooks water fountain cat,ca,,,,,,,,10,,,2026-07-18,,,,,,,,,,,,"0, 0, 0, 0, 0, 0, 0, 0, 0, 0, 0, 0, 0, 0, 0, 0, 0, 0, 0, 0, 0, 0, 10, 0",4,
804,els pet cat water fountain,ca,,,,,,,,,,,2023-07-16,,,,,,,,,,,,"0, 2, 0, 0, 0, 0, 0, 0, 0, 0, 0, 0, 0, 0, 0, 0, 0, 0, 0, 0, 0, 0, 0, 0",1,
805,how often should you change water in cat fountain,ca,,,,,,,,20,,,2020-01-30,,,,,,,,,,,,"2, 0, 1, 0, 0, 0, 0, 2, 3, 1, 3, 4, 1, 3, 1, 3, 1, 2, 2, 1, 3, 4, 4, 2",4,
806,wireless cat water fountain uk,ca,,,,,,,,30,,,2021-11-11,,,,,,,,,,,,"0, 0, 0, 0, 0, 0, 0, 0, 0, 0, 0, 0, 0, 0, 0, 0, 0, 0, 0, 0, 0, 0, 0, 0",1,
807,motion activated cat water fountain,ca,,,,,,,,20,,,2020-01-21,,,,,,,,,,,,"1, 6, 0, 1, 4, 1, 2, 3, 3, 5, 0, 2, 7, 0, 3, 0, 2, 1, 0, 0, 0, 0, 0, 0",1,
808,how often to replace cat water fountain,ca,,,,,,,,10,,,2025-12-13,,,,,,,,,,,,"0, 0, 0, 0, 0, 0, 0, 0, 0, 0, 0, 0, 0, 0, 0, 4, 0, 0, 0, 0, 0, 2, 0, 0",2,
809,surgical stainless steel cat water fountain,ca,,,,,,,,10,,,2025-11-20,,,,,,,,,,,,"0, 0, 0, 0, 0, 0, 0, 0, 0, 0, 0, 0, 0, 0, 3, 1, 0, 0, 0, 0, 0, 1, 0, 0",2,
810,is there a battery operated cat water fountain,ca,,,,,,,,,,,2020-06-24,,,,,,,,,,,,"0, 0, 0, 0, 0, 0, 0, 0, 0, 0, 0, 0, 0, 0, 0, 0, 0, 0, 0, 0, 0, 0, 0, 0",1,
811,cat not using water fountain,ca,,,,,,,,20,,,2020-11-28,,,,,,,,,,,,"0, 4, 0, 2, 3, 2, 2, 2, 0, 2, 1, 1, 0, 2, 0, 2, 6, 1, 3, 4, 4, 2, 4, 3",4,
812,giotohun cat water fountain,ca,,,,,,,,30,,,2023-09-19,,,,,,,,,,,,"9, 16, 9, 12, 10, 5, 20, 6, 3, 8, 4, 3, 3, 8, 7, 6, 3, 3, 7, 4, 2, 3, 1, 4",4,
813,cat water fountain near me,ca,,,,,,,,400,,,2020-04-03,,,,,,2.8,5.94,12.98,,,,"12, 16, 13, 23, 17, 9, 4, 1, 3, 2, 5, 4, 2, 0, 0, 3, 2, 8, 5, 2, 8, 5, 4, 1",4,
814,aonboy cat water fountain manual,ca,,,,,,,,,,,2024-04-26,,,,,,,,,,,,"0, 0, 0, 0, 0, 0, 0, 0, 0, 0, 0, 0, 0, 0, 0, 0, 0, 0, 0, 0, 0, 0, 0, 0",1,
815,is stainless steel better for cat water fountain,ca,,,,,,,,20,,,2024-12-28,,,,,,,,,,,,"0, 0, 0, 1, 2, 2, 2, 1, 3, 2, 1, 3, 2, 6, 3, 2, 5, 0, 0, 2, 5, 1, 1, 1",2,
816,fountain cat water bowl,ca,,,,,,,,100,,,2016-05-17,,,,,,,,,,,,"1, 4, 7, 4, 1, 9, 13, 4, 1, 3, 2, 2, 2, 2, 2, 3, 5, 3, 0, 2, 3, 0, 0, 3",2,
817,pawaii cat water fountain,ca,,,,,,,,,,,2023-05-16,,,,,,,,,,,,"0, 0, 0, 0, 0, 0, 0, 0, 0, 0, 0, 0, 0, 0, 0, 0, 0, 0, 0, 0, 0, 0, 0, 0",1,
818,flower cat water fountain not working,ca,,,,,,,,10,,,2021-09-07,,,,,,,,,,,,"1, 1, 0, 0, 0, 0, 0, 0, 0, 0, 1, 1, 1, 2, 0, 0, 0, 1, 0, 0, 0, 0, 1, 1",2,
819,why is my cat scared of her water fountain,ca,,,,,,,,,,,2023-08-13,,,,,,,,,,,,"0, 0, 0, 0, 0, 0, 0, 0, 0, 0, 0, 0, 0, 0, 0, 0, 0, 0, 0, 0, 0, 0, 0, 0",1,
820,cat fountain not pumping water,ca,,,,,,,,,,,2025-01-13,,,,,,,,,,,,"0, 0, 0, 0, 3, 4, 2, 1, 0, 0, 0, 0, 0, 0, 0, 0, 0, 0, 0, 0, 0, 0, 0, 0",1,
821,electric cat water fountain,ca,,,,,,,,100,,,2020-02-07,,,,,,,,,,,,"5, 6, 5, 1, 3, 2, 3, 2, 1, 2, 4, 7, 7, 6, 1, 5, 1, 1, 3, 6, 1, 1, 1, 2",2,
822,copper cat water fountain,ca,,,,,,,,30,,,2024-01-05,,,,,,,,,,,,"2, 0, 0, 2, 0, 0, 0, 0, 0, 0, 1, 0, 0, 1, 1, 0, 2, 0, 0, 1, 5, 2, 4, 0",3,
823,reddit cat water fountain,ca,,,,,,,,10,,,2017-05-15,,,,,,,,,,,,"0, 0, 0, 0, 0, 0, 0, 0, 1, 0, 0, 2, 1, 0, 0, 0, 0, 0, 1, 0, 0, 0, 0, 0",1,
824,stainless steel battery operated cat water fountain,ca,,,,,,,,10,,,2022-11-13,,,,,,,,,,,,"2, 3, 1, 0, 3, 0, 1, 0, 1, 0, 1, 3, 0, 0, 0, 0, 0, 0, 0, 0, 0, 0, 0, 0",1,
825,cat water fountain led,ca,,,,,,,,,,,2026-04-06,,,,,,,,,,,,"0, 0, 0, 0, 0, 0, 0, 0, 0, 0, 0, 0, 0, 0, 0, 0, 0, 0, 0, 4, 2, 0, 0, 0",1,
826,cat food vs water fountain,ca,,,,,,,,10,,,2026-04-21,,,,,,,,,,,,"0, 0, 0, 0, 0, 0, 0, 0, 0, 0, 0, 0, 0, 0, 0, 0, 0, 0, 0, 3, 11, 5, 0, 0",2,
827,cat water fountain that doesn't recycle water,ca,,,,,,,,10,,,2025-01-24,,,,,,,,,,,,"0, 0, 0, 0, 2, 0, 1, 5, 1, 4, 6, 2, 6, 1, 0, 0, 0, 0, 2, 1, 0, 0, 0, 0",1,
828,cat water fountain replacement filter,ca,,,,,,,,10,,,2025-06-13,,,,,,,,,,,,"0, 0, 0, 0, 0, 0, 0, 0, 0, 1, 1, 1, 0, 2, 1, 0, 0, 1, 0, 0, 0, 0, 4, 0",2,
829,charcoal filter for cat water fountain,ca,,,,,,,,20,,,2021-06-26,,,,,,,,,,,,"6, 1, 6, 4, 1, 0, 3, 1, 2, 1, 1, 0, 2, 2, 0, 1, 2, 0, 1, 0, 8, 2, 0, 0",2,
830,cat water fountain aesthetic modern,ca,,,,,,,,,,,2026-04-04,,,,,,,,,,,,"0, 0, 0, 0, 0, 0, 0, 0, 0, 0, 0, 0, 0, 0, 0, 0, 0, 0, 0, 4, 0, 0, 1, 0",2,
831,how to get a cat to use a water fountain,ca,,,,,,,,20,,,2019-10-09,,,,,,,,,,,,"2, 1, 4, 2, 3, 3, 1, 3, 3, 4, 3, 2, 1, 1, 0, 1, 1, 3, 2, 1, 4, 5, 5, 1",5,
832,cat faucet water fountain,ca,,,,,,,,,,,2021-01-15,,,,,,,,,,,,"0, 0, 0, 0, 0, 0, 0, 0, 0, 0, 1, 1, 0, 0, 0, 0, 0, 0, 0, 0, 0, 0, 0, 1",2,
833,pixi cat water fountain filter,ca,,,,,,,,20,,,2025-08-02,,,,,,,,,,,,"0, 0, 0, 0, 0, 0, 0, 0, 0, 0, 0, 1, 2, 3, 2, 3, 3, 1, 0, 0, 1, 2, 0, 0",2,
834,what to look for in a cat water fountain,ca,,,,,,,,60,,,2024-02-18,,,,,,,,,,,,"0, 0, 0, 0, 0, 0, 0, 0, 0, 0, 0, 0, 1, 1, 4, 0, 4, 3, 7, 5, 3, 7, 2, 2",5,
835,why does cat water fountain get slimy,ca,,,,,,,,10,,,2025-12-07,,,,,,,,,,,,"0, 0, 0, 0, 0, 0, 0, 0, 0, 0, 0, 0, 0, 0, 0, 4, 1, 0, 0, 2, 0, 2, 1, 1",2,
836,cat water fountain filter how often to change,ca,,,,,,,,10,,,2025-11-25,,,,,,,,,,,,"0, 0, 0, 0, 0, 0, 0, 0, 0, 0, 0, 0, 0, 0, 2, 1, 3, 0, 2, 5, 4, 1, 3, 1",3,
837,how much electricity does cat water fountain use,ca,,,,,,,,,,,2023-12-31,,,,,,,,,,,,"2, 0, 2, 0, 1, 0, 0, 0, 0, 0, 0, 0, 0, 0, 0, 0, 0, 0, 0, 0, 0, 1, 0, 0",1,
838,cat water fountain that doesn't need a filter,ca,,,,,,,,10,,,2024-03-16,,,,,,,,,,,,"1, 3, 0, 0, 0, 0, 0, 0, 0, 0, 0, 0, 0, 0, 1, 2, 0, 0, 1, 0, 0, 0, 0, 0",1,
839,goostoo cat water fountain instructions,ca,,,,,,,,,,,2024-03-11,,,,,,,,,,,,"0, 0, 0, 0, 0, 0, 0, 0, 0, 0, 0, 0, 0, 0, 0, 0, 0, 0, 0, 0, 0, 0, 0, 0",1,
840,mold free cat water fountain,ca,,,,,,,,10,,,2025-07-24,,,,,,,,,,,,"0, 0, 0, 0, 0, 0, 0, 0, 0, 0, 2, 1, 0, 0, 0, 0, 0, 2, 0, 0, 0, 2, 4, 1",3,
841,stainless steel best cat water fountain,ca,,,,,,,,40,,,2023-11-28,,,,,,,,,,,,"0, 2, 0, 2, 1, 1, 1, 2, 0, 1, 0, 0, 0, 3, 1, 2, 0, 1, 1, 0, 0, 0, 1, 0",2,
842,cat water fountain reddit,ca,,,,,,,,50,,,2020-05-06,,,,,,,,,,,,"1, 1, 0, 0, 0, 0, 1, 0, 0, 0, 0, 0, 0, 0, 0, 0, 0, 0, 0, 0, 0, 6, 0, 0",3,
843,flower water cat fountain,ca,,,,,,,,,,,2021-12-25,,,,,,,,,,,,"0, 0, 0, 0, 0, 0, 0, 1, 1, 0, 1, 0, 0, 0, 0, 0, 0, 1, 0, 0, 0, 0, 0, 0",1,
844,nicrew cat water fountain,ca,,,,,,,,,,,2020-09-29,,,,,,,,,,,,"0, 0, 0, 1, 0, 0, 0, 0, 0, 0, 0, 0, 0, 0, 0, 0, 0, 0, 0, 0, 0, 0, 0, 0",1,
845,soofpet cat water fountain manual,ca,,,,,,,,,,,2023-07-19,,,,,,,,,,,,"0, 0, 0, 0, 0, 0, 0, 0, 0, 0, 0, 0, 0, 0, 0, 0, 0, 0, 0, 0, 0, 0, 0, 0",1,
846,easy to clean cat water fountain reddit,ca,,,,,,,,,,,2022-07-13,,,,,,,,,,,,"0, 0, 0, 0, 0, 0, 0, 0, 0, 0, 0, 0, 0, 0, 0, 0, 0, 0, 0, 0, 0, 0, 0, 0",1,
847,no spill cat water fountain,ca,,,,,,,,10,,,2021-12-22,,,,,,,,,,,,"1, 0, 1, 0, 0, 0, 0, 0, 1, 1, 0, 0, 0, 0, 1, 1, 0, 1, 0, 1, 0, 0, 0, 0",1,
848,wifi cat water fountain,ca,,,,,,,,10,,,2022-09-01,,,,,,,,,,,,"2, 0, 1, 0, 1, 0, 0, 0, 0, 0, 1, 2, 2, 0, 0, 0, 0, 0, 0, 0, 0, 0, 0, 0",1,
849,easy to clean stainless steel cat water fountain,ca,,,,,,,,40,,,2024-03-08,,,,,,,,,,,,"0, 0, 1, 0, 1, 0, 0, 0, 1, 1, 0, 0, 0, 0, 1, 0, 1, 2, 1, 1, 1, 0, 0, 5",3,
850,veken 2.8l cat water fountain,ca,,,,,,,,,,,2026-01-06,,,,,,,,,,,,"0, 0, 0, 0, 0, 0, 0, 0, 0, 0, 0, 0, 0, 0, 0, 0, 1, 0, 1, 3, 1, 0, 0, 0",1,
851,orsda cat water fountain instructions,ca,,,,,,,,,,,2023-02-15,,,,,,,,,,,,"0, 0, 1, 0, 0, 0, 0, 0, 0, 0, 0, 0, 0, 0, 0, 0, 0, 0, 0, 0, 0, 0, 0, 0",1,
852,cat playing in water fountain,ca,,,,,,,,10,,,2025-02-16,,,,,,,,,,,,"0, 0, 0, 0, 0, 1, 0, 0, 0, 0, 0, 0, 0, 0, 1, 0, 2, 0, 2, 0, 1, 0, 0, 0",1,
853,vkimiss wireless cat water fountain,ca,,,,,,,,10,,,2025-04-20,,,,,,,,,,,,"0, 0, 0, 0, 0, 0, 0, 1, 1, 1, 2, 12, 12, 9, 1, 0, 0, 0, 0, 0, 0, 0, 0, 0",1,
854,spooky cat water fountain,ca,,,,,,,,,,,2024-06-19,,,,,,,,,,,,"1, 1, 2, 0, 0, 0, 0, 0, 0, 0, 0, 1, 1, 1, 0, 0, 0, 0, 0, 0, 0, 0, 0, 0",1,
855,pawoof cat water fountain,ca,,,,,,,,,,,2020-07-03,,,,,,,,,,,,"0, 0, 0, 0, 0, 0, 0, 0, 0, 0, 0, 0, 0, 0, 0, 0, 0, 0, 0, 0, 0, 0, 0, 0",1,
856,why is my cat water fountain foaming,ca,,,,,,,,20,,,2023-06-19,,,,,,,,,,,,"0, 0, 0, 0, 0, 0, 1, 1, 0, 0, 3, 0, 4, 0, 0, 5, 2, 1, 0, 0, 0, 2, 1, 6",5,
857,automatic cat water fountain stainless steel,ca,,,,,,,,70,,,2025-11-11,,,,,,,,,,,,"0, 0, 0, 0, 0, 0, 0, 0, 0, 0, 0, 0, 0, 0, 1, 0, 0, 3, 1, 3, 4, 2, 3, 1",3,
858,cat water fountain cheap,ca,,,,,,,,20,,,2016-08-22,,,,,,,,,,,,"1, 1, 1, 0, 0, 0, 0, 1, 0, 0, 0, 0, 0, 0, 0, 0, 0, 0, 0, 0, 0, 0, 0, 0",1,
859,benefits of a cat water fountain,ca,,,,,,,,10,,,2020-07-05,,,,,,,,,,,,"0, 0, 0, 0, 0, 0, 0, 0, 0, 0, 0, 0, 0, 0, 0, 2, 0, 1, 0, 2, 2, 0, 0, 0",1,
860,meowant cat water fountain not working,ca,,,,,,,,,,,2024-01-26,,,,,,,,,,,,"0, 0, 0, 0, 0, 0, 0, 0, 0, 0, 0, 0, 0, 0, 0, 0, 0, 0, 0, 0, 0, 0, 0, 0",1,
861,cat water fountain drinking cat,ca,,,,,,,,10,,,2026-03-17,,,,,,,,,,,,"0, 0, 0, 0, 0, 0, 0, 0, 0, 0, 0, 0, 0, 0, 0, 0, 0, 0, 3, 5, 0, 0, 1, 0",2,
862,petkit cat dog stainless steel water fountain,ca,,,,,,,,,,,2022-05-13,,,,,,,,,,,,"0, 0, 0, 0, 0, 0, 0, 0, 0, 0, 0, 0, 0, 0, 0, 0, 0, 0, 0, 0, 0, 0, 0, 0",1,
863,plastic or stainless steel cat water fountain,ca,,,,,,,,10,,,2022-11-20,,,,,,,,,,,,"5, 4, 3, 3, 2, 3, 1, 1, 3, 2, 1, 0, 0, 3, 2, 1, 0, 0, 0, 0, 0, 0, 0, 2",2,
864,what cat water fountain is best,ca,,,,,,,,20,,,2025-10-02,,,,,,,,,,,,"0, 0, 0, 0, 0, 0, 0, 0, 0, 0, 0, 0, 0, 1, 2, 0, 3, 1, 2, 1, 0, 0, 1, 5",3,
865,pedy cat water fountain,ca,,,,,,,,,,,2018-10-07,,,,,,,,,,,,"0, 0, 0, 0, 0, 0, 0, 2, 1, 0, 0, 0, 0, 0, 0, 0, 0, 0, 0, 0, 0, 0, 0, 0",1,
866,cat water fountain stainless steel easy to clean,ca,,,,,,,,20,,,2025-12-19,,,,,,,,,,,,"0, 0, 0, 0, 0, 0, 0, 0, 0, 0, 0, 0, 0, 0, 0, 1, 2, 1, 0, 0, 0, 0, 0, 0",1,
867,how to clean a cat water fountain pump,ca,,,,,,,,20,,,2021-06-01,,,,,,,,,,,,"3, 0, 2, 5, 3, 0, 2, 4, 1, 3, 4, 2, 2, 4, 6, 4, 5, 4, 1, 6, 1, 2, 2, 1",3,
868,how to clean a stainless steel cat water fountain,ca,,,,,,,,,,,2026-08-01,,,,,,,,,,,,"0, 0, 0, 0, 0, 0, 0, 0, 0, 0, 0, 0, 0, 0, 0, 0, 0, 0, 0, 0, 0, 0, 0, 4",2,
869,pet water fountain cat,ca,,,,,,,,350,,,2023-10-13,,,,,,4.18,9.09,21.05,,,,"0, 1, 3, 5, 0, 3, 1, 0, 0, 2, 0, 1, 1, 0, 3, 2, 1, 1, 4, 1, 6, 11, 2, 2",5,
870,rechargeable cat water fountain,ca,2,,0.40,,cat water fountain,2026-08-22 01:56:58,"Shopping,Thumbnail,People also ask,Sitelinks,Video preview",250,1400,1400,2020-01-12,0.4,0.6,,,,3.53,7.28,16.42,,"Commercial,Transactional,Non-branded,Non-local",English,"11, 10, 17, 58, 19, 12, 16, 8, 2, 9, 4, 9, 1, 1, 3, 0, 4, 6, 3, 5, 1, 2, 2, 0",2,Pet food
871,how often to replace cat water fountain filter,ca,,,,,,,,50,,,2021-08-14,,,,,,,,,,,,"6, 3, 1, 2, 3, 2, 2, 3, 2, 1, 3, 5, 2, 0, 2, 2, 1, 4, 4, 3, 2, 5, 4, 1",5,
872,how to introduce your cat to a water fountain,ca,,,,,,,,,,,2024-02-12,,,,,,,,,,,,"1, 0, 0, 0, 0, 0, 0, 0, 0, 0, 0, 0, 0, 0, 0, 0, 0, 0, 0, 0, 0, 0, 0, 0",1,
873,youthink cat water fountain,ca,,,,,,,,,,,2021-11-21,,,,,,,,,,,,"0, 0, 0, 0, 0, 0, 0, 0, 0, 0, 0, 0, 0, 0, 0, 0, 0, 0, 0, 0, 0, 0, 0, 0",1,
874,cat water fountain the range,ca,,,,,,,,10,,,2021-10-31,,,,,,,,,,,,"0, 0, 0, 0, 0, 0, 0, 0, 0, 0, 1, 0, 0, 0, 0, 0, 0, 0, 0, 0, 0, 0, 0, 0",1,
875,wall mounted cat water fountain,ca,,,,,,,,,,,2026-01-20,,,,,,,,,,,,"0, 0, 0, 0, 0, 0, 0, 0, 0, 0, 0, 0, 0, 0, 0, 0, 1, 4, 0, 0, 0, 0, 0, 0",1,
876,stainless steel cat water fountain best,ca,,,,,,,,10,,,2026-04-26,,,,,,,,,,,,"0, 0, 0, 0, 0, 0, 0, 0, 0, 0, 0, 0, 0, 0, 0, 0, 0, 0, 0, 1, 3, 3, 2, 0",3,
877,cat water fountain home,ca,,,,,,,,20,,,2026-03-29,,,,,,,,,,,,"0, 0, 0, 0, 0, 0, 0, 0, 0, 0, 0, 0, 0, 0, 0, 0, 0, 0, 2, 3, 0, 0, 0, 2",2,
878,cat drinking water fountain indoor,ca,,,,,,,,10,,,2026-04-04,,,,,,,,,,,,"0, 0, 0, 0, 0, 0, 0, 0, 0, 0, 0, 0, 0, 0, 0, 0, 0, 0, 0, 5, 1, 1, 1, 0",2,
879,cat h2o water fountain,ca,,,,,,,,10,,,2020-02-11,,,,,,,,,,,,"2, 2, 1, 1, 1, 1, 0, 1, 0, 0, 0, 2, 1, 1, 2, 3, 0, 2, 2, 2, 1, 0, 2, 0",2,
880,pink water fountain filter kidney problems cat,ca,,,,,,,,,,,2026-01-14,,,,,,,,,,,,"0, 0, 0, 0, 0, 0, 0, 0, 0, 0, 0, 0, 0, 0, 0, 0, 4, 1, 0, 0, 0, 0, 0, 0",1,
881,how often do you change water in cat fountain,ca,,,,,,,,10,,,2023-11-21,,,,,,,,,,,,"1, 5, 4, 2, 4, 0, 0, 0, 0, 3, 2, 4, 2, 0, 0, 0, 2, 1, 2, 3, 2, 1, 3, 2",3,
882,whisker city® pineapple cat water fountain,ca,,,,,,,,,,,2020-09-22,,,,,,,,,,,,"0, 0, 0, 0, 0, 0, 0, 0, 0, 0, 0, 0, 0, 0, 0, 0, 0, 0, 0, 0, 0, 0, 0, 0",1,
883,cat water fountain recommendations,ca,,,,,,,,30,,,2024-04-11,,,,,,,,,,,,"2, 2, 2, 2, 0, 0, 0, 0, 1, 0, 6, 0, 0, 0, 0, 2, 2, 3, 0, 0, 1, 0, 3, 4",3,
884,veken cat water fountain stopped working,ca,,,,,,,,,,,2022-11-06,,,,,,,,,,,,"0, 0, 0, 0, 0, 0, 0, 0, 0, 0, 0, 0, 0, 0, 0, 0, 0, 0, 0, 0, 0, 0, 0, 0",1,
885,best cat water fountain 2024,ca,,,,,,,,50,,,2024-02-01,,,,,,,,,,,,"18, 15, 30, 12, 4, 1, 2, 2, 2, 4, 1, 5, 0, 0, 0, 0, 1, 0, 0, 0, 1, 0, 0, 0",1,
886,best cat water fountain brand,ca,,,,,,,,,,,2025-06-27,,,,,,,,,,,,"0, 0, 0, 0, 0, 0, 0, 0, 0, 3, 1, 0, 1, 0, 0, 0, 0, 0, 0, 0, 0, 0, 0, 0",1,
887,battery operated cat water fountain amazon,ca,,,,,,,,,,,2022-07-05,,,,,,,,,,,,"0, 0, 1, 1, 0, 0, 0, 0, 0, 1, 2, 0, 0, 0, 0, 0, 0, 0, 0, 0, 0, 0, 0, 0",1,
888,why is my cat water fountain so loud,ca,,,,,,,,30,,,2021-07-16,,,,,,,,,,,,"2, 4, 0, 5, 3, 3, 6, 3, 5, 5, 3, 6, 6, 2, 4, 2, 4, 4, 5, 2, 7, 2, 7, 2",5,
889,how to prevent algae in cat water fountain,ca,,,,,,,,40,,,2019-05-07,,,,,,,,,,,,"0, 3, 3, 0, 4, 2, 7, 7, 2, 5, 3, 2, 1, 2, 3, 5, 4, 3, 3, 2, 2, 4, 2, 6",5,
890,petlibro dockstream cat water fountain,ca,,,,,,,,60,,,2025-06-20,,,,,,,,,,,,"0, 0, 0, 0, 0, 0, 0, 0, 0, 1, 3, 3, 4, 0, 3, 0, 2, 0, 2, 0, 9, 6, 3, 1",4,
891,cat water fountain filter instructions,ca,,,,,,,,20,,,2020-04-22,,,,,,,,,,,,"5, 1, 7, 6, 0, 1, 1, 3, 3, 1, 2, 6, 4, 2, 4, 2, 2, 2, 3, 5, 1, 4, 5, 1",4,
892,urpower cat water fountain,ca,,,,,,,,,,,2021-12-20,,,,,,,,,,,,"0, 0, 0, 0, 0, 0, 0, 0, 0, 0, 0, 0, 0, 0, 0, 0, 0, 0, 0, 0, 0, 0, 0, 0",1,
893,cat water fountain get slimy,ca,,,,,,,,,,,2020-11-02,,,,,,,,,,,,"0, 0, 0, 0, 0, 0, 0, 0, 0, 0, 0, 0, 0, 0, 0, 0, 0, 0, 0, 0, 0, 0, 0, 0",1,
894,cat water fountain avalon parts,ca,,,,,,,,,,,2019-12-25,,,,,,,,,,,,"0, 0, 0, 0, 0, 0, 0, 0, 0, 0, 0, 0, 0, 0, 0, 0, 0, 0, 0, 0, 0, 0, 0, 0",1,
895,cat keeps tipping over water fountain,ca,,,,,,,,30,,,2022-10-21,,,,,,,,,,,,"0, 2, 0, 0, 1, 1, 4, 3, 2, 0, 2, 0, 0, 4, 0, 0, 3, 5, 5, 4, 4, 2, 5, 5",4,
896,cold cat water fountain,ca,,,,,,,,,,,2022-07-05,,,,,,,,,,,,"0, 0, 0, 0, 0, 0, 0, 0, 0, 0, 0, 0, 0, 0, 0, 0, 0, 0, 0, 0, 0, 0, 0, 0",1,
897,pet water fountain stainless steel cat dog,ca,,,,,,,,,,,2026-03-16,,,,,,,,,,,,"0, 0, 0, 0, 0, 0, 0, 0, 0, 0, 0, 0, 0, 0, 0, 0, 0, 0, 1, 3, 1, 0, 0, 0",1,
898,is it safe to leave cat water fountain on,ca,,,,,,,,10,,,2024-04-26,,,,,,,,,,,,"1, 0, 1, 1, 1, 0, 3, 4, 2, 0, 1, 1, 0, 0, 0, 0, 1, 0, 0, 0, 0, 1, 1, 0",2,
899,how often should i clean my cat water fountain,ca,,,,,,,,20,,,2025-02-15,,,,,,,,,,,,"0, 0, 0, 0, 0, 1, 1, 0, 0, 0, 3, 1, 1, 0, 2, 1, 3, 3, 2, 2, 6, 2, 3, 2",3,
900,360 cat water fountain,ca,,,,,,,,10,,,2020-02-17,,,,,,,,,,,,"1, 0, 2, 1, 2, 1, 7, 0, 1, 0, 1, 2, 4, 2, 3, 1, 0, 1, 0, 0, 0, 0, 1, 1",2,
901,pink stuff in cat water fountain,ca,,,,,,,,40,,,2021-10-11,,,,,,,,,,,,"0, 0, 2, 0, 3, 3, 4, 2, 4, 2, 3, 0, 3, 1, 3, 4, 3, 0, 4, 2, 10, 4, 1, 1",3,
902,meowant cat water fountain,ca,,,0.25,,,,,10,,,2022-12-02,,,,,,,,,,,,"13, 4, 14, 12, 11, 9, 14, 15, 12, 10, 17, 13, 15, 15, 2, 0, 0, 0, 0, 0, 0, 0, 0, 0",1,
903,water fountain vs cat tree,ca,,,,,,,,10,,,2026-04-25,,,,,,,,,,,,"0, 0, 0, 0, 0, 0, 0, 0, 0, 0, 0, 0, 0, 0, 0, 0, 0, 0, 0, 1, 4, 5, 0, 4",4,
904,cheerble pumpless cat water fountain manual pdf,ca,,,,,,,,,,,2025-05-17,,,,,,,,,,,,"0, 0, 0, 0, 0, 0, 0, 0, 1, 5, 0, 0, 0, 1, 0, 0, 0, 0, 0, 0, 0, 0, 0, 0",1,
905,cat water fountain petco,ca,,,,,,,,90,,,2020-02-15,,,,,,,,,,,,"0, 1, 0, 0, 0, 0, 0, 0, 0, 1, 0, 0, 0, 0, 0, 0, 0, 0, 0, 0, 0, 0, 0, 0",1,
906,reliable cat water fountain,ca,,,,,,,,,,,2026-07-24,,,,,,,,,,,,"0, 0, 0, 0, 0, 0, 0, 0, 0, 0, 0, 0, 0, 0, 0, 0, 0, 0, 0, 0, 0, 0, 3, 1",2,
907,cat water fountain cause diarrhea,ca,,,,,,,,,,,2024-08-07,,,,,,,,,,,,"0, 0, 3, 1, 3, 2, 2, 1, 0, 0, 0, 0, 0, 0, 0, 0, 0, 0, 0, 0, 0, 0, 0, 0",1,
908,gravity water fountain cat,ca,,,,,,,,20,,,2021-06-07,,,,,,,,,,,,"0, 1, 3, 1, 1, 1, 1, 1, 1, 2, 4, 0, 0, 1, 0, 0, 2, 1, 0, 0, 2, 0, 0, 0",1,
909,cat water fountain aesthetic,ca,,,,,,,,100,,,2024-02-25,,,,,,,,,,,,"0, 0, 0, 0, 0, 0, 0, 0, 0, 0, 2, 0, 0, 0, 0, 0, 1, 5, 3, 9, 9, 0, 0, 0",1,
910,cat not drinking from new water fountain,ca,,,,,,,,10,,,2025-11-15,,,,,,,,,,,,"0, 0, 0, 0, 0, 0, 0, 0, 0, 0, 0, 0, 0, 0, 1, 0, 0, 0, 0, 1, 0, 5, 3, 1",4,
911,tiny bugs in cat water fountain,ca,,,,,,,,20,,,2022-07-18,,,,,,,,,,,,"1, 0, 0, 3, 2, 1, 0, 1, 1, 0, 2, 0, 0, 0, 0, 0, 0, 0, 0, 0, 0, 1, 1, 4",3,
912,cat water fountain big w,ca,,,,,,,,10,,,2022-06-18,,,,,,,,,,,,"0, 0, 0, 0, 0, 0, 0, 0, 0, 0, 1, 0, 0, 0, 0, 0, 0, 0, 0, 0, 0, 0, 0, 0",1,
913,cat water fountain maintenance,ca,,,,,,,,10,,,2025-05-19,,,,,,,,,,,,"0, 0, 0, 0, 0, 0, 0, 0, 1, 0, 0, 0, 0, 0, 1, 1, 1, 0, 3, 2, 2, 0, 2, 0",2,
914,how often should i clean cat water fountain,ca,,,,,,,,30,,,2022-09-19,,,,,,,,,,,,"1, 0, 4, 3, 1, 3, 3, 1, 2, 1, 3, 3, 3, 4, 1, 2, 1, 4, 0, 1, 8, 4, 4, 2",4,
915,lotus cat water fountain,ca,,,,,,,,,,,2022-01-01,,,,,,,,,,,,"0, 0, 0, 0, 0, 0, 0, 0, 0, 1, 0, 0, 0, 0, 0, 0, 0, 0, 0, 0, 0, 0, 0, 0",1,
916,all stainless steel cat water fountain,ca,,,,,,,,90,,,2024-02-26,,,,,,,,,,,,"3, 10, 9, 2, 3, 3, 3, 4, 3, 1, 1, 0, 2, 3, 2, 9, 3, 5, 1, 6, 0, 4, 9, 0",4,
917,plastic vs stainless steel cat water fountain,ca,,,,,,,,50,,,2023-11-22,,,,,,,,,,,,"4, 4, 2, 5, 0, 0, 0, 0, 0, 1, 0, 0, 8, 1, 4, 9, 7, 2, 3, 3, 8, 1, 1, 1",2,
918,cat mate water fountain,ca,,,,,,,,450,,,2016-03-06,,,,,,0.26,0.48,1.06,,,,"3, 2, 2, 3, 8, 3, 7, 1, 2, 5, 5, 6, 4, 2, 6, 10, 2, 5, 2, 3, 8, 6, 1, 2",3,
919,water fountain for cat without filter,ca,,,,,,,,10,,,2022-01-22,,,,,,,,,,,,"1, 0, 0, 2, 2, 0, 0, 2, 0, 1, 0, 0, 1, 0, 1, 0, 0, 0, 1, 1, 1, 0, 0, 0",1,
920,cat battery water fountain,ca,,,,,,,,,,,2022-08-20,,,,,,,,,,,,"0, 0, 0, 1, 0, 0, 0, 0, 0, 0, 1, 0, 0, 0, 0, 0, 0, 0, 0, 0, 0, 0, 0, 0",1,
921,cat water fountain with external pump,ca,,,,,,,,20,,,2025-07-19,,,,,,,,,,,,"0, 0, 0, 0, 0, 0, 0, 0, 0, 0, 1, 1, 0, 0, 1, 0, 2, 0, 0, 1, 1, 1, 0, 2",2,
922,magnetic cat water fountain,ca,,,,,,,,20,,,2026-03-21,,,,,,,,,,,,"0, 0, 0, 0, 0, 0, 0, 0, 0, 0, 0, 0, 0, 0, 0, 0, 0, 0, 2, 6, 5, 4, 1, 4",3,
923,toilet bowl cat water fountain,ca,,,,,,,,10,,,2026-01-02,,,,,,,,,,,,"0, 0, 0, 0, 0, 0, 0, 0, 0, 0, 0, 0, 0, 0, 0, 0, 3, 0, 3, 1, 0, 0, 0, 0",1,
924,best water for cat fountain,ca,,,,,,,,30,,,2024-02-17,,,,,,,,,,,,"1, 0, 0, 1, 0, 0, 0, 0, 0, 1, 2, 0, 0, 0, 0, 0, 1, 1, 2, 1, 0, 0, 3, 2",2,
925,best cat water fountain amazon review,ca,,,,,,,,,,,2025-06-30,,,,,,,,,,,,"0, 0, 0, 0, 0, 0, 0, 0, 0, 1, 3, 0, 0, 0, 0, 0, 0, 0, 0, 0, 0, 0, 0, 0",1,
926,ceramic cat water fountain wireless,ca,,,,,,,,,,,2026-05-01,,,,,,,,,,,,"0, 0, 0, 0, 0, 0, 0, 0, 0, 0, 0, 0, 0, 0, 0, 0, 0, 0, 0, 0, 3, 3, 0, 0",2,
927,petsafe drinkwell avalon cat water fountain,ca,,,,,,,,,,,2022-08-08,,,,,,,,,,,,"0, 0, 0, 0, 0, 0, 0, 0, 0, 0, 0, 0, 0, 0, 0, 0, 0, 0, 0, 0, 0, 0, 0, 0",1,
928,cat water fountain modern design,ca,,,,,,,,30,,,2026-02-13,,,,,,,,,,,,"0, 0, 0, 0, 0, 0, 0, 0, 0, 0, 0, 0, 0, 0, 0, 0, 0, 2, 7, 6, 2, 0, 0, 0",1,
929,cat water fountain or bowl,ca,,,,,,,,,,,2020-05-15,,,,,,,,,,,,"0, 0, 0, 0, 0, 0, 0, 0, 0, 0, 0, 0, 0, 0, 0, 0, 0, 0, 0, 0, 0, 0, 0, 0",1,
930,pink slime in cat water fountain,ca,,,,,,,,10,,,2025-10-18,,,,,,,,,,,,"0, 0, 0, 0, 0, 0, 0, 0, 0, 0, 0, 0, 0, 1, 0, 0, 0, 0, 1, 0, 1, 0, 3, 1",2,
931,cat knocks over water fountain,ca,,,,,,,,30,,,2020-01-21,,,,,,,,,,,,"4, 1, 2, 6, 5, 3, 5, 2, 1, 0, 5, 2, 2, 0, 1, 6, 6, 6, 2, 5, 3, 3, 2, 4",4,
932,cat water fountain mushroom,ca,,,,,,,,,,,2021-04-09,,,,,,,,,,,,"0, 3, 0, 0, 0, 0, 0, 0, 0, 0, 0, 0, 0, 0, 0, 0, 0, 0, 0, 0, 0, 0, 0, 0",1,
933,cat plays in water fountain,ca,,,,,,,,,,,2021-04-27,,,,,,,,,,,,"0, 0, 0, 0, 0, 0, 0, 0, 0, 0, 0, 0, 0, 0, 0, 0, 0, 0, 0, 0, 0, 0, 0, 0",1,
934,cat water fountain replacement parts,ca,,,,,,,,50,,,2021-09-04,,,,,,,,,,,,"2, 1, 2, 3, 5, 3, 6, 6, 7, 2, 0, 2, 3, 4, 4, 3, 5, 1, 3, 2, 0, 0, 1, 1",2,
935,larvae in cat water fountain,ca,,,,,,,,10,,,2023-07-15,,,,,,,,,,,,"1, 4, 6, 2, 0, 0, 0, 0, 2, 1, 1, 0, 1, 2, 1, 1, 0, 0, 0, 0, 0, 0, 0, 1",2,
936,stainless steel pumpless cat water fountain,ca,,,,,,,,30,,,2025-05-03,,,,,,,,,,,,"0, 0, 0, 0, 0, 0, 0, 0, 4, 0, 1, 1, 1, 1, 2, 5, 4, 3, 4, 1, 0, 1, 5, 0",3,
937,where to place cat water fountain,ca,,,,,,,,,,,2024-10-21,,,,,,,,,,,,"0, 1, 0, 0, 0, 0, 0, 0, 0, 0, 0, 0, 0, 0, 0, 0, 0, 0, 0, 0, 2, 1, 1, 2",2,
938,veken automatic cat water fountain,ca,,,,,,,,10,,,2026-06-12,,,,,,,,,,,,"0, 0, 0, 0, 0, 0, 0, 0, 0, 0, 0, 0, 0, 0, 0, 0, 0, 0, 0, 0, 0, 5, 0, 0",3,
939,cat water fountain walmart canada,ca,,,0.20,,,,,,,,2015-09-17,,,,,,,,,,"Commercial,Transactional,Branded,Non-local",English,"1, 0, 0, 0, 0, 0, 0, 0, 0, 3, 1, 0, 0, 1, 3, 0, 1, 0, 0, 0, 0, 0, 0, 0",1,Pet food
940,best battery cat water fountain,ca,,,,,,,,10,,,2023-05-04,,,,,,,,,,,,"0, 1, 1, 0, 2, 0, 0, 0, 0, 0, 0, 0, 0, 0, 0, 0, 0, 0, 0, 0, 0, 0, 0, 0",1,
941,interactive water drip cat toy fountain,ca,,,,,,,,10,,,2026-05-19,,,,,,,,,,,,"0, 0, 0, 0, 0, 0, 0, 0, 0, 0, 0, 0, 0, 0, 0, 0, 0, 0, 0, 0, 14, 1, 0, 0",1,
942,giotohun cat water fountain review,ca,,,,,,,,,,,2025-06-24,,,,,,,,,,,,"0, 0, 0, 0, 0, 0, 0, 0, 0, 1, 1, 0, 0, 0, 1, 2, 2, 0, 0, 0, 1, 0, 1, 0",2,
943,homerunpet silent cat water fountain,ca,,,,,,,,,,,2025-06-27,,,,,,,,,,,,"0, 0, 0, 0, 0, 0, 0, 0, 0, 1, 1, 0, 0, 0, 0, 0, 0, 0, 0, 2, 1, 2, 0, 0",2,
944,stainless steel cat water fountain easy to clean,ca,,,,,,,,20,,,2025-05-24,,,,,,,,,,,,"0, 0, 0, 0, 0, 0, 0, 0, 1, 0, 0, 1, 0, 0, 0, 2, 0, 0, 0, 1, 0, 0, 2, 3",3,
945,cat water fountain argos,ca,,,,,,,,40,,,2022-04-08,,,,,,,,,,,,"0, 0, 1, 1, 0, 0, 0, 0, 0, 0, 0, 0, 0, 0, 0, 0, 0, 0, 0, 0, 0, 0, 0, 0",1,
946,cat keeps breaking water fountain,ca,,,,,,,,,,,2022-12-21,,,,,,,,,,,,"0, 0, 0, 0, 0, 0, 0, 0, 0, 0, 0, 0, 0, 0, 0, 0, 0, 0, 0, 0, 0, 0, 0, 0",1,
947,best rechargeable cat water fountain,ca,,,,,,,,20,,,2023-06-01,,,,,,,,,,,,"3, 1, 1, 1, 0, 1, 0, 0, 0, 3, 1, 1, 0, 0, 0, 0, 0, 0, 4, 2, 0, 0, 1, 1",2,
948,flower cat water drinking fountain,ca,,,,,,,,,,,2018-07-16,,,,,,,,,,,,"0, 0, 0, 0, 0, 0, 0, 0, 0, 0, 0, 0, 0, 0, 0, 0, 0, 1, 0, 0, 0, 1, 0, 0",1,
949,cat tap water fountain,ca,,,,,,,,10,,,2021-02-18,,,,,,,,,,,,"0, 1, 0, 0, 2, 1, 1, 0, 0, 0, 1, 0, 0, 0, 2, 0, 0, 0, 0, 0, 2, 0, 1, 0",2,
950,how to set up a cat water fountain,ca,,,,,,,,10,,,2022-12-04,,,,,,,,,,,,"0, 0, 0, 0, 1, 0, 0, 0, 0, 0, 0, 2, 1, 0, 1, 5, 2, 6, 0, 0, 0, 0, 0, 0",1,
951,decorative cat water fountain,ca,,,,,,,,70,,,2020-02-23,,,,,,,,,,,,"5, 4, 2, 4, 3, 0, 8, 2, 7, 9, 5, 6, 3, 5, 2, 3, 2, 5, 5, 4, 3, 6, 5, 5",5,
952,cat water fountain that runs on batteries,ca,,,,,,,,,,,2020-07-29,,,,,,,,,,,,"0, 0, 0, 0, 0, 0, 0, 0, 0, 0, 0, 0, 0, 0, 0, 0, 0, 0, 0, 0, 0, 0, 0, 0",1,
953,how to fill a cat water fountain,ca,,,,,,,,,,,2026-07-15,,,,,,,,,,,,"0, 0, 0, 0, 0, 0, 0, 0, 0, 0, 0, 0, 0, 0, 0, 0, 0, 0, 0, 0, 0, 0, 4, 0",2,
954,cat tipping over water fountain,ca,,,,,,,,,,,2024-12-04,,,,,,,,,,,,"0, 0, 0, 7, 1, 0, 2, 1, 0, 0, 0, 0, 0, 0, 0, 0, 0, 0, 0, 0, 0, 0, 0, 0",1,
955,can a dirty water fountain make a cat sick,ca,,,,,,,,20,,,2024-10-01,,,,,,,,,,,,"0, 2, 1, 1, 0, 0, 0, 0, 0, 1, 1, 3, 0, 2, 1, 3, 1, 2, 5, 1, 3, 3, 2, 3",3,
956,cat water fountain no plastic,ca,,,,,,,,20,,,2024-09-10,,,,,,,,,,,,"1, 2, 0, 0, 0, 0, 0, 0, 0, 0, 2, 1, 1, 3, 5, 1, 0, 0, 0, 4, 1, 1, 2, 1",2,
957,tom cute cat water fountain,ca,,,,,,,,,,,2022-04-05,,,,,,,,,,,,"0, 0, 0, 0, 0, 0, 0, 0, 0, 0, 0, 0, 0, 0, 0, 0, 0, 0, 0, 0, 0, 0, 0, 0",1,
958,cat water fountain with separate tanks,ca,,,,,,,,50,,,2025-01-10,,,,,,,,,,,,"0, 0, 0, 0, 7, 1, 4, 5, 3, 1, 4, 0, 0, 0, 1, 0, 0, 1, 0, 1, 4, 3, 0, 3",3,
959,cat water fountain no plug,ca,,,,,,,,30,,,2020-02-19,,,,,,,,,,,,"3, 2, 0, 1, 0, 2, 2, 2, 1, 0, 1, 4, 0, 3, 2, 2, 5, 1, 0, 3, 2, 0, 0, 0",1,
960,h2o cat water fountain,ca,,,,,,,,,,,2020-06-23,,,,,,,,,,,,"0, 0, 0, 0, 0, 0, 0, 0, 0, 0, 0, 0, 0, 0, 0, 0, 0, 0, 0, 0, 0, 0, 0, 0",1,
961,rellaty stainless steel cat water fountain,ca,,,,,,,,40,,,2024-07-31,,,,,,,,,,,,"2, 0, 0, 2, 0, 0, 0, 0, 1, 1, 0, 6, 2, 1, 9, 5, 8, 1, 2, 6, 3, 2, 1, 0",2,
962,pink mold in cat water fountain,ca,,,,,,,,10,,,2023-06-14,,,,,,,,,,,,"1, 0, 0, 4, 2, 3, 3, 5, 2, 2, 5, 2, 4, 4, 5, 1, 6, 2, 0, 0, 0, 0, 1, 2",2,
963,cat water dispenser fountain,ca,,,,,,,,,,,2022-03-23,,,,,,,,,,,,"0, 0, 0, 0, 0, 0, 0, 0, 0, 0, 0, 0, 0, 0, 0, 0, 0, 0, 0, 0, 0, 0, 0, 1",1,
964,what is the best cat water fountain to buy?,ca,,,,,,,,,,,2026-05-26,,,,,,,,,,,,"0, 0, 0, 0, 0, 0, 0, 0, 0, 0, 0, 0, 0, 0, 0, 0, 0, 0, 0, 0, 1, 0, 0, 3",2,
965,cat knocking over water fountain,ca,,,,,,,,30,,,2022-02-06,,,,,,,,,,,,"7, 4, 6, 3, 7, 1, 7, 4, 6, 3, 0, 1, 1, 1, 0, 2, 2, 5, 3, 2, 3, 1, 0, 0",2,
966,cat spout water fountain,ca,,,,,,,,,,,2025-01-22,,,,,,,,,,,,"0, 0, 0, 0, 1, 0, 1, 0, 1, 0, 0, 0, 0, 0, 0, 0, 0, 0, 0, 0, 0, 0, 2, 0",2,
967,aquapurr cat water fountain,ca,,,,,,,,100,,,2017-07-12,,,,,,,,,,,,"0, 0, 0, 0, 0, 2, 0, 0, 0, 2, 1, 3, 0, 0, 2, 3, 3, 2, 2, 2, 1, 4, 1, 4",4,
968,how often to change water in cat water fountain,ca,,,,,,,,40,,,2021-02-21,,,,,,,,,,,,"6, 1, 3, 3, 2, 2, 3, 3, 0, 3, 5, 6, 3, 3, 3, 3, 2, 2, 1, 0, 3, 3, 3, 3",4,
969,how to refill cat water fountain,ca,,,,,,,,60,,,2021-07-05,,,,,,,,,,,,"1, 1, 5, 1, 9, 1, 5, 5, 1, 1, 3, 8, 6, 3, 2, 7, 1, 5, 5, 4, 4, 2, 5, 7",6,
970,green mold in cat water fountain,ca,,,,,,,,,,,2025-01-22,,,,,,,,,,,,"0, 0, 0, 0, 1, 3, 0, 0, 0, 0, 0, 0, 1, 6, 1, 0, 0, 0, 0, 0, 2, 0, 0, 0",1,
971,cat mate water fountain filters,ca,,,,,,,,100,,,2020-07-17,,,,,,,,,,,,"0, 3, 0, 0, 1, 0, 2, 2, 1, 0, 0, 1, 0, 0, 0, 0, 0, 0, 0, 0, 0, 0, 0, 0",1,
972,cat water fountain flashing red,ca,,,,,,,,10,,,2021-08-27,,,,,,,,,,,,"3, 0, 1, 2, 4, 0, 0, 0, 0, 1, 4, 0, 2, 2, 0, 0, 0, 1, 1, 0, 0, 0, 0, 0",1,
973,cat water fountain large,ca,,,,,,,,10,,,2023-09-01,,,,,,,,,,,,"0, 0, 0, 0, 0, 0, 2, 0, 3, 0, 0, 1, 0, 0, 1, 0, 1, 2, 2, 1, 1, 1, 0, 0",1,
974,vevor ceramic cat water fountain,ca,,,,,,,,10,,,2026-04-03,,,,,,,,,,,,"0, 0, 0, 0, 0, 0, 0, 0, 0, 0, 0, 0, 0, 0, 0, 0, 0, 0, 0, 1, 3, 0, 0, 0",1,
975,petlibro capsule cat water fountain,ca,,,,,,,,10,,,2025-09-03,,,,,,,,,,,,"0, 0, 0, 0, 0, 0, 0, 0, 0, 0, 0, 0, 2, 0, 0, 0, 0, 1, 0, 0, 0, 0, 1, 1",2,
976,fresh water cat fountain,ca,,,,,,,,20,,,2021-02-26,,,,,,,,,,,,"0, 0, 3, 4, 5, 1, 5, 1, 0, 0, 0, 2, 3, 1, 0, 0, 4, 2, 0, 1, 1, 1, 5, 3",4,
977,best dual tank cat water fountain,ca,,,,,,,,10,,,2026-07-20,,,,,,,,,,,,"0, 0, 0, 0, 0, 0, 0, 0, 0, 0, 0, 0, 0, 0, 0, 0, 0, 0, 0, 0, 0, 0, 1, 2",2,
978,oyes cat water fountain,ca,,,0.25,,,,,,,,2020-06-02,,,,,,,,,,,,"2, 0, 0, 0, 0, 0, 5, 0, 0, 2, 1, 1, 0, 0, 0, 0, 0, 0, 2, 0, 0, 1, 3, 3",3,
979,stainless steel cat water fountain near me,ca,,,,,,,,30,,,2024-01-19,,,,,,,,,,,,"4, 6, 1, 0, 1, 0, 0, 0, 0, 0, 0, 1, 0, 0, 0, 0, 0, 0, 0, 1, 0, 6, 2, 0",3,
980,cordless cat water fountain stainless steel,ca,,,,,,,,40,,,2025-01-10,,,,,,,,,,,,"0, 0, 0, 0, 4, 0, 1, 0, 1, 0, 2, 1, 0, 0, 1, 0, 1, 0, 0, 0, 1, 0, 0, 0",1,
981,small battery operated cat water fountain,ca,,,,,,,,10,,,2022-04-17,,,,,,,,,,,,"0, 1, 0, 0, 0, 0, 1, 0, 1, 0, 0, 0, 0, 0, 0, 0, 0, 0, 0, 0, 0, 0, 0, 0",1,
982,stainless steel cat water fountain wireless,ca,,,,,,,,70,,,2024-05-24,,,,,,,,,,,,"3, 3, 3, 3, 2, 0, 0, 4, 3, 1, 2, 1, 0, 1, 0, 1, 2, 0, 0, 0, 0, 0, 1, 1",2,
983,why won't my cat drink from water fountain,ca,,,,,,,,,,,2024-09-09,,,,,,,,,,,,"2, 1, 1, 0, 0, 0, 0, 0, 0, 0, 0, 0, 0, 0, 0, 0, 0, 0, 0, 0, 0, 0, 0, 0",1,
984,best quiet cat water fountain,ca,,,,,,,,40,,,2020-01-17,,,,,,,,,,,,"2, 3, 6, 2, 4, 2, 3, 0, 0, 3, 2, 4, 2, 5, 3, 3, 1, 3, 2, 2, 0, 0, 2, 2",2,
985,cat keeps spilling water fountain,ca,,,,,,,,20,,,2022-11-13,,,,,,,,,,,,"3, 1, 1, 4, 2, 4, 1, 2, 1, 1, 0, 0, 0, 0, 0, 1, 3, 1, 2, 2, 4, 1, 2, 0",3,
986,petlibro app monitoring cat water fountain,ca,,,,,,,,,,,2023-09-10,,,,,,,,,,,,"0, 0, 1, 1, 0, 0, 0, 0, 0, 0, 0, 0, 0, 0, 0, 0, 0, 0, 0, 0, 0, 0, 0, 0",1,
987,smartoo wireless cat water fountain,ca,,,,,,,,,,,2024-10-09,,,,,,,,,,,,"0, 1, 0, 0, 2, 0, 0, 0, 0, 2, 0, 0, 0, 0, 0, 0, 0, 0, 0, 0, 0, 0, 0, 0",1,
988,cat fountain water fountain,ca,,,,,,,,100,,,2023-10-24,,,,,,,,,,,,"0, 3, 1, 0, 0, 0, 0, 1, 0, 0, 0, 0, 0, 0, 0, 0, 2, 0, 0, 0, 0, 0, 0, 0",1,
989,is cat water fountain worth it,ca,,,,,,,,10,,,2026-04-02,,,,,,,,,,,,"0, 0, 0, 0, 0, 0, 0, 0, 0, 0, 0, 0, 0, 0, 0, 0, 0, 0, 0, 2, 2, 2, 4, 1",3,
990,which cat water fountain is best,ca,,,,,,,,20,,,2020-11-11,,,,,,,,,,,,"0, 0, 0, 0, 0, 0, 0, 0, 0, 0, 1, 0, 0, 0, 4, 2, 1, 0, 0, 1, 2, 0, 2, 6",3,
991,cordless battery operated cat water fountain,ca,,,,,,,,,,,2020-07-18,,,,,,,,,,,,"0, 0, 0, 0, 0, 0, 0, 0, 0, 0, 0, 0, 0, 0, 0, 0, 0, 0, 0, 0, 0, 0, 0, 0",1,
992,best cat water fountain filters,ca,,,,,,,,40,,,2025-09-10,,,,,,,,,,,,"0, 0, 0, 0, 0, 0, 0, 0, 0, 0, 0, 0, 1, 0, 0, 0, 0, 0, 1, 1, 0, 2, 4, 1",3,
993,cat water fountain that doesn't get moldy,ca,,,,,,,,50,,,2022-04-30,,,,,,,,,,,,"0, 0, 0, 0, 1, 1, 0, 0, 0, 0, 2, 2, 2, 2, 0, 0, 0, 1, 0, 1, 0, 1, 0, 2",2,
994,cat water fountain pump replacements,ca,,,,,,,,40,,,2022-03-14,,,,,,,,,,,,"0, 0, 0, 0, 0, 0, 0, 0, 0, 0, 0, 0, 1, 0, 0, 0, 1, 0, 0, 0, 0, 1, 0, 0",2,
995,cat water fountain filters near me,ca,,,,,,,,,,,2024-09-19,,,,,,,,,,,,"2, 1, 1, 1, 0, 0, 1, 0, 0, 0, 0, 1, 0, 0, 0, 0, 0, 0, 0, 1, 2, 0, 0, 1",1,
996,how to put together a cat water fountain,ca,,,,,,,,,,,2021-07-10,,,,,,,,,,,,"0, 0, 0, 0, 0, 0, 0, 0, 0, 0, 0, 0, 0, 1, 1, 0, 0, 0, 0, 0, 0, 0, 2, 1",2,
997,npet cat water fountain,ca,,,,,,,,10,,,2020-05-30,,,,,,,,,,,,"0, 0, 0, 0, 0, 0, 0, 0, 0, 0, 0, 0, 0, 2, 1, 0, 1, 0, 0, 1, 0, 0, 0, 0",1,
998,how to get cat used to water fountain,ca,,,,,,,,10,,,2020-11-19,,,,,,,,,,,,"2, 0, 4, 1, 1, 1, 0, 2, 2, 1, 2, 2, 1, 4, 1, 4, 1, 0, 0, 0, 2, 3, 1, 1",2,
999,cat care water fountain,ca,,,,,,,,10,,,2022-03-28,,,,,,,,,,,,"1, 1, 0, 0, 0, 0, 1, 0, 1, 0, 1, 0, 0, 0, 0, 0, 0, 0, 0, 0, 0, 0, 0, 0",1,
1000,cat water fountain without pump,ca,,,,,,,,20,,,2023-12-19,,,,,,,,,,,,"3, 0, 4, 2, 0, 0, 1, 0, 0, 6, 2, 4, 0, 1, 1, 2, 4, 1, 0, 2, 2, 0, 1, 0",2,
1001,what is best cat water fountain,ca,,,,,,,,10,,,2026-01-17,,,,,,,,,,,,"0, 0, 0, 0, 0, 0, 0, 0, 0, 0, 0, 0, 0, 0, 0, 0, 2, 0, 0, 1, 3, 0, 4, 4",3,
1002,how often change cat water fountain,ca,,,,,,,,10,,,2023-03-23,,,,,,,,,,,,"6, 4, 7, 3, 1, 0, 0, 1, 0, 0, 3, 0, 1, 4, 1, 1, 1, 1, 0, 0, 0, 0, 0, 2",2,
1003,smallest cat water fountain,ca,,,,,,,,10,,,2022-04-10,,,,,,,,,,,,"0, 0, 0, 0, 0, 0, 0, 0, 0, 0, 2, 0, 0, 0, 1, 1, 0, 0, 1, 0, 0, 0, 0, 0",1,
1004,earwigs in cat water fountain,ca,,,,,,,,,,,2024-07-08,,,,,,,,,,,,"3, 0, 0, 0, 0, 0, 0, 0, 0, 0, 8, 1, 0, 0, 0, 0, 0, 0, 0, 0, 0, 0, 6, 1",3,
1005,cat water fountain costco,ca,,,,,,,,10,,,2018-12-26,,,,,,,,,,,,"0, 0, 0, 0, 0, 0, 0, 0, 0, 1, 0, 1, 0, 0, 0, 0, 0, 7, 0, 4, 5, 3, 4, 5",6,
1006,cat water fountain no pump,ca,,,,,,,,40,,,2024-09-24,,,,,,,,,,,,"1, 5, 0, 0, 0, 0, 2, 2, 0, 1, 1, 3, 0, 7, 5, 3, 3, 0, 5, 0, 2, 3, 4, 0",3,
1007,cat water fountain motor replacement,ca,,,,,,,,30,,,2025-02-08,,,,,,,,,,,,"0, 0, 0, 0, 0, 1, 1, 1, 0, 0, 0, 7, 0, 1, 2, 1, 3, 0, 4, 3, 1, 1, 9, 1",5,
1008,cat water fountain spill proof,ca,,,,,,,,,,,2025-06-09,,,,,,,,,,,,"0, 0, 0, 0, 0, 0, 0, 0, 0, 1, 1, 0, 1, 0, 1, 2, 0, 0, 0, 0, 0, 0, 0, 0",1,
1009,modern cat water fountain ceramic,ca,,,,,,,,,,,2026-03-05,,,,,,,,,,,,"0, 0, 0, 0, 0, 0, 0, 0, 0, 0, 0, 0, 0, 0, 0, 0, 0, 0, 2, 1, 1, 0, 0, 0",1,
1010,best place to put cat water fountain,ca,,,,,,,,20,,,2023-09-12,,,,,,,,,,,,"4, 1, 1, 3, 0, 2, 1, 2, 3, 0, 4, 2, 3, 2, 1, 0, 1, 2, 3, 1, 0, 3, 1, 1",2,
1011,how to get cat to drink from water fountain,ca,,,,,,,,40,,,2021-03-25,,,,,,,,,,,,"3, 3, 3, 0, 2, 2, 0, 8, 3, 4, 11, 8, 2, 2, 2, 1, 1, 0, 0, 4, 4, 4, 5, 9",7,
1012,cat water fountain aliexpress,ca,,,,,,,,10,,,2020-07-19,,,,,,,,,,,,"0, 0, 0, 0, 0, 1, 0, 0, 0, 0, 1, 0, 0, 0, 0, 0, 0, 0, 1, 1, 0, 0, 0, 0",1,
1013,cat care cat water fountain,ca,,,,,,,,10,,,2022-03-26,,,,,,,,,,,,"0, 0, 0, 0, 0, 0, 0, 0, 0, 0, 0, 0, 0, 0, 0, 0, 1, 0, 0, 0, 0, 0, 0, 0",1,
1014,cat water fountain wireless stainless steel,ca,,,,,,,,10,,,2026-02-28,,,,,,,,,,,,"0, 0, 0, 0, 0, 0, 0, 0, 0, 0, 0, 0, 0, 0, 0, 0, 0, 1, 2, 0, 1, 0, 0, 0",1,
1015,multi cat water fountain,ca,,,,,,,,40,,,2018-08-25,,,,,,,,,,,,"4, 2, 1, 2, 0, 2, 1, 1, 0, 1, 2, 2, 1, 0, 1, 4, 1, 0, 1, 1, 1, 1, 1, 1",2,
1016,ceramic cat water fountain miaustore,ca,,,,,,,,10,,,2025-11-19,,,,,,,,,,,,"0, 0, 0, 0, 0, 0, 0, 0, 0, 0, 0, 0, 0, 0, 2, 3, 0, 0, 1, 0, 0, 3, 1, 0",2,
1017,how to train cat to drink from water fountain,ca,,,,,,,,10,,,2024-01-08,,,,,,,,,,,,"2, 4, 3, 1, 0, 1, 0, 0, 3, 1, 3, 2, 2, 2, 0, 0, 0, 0, 2, 2, 0, 0, 3, 3",3,
1018,cat plays with water fountain,ca,,,,,,,,20,,,2021-08-12,,,,,,,,,,,,"0, 1, 2, 1, 1, 1, 0, 2, 0, 1, 1, 0, 3, 0, 2, 1, 0, 1, 0, 0, 1, 2, 5, 3",4,
1019,cat water fountain modern,ca,,,,,,,,100,,,2026-03-01,,,,,,,,,,,,"0, 0, 0, 0, 0, 0, 0, 0, 0, 0, 0, 0, 0, 0, 0, 0, 0, 0, 6, 6, 13, 1, 1, 0",2,
1020,green in cat water fountain,ca,,,,,,,,10,,,2023-12-04,,,,,,,,,,,,"2, 2, 0, 1, 2, 0, 3, 2, 3, 1, 1, 3, 1, 1, 1, 0, 0, 0, 0, 0, 1, 0, 0, 5",3,
1021,automatic cat feeder with water fountain,ca,,,,,,,,20,,,2025-03-31,,,,,,,,,,,,"0, 0, 0, 0, 0, 0, 1, 2, 2, 0, 0, 0, 0, 1, 4, 0, 1, 1, 0, 2, 3, 3, 2, 0",2,
1022,ceramic cat water fountain aesthetic,ca,,,,,,,,10,,,2026-03-22,,,,,,,,,,,,"0, 0, 0, 0, 0, 0, 0, 0, 0, 0, 0, 0, 0, 0, 0, 0, 0, 0, 4, 2, 1, 0, 0, 0",1,
1023,cat electrocuted water fountain,ca,,,,,,,,,,,2023-09-06,,,,,,,,,,,,"0, 0, 0, 0, 0, 0, 0, 0, 0, 0, 0, 0, 0, 0, 0, 0, 0, 0, 0, 0, 0, 0, 0, 0",1,
1024,best cat water fountain 2016,ca,,,,,,,,,,,2016-05-23,,,,,,,,,,,,"0, 0, 0, 0, 0, 0, 0, 0, 0, 0, 0, 0, 0, 0, 0, 0, 0, 0, 0, 0, 0, 0, 0, 0",1,
1025,cat water fountain diarrhea,ca,,,,,,,,,,,2020-12-30,,,,,,,,,,,,"0, 0, 0, 0, 0, 0, 0, 0, 0, 0, 0, 0, 0, 0, 0, 0, 0, 0, 0, 0, 0, 0, 0, 0",1,
1026,cat water fountain pets at home,ca,,,,,,,,40,,,2020-09-03,,,,,,,,,,,,"0, 0, 0, 0, 0, 0, 0, 1, 0, 0, 0, 1, 0, 0, 0, 0, 0, 0, 0, 0, 0, 0, 0, 0",1,
1027,how often change water cat fountain,ca,,,,,,,,10,,,2020-02-16,,,,,,,,,,,,"3, 1, 0, 1, 0, 0, 0, 0, 2, 3, 0, 1, 1, 1, 1, 0, 1, 1, 2, 4, 8, 0, 3, 0",2,
1028,why does my cat paw at his water fountain,ca,,,,,,,,10,,,2021-08-11,,,,,,,,,,,,"2, 0, 1, 2, 4, 0, 3, 1, 0, 0, 0, 0, 0, 0, 0, 2, 0, 0, 0, 1, 1, 2, 1, 0",2,
1029,ceramic cactus cat water fountain,ca,,,,,,,,,,,2022-06-25,,,,,,,,,,,,"0, 0, 0, 0, 0, 0, 0, 0, 0, 0, 0, 0, 0, 0, 0, 0, 0, 0, 0, 0, 0, 0, 0, 0",1,
1030,nautypaws cat water fountain,ca,,,,,,,,,,,2025-03-16,,,,,,,,,,,,"0, 0, 0, 0, 0, 0, 1, 0, 0, 0, 1, 0, 0, 0, 0, 0, 0, 2, 2, 0, 0, 0, 0, 0",1,
1031,pecute cat water fountain,ca,,,,,,,,,,,2020-01-19,,,,,,,,,,,,"0, 0, 0, 0, 0, 0, 0, 0, 0, 0, 0, 0, 0, 0, 0, 0, 0, 0, 0, 0, 0, 0, 0, 0",1,
1032,xam cat water fountain,ca,,,,,,,,20,,,2024-06-28,,,,,,,,,,,,"1, 1, 0, 6, 0, 0, 0, 0, 0, 0, 0, 0, 0, 0, 0, 5, 0, 0, 5, 0, 1, 0, 0, 1",2,
1033,gnats in cat water fountain,ca,,,,,,,,10,,,2021-04-04,,,,,,,,,,,,"0, 0, 0, 0, 0, 0, 0, 0, 0, 0, 0, 0, 0, 0, 1, 0, 0, 0, 0, 0, 0, 0, 1, 0",2,
1034,anko cat water fountain,ca,,,,,,,,,,,2022-12-23,,,,,,,,,,,,"0, 1, 0, 0, 0, 0, 0, 0, 0, 0, 0, 0, 0, 0, 0, 0, 0, 0, 0, 0, 0, 0, 0, 0",1,
1035,uah cat water fountain,ca,,,,,,,,10,,,2022-08-10,,,,,,,,,,,,"1, 2, 6, 0, 0, 0, 2, 1, 0, 0, 0, 2, 1, 0, 0, 0, 0, 0, 0, 0, 0, 0, 2, 0",2,
1036,vet-recommended cat water fountain,ca,,,,,,,,,,,2022-01-31,,,,,,,,,,,,"0, 0, 0, 0, 0, 0, 0, 0, 0, 0, 1, 1, 0, 4, 0, 0, 0, 0, 0, 0, 0, 0, 0, 0",1,
1037,"cat water fountain, no-filter needed",ca,,,,,,,,,,,2022-09-11,,,,,,,,,,,,"0, 0, 0, 0, 0, 0, 0, 0, 0, 0, 0, 0, 0, 0, 0, 0, 0, 0, 0, 0, 0, 0, 0, 0",1,
1038,pet water fountain ceramic cat,ca,,,,,,,,,,,2026-03-29,,,,,,,,,,,,"0, 0, 0, 0, 0, 0, 0, 0, 0, 0, 0, 0, 0, 0, 0, 0, 0, 0, 1, 2, 1, 0, 0, 0",1,
1039,best wireless stainless steel cat water fountain,ca,,,,,,,,20,,,2025-04-24,,,,,,,,,,,,"0, 0, 0, 0, 0, 0, 0, 1, 1, 1, 0, 0, 0, 0, 1, 0, 4, 0, 3, 2, 2, 2, 0, 0",2,
1040,kiss cat water fountain,ca,,,,,,,,,,,2025-07-31,,,,,,,,,,,,"0, 0, 0, 0, 0, 0, 0, 0, 0, 0, 1, 3, 5, 0, 0, 0, 0, 0, 0, 0, 0, 0, 0, 0",1,
1041,recommended cat water fountain,ca,,,,,,,,20,,,2023-06-09,,,,,,,,,,,,"1, 0, 0, 0, 0, 0, 0, 0, 0, 0, 2, 0, 0, 1, 0, 1, 1, 1, 0, 0, 2, 0, 1, 0",1,
1042,best cat water fountain made in usa,ca,,,,,,,,40,,,2022-09-15,,,,,,,,,,,,"0, 0, 0, 0, 0, 0, 0, 0, 0, 0, 0, 0, 0, 0, 0, 0, 0, 0, 0, 0, 0, 0, 0, 0",1,
1043,cat litter vs water fountain,ca,,,,,,,,10,,,2026-04-14,,,,,,,,,,,,"0, 0, 0, 0, 0, 0, 0, 0, 0, 0, 0, 0, 0, 0, 0, 0, 0, 0, 0, 2, 6, 4, 3, 0",3,
1044,how to get cat to stop splashing water fountain,ca,,,,,,,,30,,,2024-04-07,,,,,,,,,,,,"2, 0, 0, 4, 2, 0, 2, 1, 1, 0, 2, 2, 3, 4, 2, 2, 6, 1, 5, 2, 2, 1, 3, 2",3,
1045,how to clean algae from cat water fountain,ca,,,,,,,,,,,2023-05-06,,,,,,,,,,,,"1, 1, 1, 2, 1, 4, 6, 2, 1, 0, 1, 1, 1, 0, 0, 0, 0, 0, 0, 0, 0, 1, 0, 0",1,
1046,stainless steel cat water fountain no plastic,ca,,,,,,,,30,,,2025-07-04,,,,,,,,,,,,"0, 0, 0, 0, 0, 0, 0, 0, 0, 0, 4, 0, 0, 0, 4, 1, 1, 0, 1, 4, 5, 5, 3, 0",3,
1047,how to assemble cat water fountain,ca,,,,,,,,30,,,2021-08-30,,,,,,,,,,,,"1, 1, 1, 2, 2, 2, 1, 1, 2, 4, 2, 5, 3, 5, 3, 1, 2, 3, 2, 2, 6, 2, 1, 0",2,
1048,how to fix a cat water fountain,ca,,,,,,,,,,,2022-09-18,,,,,,,,,,,,"0, 0, 1, 1, 0, 0, 0, 0, 0, 0, 0, 3, 0, 0, 0, 0, 0, 0, 0, 0, 0, 0, 0, 0",1,
1049,cat water fountain antimicrobial,ca,,,,,,,,,,,2022-11-07,,,,,,,,,,,,"0, 0, 0, 0, 0, 0, 0, 0, 0, 0, 0, 0, 0, 0, 0, 0, 0, 0, 0, 0, 0, 1, 4, 0",2,
1050,benefits of stainless steel cat water fountain,ca,,,,,,,,10,,,2025-10-07,,,,,,,,,,,,"0, 0, 0, 0, 0, 0, 0, 0, 0, 0, 0, 0, 0, 2, 5, 0, 0, 0, 0, 1, 0, 0, 1, 0",1,
1051,best cordless stainless steel cat water fountain,ca,,,,,,,,90,,,2025-01-21,,,,,,,,,,,,"0, 0, 0, 0, 1, 0, 0, 2, 0, 0, 2, 0, 0, 0, 0, 0, 0, 1, 2, 2, 2, 1, 0, 0",1,
1052,ihouone cat water fountain,ca,,,,,,,,,,,2025-12-12,,,,,,,,,,,,"0, 0, 0, 0, 0, 0, 0, 0, 0, 0, 0, 0, 0, 0, 0, 1, 0, 0, 1, 0, 2, 0, 0, 1",1,
1053,cat water fountain pixi,ca,,,,,,,,20,,,2022-12-08,,,,,,,,,,,,"3, 6, 0, 3, 1, 0, 1, 0, 3, 0, 0, 3, 0, 1, 2, 0, 2, 4, 1, 2, 3, 6, 5, 1",5,
1054,how often to change water in a cat fountain,ca,,,,,,,,,,,2024-09-10,,,,,,,,,,,,"4, 1, 0, 0, 0, 0, 0, 0, 0, 0, 0, 0, 0, 0, 0, 0, 0, 0, 0, 0, 0, 0, 0, 0",1,
1055,cat filter water fountain,ca,,,,,,,,70,,,2020-01-29,,,,,,,,,,,,"0, 4, 4, 1, 0, 2, 2, 1, 0, 5, 1, 1, 1, 1, 3, 5, 6, 0, 4, 1, 2, 2, 3, 1",3,
1056,cat and dog water fountain,ca,,,0.35,,,,,90,,,2016-07-14,,,,,,,,,,"Informational,Commercial,Transactional,Non-branded,Non-local",English,"3, 5, 5, 1, 3, 4, 3, 3, 3, 1, 4, 0, 3, 2, 2, 3, 12, 1, 1, 2, 1, 0, 0, 0",1,Pet food
1057,cat water fountain uv,ca,,,,,,,,10,,,2021-10-19,,,,,,,,,,,,"0, 0, 0, 0, 0, 0, 0, 0, 0, 0, 0, 0, 0, 0, 0, 0, 3, 1, 0, 1, 4, 1, 1, 1",2,
1058,cat water fountain plug in,ca,,,,,,,,,,,2024-07-29,,,,,,,,,,,,"0, 0, 3, 0, 0, 0, 0, 0, 0, 0, 0, 0, 0, 0, 0, 0, 0, 0, 0, 0, 0, 0, 0, 0",1,
1059,rechargable cat water fountain,ca,,,,,,,,,,,2023-01-19,,,,,,,,,,,,"0, 0, 0, 1, 2, 1, 2, 0, 0, 0, 0, 0, 0, 0, 0, 0, 0, 0, 0, 0, 0, 0, 0, 0",1,
1060,homerunpet cat water fountain,ca,,,,,,,,10,,,2022-05-31,,,,,,,,,,,,"0, 1, 0, 0, 0, 0, 0, 0, 0, 0, 1, 0, 0, 0, 2, 2, 0, 0, 0, 2, 0, 0, 2, 0",2,
1061,senior cat drinking water fountain,ca,,,,,,,,,,,2026-04-20,,,,,,,,,,,,"0, 0, 0, 0, 0, 0, 0, 0, 0, 0, 0, 0, 0, 0, 0, 0, 0, 0, 0, 1, 4, 0, 0, 0",1,
1062,cat water fountain top rated,ca,,,,,,,,,,,2025-06-21,,,,,,,,,,,,"0, 0, 0, 0, 0, 0, 0, 0, 0, 1, 1, 3, 0, 0, 0, 0, 0, 1, 0, 0, 0, 0, 0, 0",1,
1063,petlibro cat water fountain stainless steel,ca,,,,,,,,10,,,2021-08-01,,,,,,,,,,,,"0, 0, 0, 0, 0, 0, 0, 0, 1, 0, 0, 0, 0, 0, 0, 0, 0, 0, 2, 1, 0, 0, 1, 0",1,
1064,battery cat water fountain uk,ca,,,,,,,,,,,2021-07-08,,,,,,,,,,,,"0, 0, 0, 0, 0, 0, 0, 0, 0, 0, 0, 0, 0, 0, 0, 0, 0, 0, 0, 0, 0, 0, 0, 0",1,
1065,stainless steel wireless cat water fountain,ca,,,,,,,,50,,,2023-09-16,,,,,,,,,,,,"0, 2, 3, 3, 1, 1, 1, 2, 6, 5, 2, 2, 0, 2, 2, 1, 8, 0, 8, 1, 1, 1, 2, 3",3,
1066,cat water fountain south africa,ca,,,,,,,,10,,,2020-11-24,,,,,,,,,,,,"0, 0, 0, 0, 0, 0, 0, 0, 0, 0, 0, 0, 0, 0, 0, 0, 0, 0, 0, 0, 0, 0, 0, 0",1,
1067,peteast cat water fountain,ca,,,,,,,,,,,2022-12-13,,,,,,,,,,,,"0, 0, 0, 0, 0, 0, 0, 0, 0, 0, 0, 0, 0, 0, 0, 0, 0, 0, 0, 0, 0, 0, 0, 0",1,
1068,drinkwell stainless steel cat water fountain,ca,,,,,,,,,,,2020-07-07,,,,,,,,,,,,"0, 0, 0, 0, 0, 0, 0, 0, 0, 0, 0, 0, 0, 0, 0, 0, 0, 0, 0, 0, 0, 0, 0, 0",1,
1069,how to clean filter for cat water fountain,ca,,,,,,,,10,,,2022-11-06,,,,,,,,,,,,"3, 1, 2, 1, 1, 1, 1, 0, 1, 0, 0, 2, 3, 0, 2, 0, 5, 0, 0, 0, 0, 0, 0, 1",2,
1070,pet water fountain cat drinking,ca,,,,,,,,40,,,2026-03-06,,,,,,,,,,,,"0, 0, 0, 0, 0, 0, 0, 0, 0, 0, 0, 0, 0, 0, 0, 0, 0, 0, 5, 8, 0, 0, 0, 0",1,
1071,why isn't my cat water fountain working,ca,,,,,,,,20,,,2023-06-09,,,,,,,,,,,,"2, 1, 2, 5, 4, 5, 1, 0, 4, 1, 1, 1, 1, 0, 3, 8, 4, 1, 5, 1, 0, 0, 0, 4",2,
1072,metal water fountain cat,ca,,,,,,,,20,,,2024-06-30,,,,,,,,,,,,"0, 0, 0, 2, 2, 0, 2, 1, 0, 0, 0, 2, 3, 0, 0, 0, 1, 0, 0, 1, 2, 0, 1, 0",1,
1073,cat is afraid of water fountain,ca,,,,,,,,,,,2024-07-24,,,,,,,,,,,,"0, 0, 0, 0, 0, 0, 0, 0, 0, 0, 0, 0, 0, 0, 0, 0, 0, 1, 0, 0, 0, 0, 2, 0",2,
1074,healthy cat water fountain,ca,,,,,,,,10,,,2026-06-01,,,,,,,,,,,,"0, 0, 0, 0, 0, 0, 0, 0, 0, 0, 0, 0, 0, 0, 0, 0, 0, 0, 0, 0, 0, 4, 0, 0",3,
1075,trixie cat water fountain,ca,,,,,,,,,,,2023-06-07,,,,,,,,,,,,"0, 1, 0, 2, 0, 2, 0, 0, 0, 0, 0, 0, 0, 0, 0, 0, 2, 0, 0, 0, 0, 0, 0, 0",1,
1076,best motion sensor cat water fountain,ca,,,,,,,,30,,,2023-01-15,,,,,,,,,,,,"1, 0, 1, 1, 2, 2, 0, 0, 2, 1, 0, 2, 0, 2, 2, 4, 3, 0, 1, 2, 0, 1, 3, 0",2,
1077,cat daisy water fountain,ca,,,,,,,,10,,,2020-06-09,,,,,,,,,,,,"0, 0, 0, 0, 0, 0, 0, 2, 0, 0, 0, 0, 0, 0, 0, 0, 1, 1, 2, 0, 0, 0, 0, 0",1,
1078,why are there bubbles in my cat water fountain,ca,,,,,,,,,,,2021-07-14,,,,,,,,,,,,"0, 1, 1, 0, 0, 0, 0, 0, 0, 0, 0, 0, 0, 0, 0, 0, 0, 0, 0, 0, 0, 0, 0, 0",1,
1079,cat water fountain automatic,ca,,,,,,,,100,,,2020-12-02,,,,,,,,,,,,"2, 0, 0, 1, 0, 0, 1, 3, 0, 1, 1, 2, 0, 0, 0, 1, 0, 5, 4, 7, 3, 3, 0, 1",2,
1080,petkit cat dog water fountain stainless steel,ca,,,,,,,,,,,2021-05-17,,,,,,,,,,,,"0, 0, 0, 0, 0, 0, 0, 0, 0, 0, 0, 0, 0, 0, 0, 0, 0, 0, 0, 0, 0, 0, 0, 0",1,
1081,automatic stainless steel cat water fountain,ca,,,,,,,,20,,,2024-09-27,,,,,,,,,,,,"2, 15, 0, 0, 0, 0, 0, 0, 0, 0, 0, 2, 0, 1, 0, 0, 2, 2, 0, 1, 1, 0, 0, 0",1,
1082,plastic free cat water fountain,ca,,,,,,,,30,,,2024-11-03,,,,,,,,,,,,"0, 0, 1, 0, 0, 0, 0, 0, 0, 0, 0, 1, 2, 4, 1, 3, 2, 3, 3, 5, 1, 2, 2, 1",2,
1083,long lasting cat water fountain,ca,,,,,,,,,,,2022-10-18,,,,,,,,,,,,"0, 0, 0, 0, 0, 0, 0, 0, 0, 0, 0, 0, 0, 0, 0, 0, 0, 0, 0, 0, 0, 0, 0, 0",1,
1084,kastty cat water fountain,ca,,,,,,,,,,,2021-05-02,,,,,,,,,,,,"0, 0, 0, 0, 0, 0, 0, 0, 0, 1, 0, 0, 0, 0, 0, 0, 0, 0, 0, 0, 0, 0, 0, 0",1,
1085,cat water fountain how often change filter,ca,,,,,,,,20,,,2021-11-05,,,,,,,,,,,,"4, 4, 6, 0, 5, 1, 1, 3, 2, 0, 1, 1, 2, 4, 0, 5, 2, 0, 1, 4, 2, 1, 1, 6",4,
1086,cat moving water fountain,ca,,,,,,,,20,,,2022-03-18,,,,,,,,,,,,"1, 5, 0, 3, 2, 1, 6, 6, 0, 0, 2, 0, 3, 1, 1, 5, 3, 0, 3, 2, 2, 1, 0, 1",2,
1087,cat water fountain won't work,ca,,,,,,,,,,,2024-08-17,,,,,,,,,,,,"1, 1, 0, 0, 0, 0, 0, 0, 0, 0, 0, 0, 0, 0, 0, 0, 3, 1, 0, 0, 0, 0, 0, 0",1,
1088,cat water fountain leaking,ca,,,,,,,,10,,,2022-07-02,,,,,,,,,,,,"1, 0, 0, 0, 1, 0, 2, 2, 0, 0, 1, 2, 2, 1, 2, 1, 1, 3, 0, 2, 1, 1, 0, 1",2,
1089,all metal cat water fountain,ca,,,,,,,,20,,,2025-04-29,,,,,,,,,,,,"0, 0, 0, 0, 0, 0, 0, 1, 3, 0, 4, 0, 0, 0, 2, 1, 0, 0, 3, 0, 3, 0, 0, 0",1,
1090,veken cat water fountain filter,ca,,,,,,,,,,,2026-04-13,,,,,,,,,,,,"0, 0, 0, 0, 0, 0, 0, 0, 0, 0, 0, 0, 0, 0, 0, 0, 0, 0, 0, 1, 0, 1, 1, 0",2,
1091,cat water fountain safe,ca,,,,,,,,10,,,2023-07-22,,,,,,,,,,,,"0, 0, 0, 0, 0, 0, 0, 0, 0, 0, 0, 0, 0, 3, 0, 0, 2, 1, 0, 0, 0, 0, 3, 1",2,
1092,hepper stainless steel cat water fountain,ca,,,,,,,,30,,,2022-10-20,,,,,,,,,,,,"0, 0, 0, 0, 0, 0, 0, 0, 0, 3, 1, 0, 0, 4, 2, 6, 1, 3, 2, 5, 3, 1, 2, 0",2,
1093,best cat water bowl fountain,ca,,,,,,,,10,,,2020-07-08,,,,,,,,,,,,"0, 0, 0, 0, 0, 0, 0, 0, 0, 0, 0, 0, 1, 0, 0, 0, 0, 0, 0, 0, 0, 0, 0, 0",1,
1094,tamper proof cat water fountain,ca,,,,,,,,10,,,2025-07-15,,,,,,,,,,,,"0, 0, 0, 0, 0, 0, 0, 0, 0, 0, 1, 0, 0, 0, 0, 0, 0, 1, 1, 0, 0, 2, 0, 0",2,
1095,best way to clean cat water fountain,ca,,,,,,,,40,,,2023-04-22,,,,,,,,,,,,"1, 1, 2, 0, 2, 7, 0, 3, 1, 3, 1, 5, 6, 5, 4, 4, 2, 7, 3, 5, 6, 2, 3, 2",3,
1096,swan neck cat water fountain,ca,,,,,,,,,,,2021-06-04,,,,,,,,,,,,"0, 0, 0, 0, 0, 0, 0, 0, 0, 0, 0, 0, 0, 0, 0, 0, 0, 0, 0, 0, 0, 0, 0, 0",1,
1097,cat water fountain drinking kitten,ca,,,,,,,,10,,,2026-03-23,,,,,,,,,,,,"0, 0, 0, 0, 0, 0, 0, 0, 0, 0, 0, 0, 0, 0, 0, 0, 0, 0, 3, 4, 0, 0, 1, 0",2,
1098,handmade diy cat water fountain,ca,,,,,,,,30,,,2020-04-25,,,,,,,,,,,,"2, 1, 2, 4, 3, 1, 4, 2, 3, 3, 1, 3, 1, 2, 3, 6, 3, 2, 2, 0, 2, 2, 2, 1",2,
1099,most hygienic cat water fountain,ca,,,,,,,,50,,,2021-08-07,,,,,,,,,,,,"1, 1, 0, 1, 0, 0, 0, 0, 1, 1, 5, 2, 2, 2, 2, 4, 4, 1, 1, 1, 5, 6, 7, 6",7,
1100,diy cat water fountain with filter,ca,,,,,,,,,,,2020-10-23,,,,,,,,,,,,"0, 0, 0, 0, 0, 0, 0, 0, 0, 0, 0, 0, 0, 0, 0, 0, 0, 0, 0, 1, 2, 1, 0, 1",2,
1101,cat fountain water filters,ca,,,0.35,,,,,50,,,2021-06-11,,,,,,,,,,,,"1, 4, 2, 5, 2, 1, 4, 3, 4, 1, 11, 6, 1, 4, 5, 8, 3, 3, 3, 8, 4, 3, 4, 5",4,
1102,cat using water fountain,ca,,,,,,,,10,,,2026-04-18,,,,,,,,,,,,"0, 0, 0, 0, 0, 0, 0, 0, 0, 0, 0, 0, 0, 0, 0, 0, 0, 0, 0, 1, 4, 1, 1, 0",2,
1103,cat water fountain tap,ca,,,,,,,,,,,2023-09-30,,,,,,,,,,,,"0, 0, 0, 0, 1, 1, 0, 0, 0, 0, 0, 0, 1, 0, 0, 0, 0, 0, 0, 0, 0, 0, 0, 0",1,
1104,best place for cat water fountain,ca,,,,,,,,,,,2026-06-23,,,,,,,,,,,,"0, 0, 0, 0, 0, 0, 0, 0, 0, 0, 0, 0, 0, 0, 0, 0, 0, 0, 0, 0, 0, 2, 3, 0",2,
1105,battery operated cat water fountain australia,ca,,,,,,,,10,,,2020-12-13,,,,,,,,,,,,"0, 0, 0, 0, 0, 0, 0, 0, 0, 0, 0, 0, 0, 0, 0, 0, 0, 0, 0, 0, 0, 0, 0, 0",1,
1106,boorca cat water fountain,ca,,,,,,,,,,,2025-04-29,,,,,,,,,,,,"0, 0, 0, 0, 0, 0, 0, 2, 4, 3, 0, 3, 0, 0, 0, 0, 0, 0, 0, 0, 0, 0, 0, 0",1,
1107,most reliable cat water fountain,ca,,,,,,,,,,,2022-04-05,,,,,,,,,,,,"0, 0, 2, 0, 0, 0, 0, 0, 0, 0, 0, 0, 0, 0, 0, 0, 0, 0, 0, 3, 0, 0, 0, 1",1,
1108,raindrop cat water fountain,ca,,,,,,,,,,,2017-07-03,,,,,,,,,,,,"0, 0, 0, 0, 0, 0, 0, 0, 0, 0, 0, 0, 0, 0, 0, 0, 1, 2, 6, 2, 0, 0, 0, 1",,
1109,cleaning cat water fountain pump,ca,,,,,,,,10,,,2024-02-13,,,,,,,,,,,,"0, 5, 3, 6, 3, 1, 4, 1, 2, 2, 0, 1, 0, 0, 0, 0, 0, 1, 0, 0, 3, 3, 0, 0",2,
1110,cat water fountain replacement filters,ca,,,,,,,,60,,,2020-05-26,,,,,,,,,,,,"2, 1, 0, 3, 3, 6, 2, 0, 1, 2, 3, 2, 2, 1, 2, 3, 3, 4, 5, 4, 3, 3, 3, 2",3,
1111,stainless steel cat water fountain no filter,ca,,,,,,,,30,,,2024-11-02,,,,,,,,,,,,"0, 0, 2, 4, 1, 0, 1, 0, 0, 1, 5, 1, 5, 1, 1, 4, 4, 2, 2, 0, 0, 5, 0, 0",2,
1112,cat water fountain non electric,ca,,,,,,,,50,,,2020-07-13,,,,,,,,,,,,"1, 2, 1, 2, 1, 1, 1, 3, 0, 0, 2, 0, 0, 0, 1, 1, 0, 3, 3, 0, 1, 1, 2, 0",2,
1113,cat water fountain how often to clean,ca,,,,,,,,,,,2026-01-22,,,,,,,,,,,,"0, 0, 0, 0, 0, 0, 0, 0, 0, 0, 0, 0, 0, 0, 0, 0, 4, 1, 0, 1, 0, 0, 0, 0",1,
1114,pet cat water fountain,ca,,,,,,,,30,,,2020-04-28,,,,,,,,,,,,"3, 1, 0, 1, 0, 1, 0, 1, 0, 0, 0, 1, 0, 0, 0, 1, 1, 0, 0, 0, 0, 0, 1, 0",1,
1115,hapaw cat water fountain,ca,,,,,,,,300,,,2025-05-16,,,,,,20.16,57.78,274.3,,,,"0, 0, 0, 0, 0, 0, 0, 0, 2, 8, 0, 0, 2, 1, 2, 5, 1, 0, 0, 4, 1, 2, 3, 5",4,
1116,cat drinking from water fountain pet,ca,,,,,,,,20,,,2026-03-21,,,,,,,,,,,,"0, 0, 0, 0, 0, 0, 0, 0, 0, 0, 0, 0, 0, 0, 0, 0, 0, 0, 2, 5, 0, 0, 0, 0",1,
1117,eox cat water fountain,ca,,,,,,,,10,,,2023-12-27,,,,,,,,,,,,"0, 0, 0, 0, 0, 0, 0, 0, 0, 0, 3, 2, 0, 0, 0, 0, 0, 1, 0, 0, 0, 0, 0, 0",1,
1118,cat water fountain turning green,ca,,,,,,,,,,,2022-07-18,,,,,,,,,,,,"0, 1, 2, 2, 0, 0, 1, 1, 4, 0, 1, 1, 1, 0, 0, 0, 0, 0, 0, 0, 0, 0, 0, 0",1,
1119,cat sensor water fountain,ca,,,,,,,,,,,2025-02-06,,,,,,,,,,,,"0, 0, 0, 0, 0, 1, 0, 0, 0, 0, 0, 0, 0, 0, 1, 2, 2, 0, 0, 0, 0, 0, 0, 0",1,
1120,best cat water fountain 2025 review,ca,,,,,,,,20,,,2025-06-09,,,,,,,,,,,,"0, 0, 0, 0, 0, 0, 0, 0, 0, 22, 28, 0, 0, 0, 2, 0, 1, 0, 0, 0, 0, 0, 0, 0",1,
1121,solar powered cat water fountain,ca,,,,,,,,40,,,2017-04-20,,,,,,,,,,,,"0, 0, 0, 0, 0, 0, 0, 2, 1, 2, 1, 0, 0, 1, 0, 1, 1, 3, 0, 4, 0, 0, 0, 1",2,
1122,best stainless steel cat water fountain review,ca,,,,,,,,,,,2025-07-05,,,,,,,,,,,,"0, 0, 0, 0, 0, 0, 0, 0, 0, 0, 5, 2, 0, 0, 0, 0, 0, 0, 0, 0, 0, 0, 0, 0",1,
1123,stainless steel water fountain for cat,ca,,,,,,,,20,,,2024-01-03,,,,,,,,,,,,"0, 1, 0, 0, 0, 0, 0, 0, 2, 1, 1, 0, 1, 0, 2, 2, 6, 1, 2, 2, 1, 3, 3, 0",3,
1124,livingbasics cat water fountain,ca,,,,,,,,,,,2022-02-09,,,,,,,,,,,,"0, 0, 0, 0, 0, 0, 0, 0, 0, 0, 0, 0, 0, 0, 0, 0, 0, 0, 0, 0, 0, 0, 0, 0",1,
1125,imipaw automatic cat feeder and water fountain,ca,,,,,,,,,,,2025-08-08,,,,,,,,,,,,"0, 0, 0, 0, 0, 0, 0, 0, 0, 0, 0, 3, 1, 0, 0, 0, 0, 0, 0, 0, 0, 0, 0, 0",1,
1126,veken cat water fountain class-action lawsuit,ca,,,,,,,,30,,,2026-06-10,,,,,,,,,,,,"0, 0, 0, 0, 0, 0, 0, 0, 0, 0, 0, 0, 0, 0, 0, 0, 0, 0, 0, 0, 0, 3, 2, 0",2,
1127,cat drinking water fountain stainless steel,ca,,,,,,,,30,,,2026-03-15,,,,,,,,,,,,"0, 0, 0, 0, 0, 0, 0, 0, 0, 0, 0, 0, 0, 0, 0, 0, 0, 0, 3, 9, 2, 1, 0, 3",2,
1128,cat water fountain avalon replacement parts,ca,,,,,,,,,,,2019-12-25,,,,,,,,,,,,"0, 0, 0, 0, 0, 0, 0, 0, 0, 0, 0, 0, 0, 0, 0, 0, 0, 0, 0, 0, 0, 0, 0, 0",1,
1129,best outdoor cat water fountain,ca,,,,,,,,40,,,2021-07-12,,,,,,,,,,,,"0, 1, 0, 1, 0, 0, 0, 0, 0, 0, 0, 0, 0, 0, 0, 0, 0, 0, 0, 0, 1, 0, 0, 1",1,
1130,cat water fountain auto shut off,ca,,,,,,,,,,,2020-05-27,,,,,,,,,,,,"0, 0, 0, 0, 0, 0, 0, 0, 0, 0, 1, 1, 0, 0, 0, 0, 1, 2, 0, 0, 0, 0, 0, 0",1,
1131,how often should you replace cat water fountain,ca,,,,,,,,80,,,2026-03-02,,,,,,,,,,,,"0, 0, 0, 0, 0, 0, 0, 0, 0, 0, 0, 0, 0, 0, 0, 0, 0, 0, 2, 4, 0, 3, 1, 0",2,
1132,uiooq cat water fountain,ca,,,,,,,,,,,2024-02-25,,,,,,,,,,,,"0, 1, 0, 0, 0, 0, 0, 0, 0, 0, 0, 0, 0, 0, 0, 0, 0, 0, 0, 0, 0, 0, 0, 0",1,
1133,smartoo cat water fountain,ca,,,,,,,,,,,2024-11-11,,,,,,,,,,,,"0, 0, 3, 0, 1, 1, 0, 0, 0, 0, 0, 0, 0, 0, 0, 0, 0, 0, 0, 0, 0, 0, 0, 0",1,
1134,yin yang cat water fountain,ca,,,,,,,,,,,2023-01-17,,,,,,,,,,,,"0, 0, 0, 0, 0, 0, 1, 0, 0, 0, 0, 0, 0, 0, 0, 0, 0, 0, 0, 0, 0, 0, 0, 0",1,
1135,cat keeps messing with water fountain,ca,,,,,,,,,,,2024-04-13,,,,,,,,,,,,"0, 0, 0, 0, 2, 1, 2, 1, 0, 0, 0, 0, 0, 0, 0, 1, 0, 0, 0, 0, 0, 0, 0, 0",1,
1136,stainless steel cordless cat water fountain,ca,,,,,,,,30,,,2023-09-01,,,,,,,,,,,,"0, 1, 1, 3, 1, 1, 1, 0, 1, 2, 0, 0, 1, 1, 1, 0, 2, 0, 0, 0, 0, 0, 0, 0",1,
1137,cat it water fountain replacement filters,ca,,,,,,,,,,,2021-03-07,,,,,,,,,,,,"0, 0, 0, 0, 0, 0, 0, 0, 0, 0, 0, 0, 0, 0, 0, 0, 0, 0, 0, 0, 0, 0, 0, 0",1,
1138,cat water fountain kitten drinking,ca,,,,,,,,,,,2026-04-17,,,,,,,,,,,,"0, 0, 0, 0, 0, 0, 0, 0, 0, 0, 0, 0, 0, 0, 0, 0, 0, 0, 0, 2, 1, 1, 0, 0",2,
1139,cat water fountain sensor,ca,,,,,,,,30,,,2020-11-22,,,,,,,,,,,,"0, 0, 0, 3, 1, 2, 0, 0, 0, 0, 1, 2, 0, 0, 0, 1, 0, 1, 1, 2, 0, 3, 1, 0",2,
1140,how to encourage cat to use water fountain,ca,,,,,,,,10,,,2024-08-02,,,,,,,,,,,,"0, 0, 0, 0, 0, 1, 0, 0, 0, 0, 3, 1, 1, 1, 1, 0, 1, 2, 0, 0, 0, 0, 1, 2",2,
1141,cat water fountain stainless steel pet,ca,,,,,,,,10,,,2026-03-10,,,,,,,,,,,,"0, 0, 0, 0, 0, 0, 0, 0, 0, 0, 0, 0, 0, 0, 0, 0, 0, 0, 5, 2, 0, 0, 0, 0",1,
1142,tiny black worms in cat water fountain,ca,,,,,,,,10,,,2022-07-08,,,,,,,,,,,,"1, 0, 0, 0, 0, 0, 0, 0, 0, 0, 1, 1, 1, 0, 0, 0, 0, 0, 0, 0, 0, 0, 0, 0",1,
1143,how often change water in cat fountain,ca,,,,,,,,40,,,2016-11-23,,,,,,,,,,,,"1, 2, 4, 3, 2, 6, 2, 2, 5, 2, 7, 1, 6, 3, 1, 1, 2, 2, 5, 2, 5, 7, 6, 5",7,
1144,how often should i clean a cat water fountain,ca,,,,,,,,,,,2025-02-09,,,,,,,,,,,,"0, 0, 0, 0, 0, 2, 0, 3, 1, 2, 0, 0, 2, 1, 0, 0, 0, 0, 0, 0, 0, 0, 1, 0",1,
1145,how to turn on cat water fountain,ca,,,,,,,,10,,,2026-06-25,,,,,,,,,,,,"0, 0, 0, 0, 0, 0, 0, 0, 0, 0, 0, 0, 0, 0, 0, 0, 0, 0, 0, 0, 0, 3, 2, 0",2,
1146,aluminum cat water fountain,ca,,,,,,,,10,,,2025-04-27,,,,,,,,,,,,"0, 0, 0, 0, 0, 0, 0, 1, 1, 2, 0, 0, 0, 0, 1, 1, 3, 0, 1, 0, 2, 2, 1, 0",2,
1147,best smart cat water fountain,ca,,,,,,,,10,,,2022-12-11,,,,,,,,,,,,"1, 0, 1, 0, 0, 2, 0, 0, 0, 0, 0, 0, 0, 1, 0, 2, 0, 0, 0, 1, 0, 0, 1, 1",2,
1148,how often to change cat fountain water,ca,,,,,,,,20,,,2020-09-19,,,,,,,,,,,,"6, 1, 7, 2, 3, 0, 0, 5, 1, 2, 9, 2, 4, 4, 3, 1, 5, 2, 6, 3, 2, 6, 1, 7",5,
1149,catit 2.0 flower cat water fountain,ca,,,,,,,,20,,,2020-08-14,,,,,,,,,,,,"0, 0, 0, 0, 0, 0, 0, 0, 0, 0, 0, 0, 0, 0, 0, 0, 0, 0, 1, 0, 0, 1, 0, 0",1,
1150,cat water fountain and food bowl,ca,,,,,,,,20,,,2020-10-13,,,,,,,,,,,,"1, 0, 1, 0, 2, 0, 0, 1, 0, 0, 1, 0, 0, 1, 1, 2, 2, 1, 0, 0, 0, 0, 1, 0",2,
1151,cat drinking water fountain close up,ca,,,,,,,,40,,,2026-03-17,,,,,,,,,,,,"0, 0, 0, 0, 0, 0, 0, 0, 0, 0, 0, 0, 0, 0, 0, 0, 0, 0, 9, 15, 7, 1, 0, 0",1,
1152,aonboy cat water fountain instructions,ca,,,,,,,,,,,2022-10-31,,,,,,,,,,,,"1, 2, 0, 2, 1, 1, 0, 1, 0, 0, 0, 2, 0, 1, 1, 7, 1, 2, 0, 0, 0, 0, 0, 0",1,
1153,reviews cat water fountain,ca,,,,,,,,,,,2025-01-14,,,,,,,,,,,,"0, 0, 0, 0, 1, 1, 1, 0, 0, 1, 0, 0, 1, 0, 0, 0, 0, 0, 0, 0, 0, 0, 0, 0",1,
1154,pet water fountain cat drinking close up,ca,,,,,,,,,,,2026-03-12,,,,,,,,,,,,"0, 0, 0, 0, 0, 0, 0, 0, 0, 0, 0, 0, 0, 0, 0, 0, 0, 0, 3, 1, 0, 0, 0, 0",1,
1155,battery operated cat water fountain canada,ca,,,,,,,,,,,2022-04-20,,,,,,,,,,,,"0, 0, 0, 0, 0, 0, 0, 0, 0, 0, 0, 0, 0, 0, 0, 0, 0, 0, 0, 0, 0, 0, 0, 0",1,
1156,cat water fountain stopped pumping,ca,,,,,,,,10,,,2026-03-24,,,,,,,,,,,,"0, 0, 0, 0, 0, 0, 0, 0, 0, 0, 0, 0, 0, 0, 0, 0, 0, 0, 2, 2, 2, 1, 0, 0",1,
1157,gothic cat water fountain,ca,,,,,,,,10,,,2023-11-14,,,,,,,,,,,,"8, 5, 4, 2, 2, 1, 0, 2, 0, 2, 2, 3, 1, 2, 0, 0, 0, 0, 2, 0, 0, 0, 0, 0",1,
1158,temu cat water fountain,ca,,,,,,,,,,,2023-03-12,,,,,,,,,,,,"0, 0, 0, 0, 0, 1, 0, 0, 0, 0, 0, 0, 0, 2, 0, 0, 0, 0, 0, 0, 0, 0, 0, 0",1,
1159,replacement filter for cat water fountain,ca,,,,,,,,30,,,2021-12-23,,,,,,,,,,,,"1, 0, 2, 0, 4, 0, 1, 0, 0, 1, 1, 0, 0, 0, 1, 1, 0, 2, 0, 2, 3, 2, 2, 0",2,
1160,which cat water fountain is easiest to clean,ca,,,,,,,,10,,,2025-08-23,,,,,,,,,,,,"0, 0, 0, 0, 0, 0, 0, 0, 0, 0, 0, 2, 0, 0, 0, 0, 0, 1, 1, 0, 0, 0, 5, 1",3,
1161,gooifun wireless cat water fountain,ca,,,,,,,,10,,,2026-05-26,,,,,,,,,,,,"0, 0, 0, 0, 0, 0, 0, 0, 0, 0, 0, 0, 0, 0, 0, 0, 0, 0, 0, 0, 3, 4, 1, 0",2,
1162,modern cat water fountain,ca,,,,,,,,70,,,2020-04-23,,,,,,,,,,,,"1, 2, 1, 1, 2, 1, 0, 0, 2, 0, 6, 5, 3, 1, 4, 3, 0, 4, 2, 7, 13, 5, 5, 1",4,
1163,how often to clean a cat water fountain,ca,,,,,,,,20,,,2025-06-17,,,,,,,,,,,,"0, 0, 0, 0, 0, 0, 0, 0, 0, 2, 1, 1, 0, 2, 1, 4, 2, 3, 2, 4, 2, 4, 4, 1",4,
1164,cat water fountain fire hazard,ca,,,,,,,,20,,,2023-05-11,,,,,,,,,,,,"4, 2, 2, 2, 2, 2, 1, 0, 0, 0, 1, 2, 1, 2, 1, 1, 2, 4, 3, 0, 0, 0, 1, 1",2,
1165,how to choose cat water fountain,ca,,,,,,,,,,,2025-09-07,,,,,,,,,,,,"0, 0, 0, 0, 0, 0, 0, 0, 0, 0, 0, 0, 1, 0, 3, 0, 0, 0, 0, 0, 0, 0, 0, 0",1,
1166,water fountain cat bowl,ca,,,,,,,,100,,,2020-03-01,,,,,,,,,,,,"0, 4, 3, 4, 9, 6, 6, 3, 3, 2, 11, 5, 2, 0, 1, 1, 1, 0, 0, 2, 3, 2, 1, 0",2,
1167,best water cat fountain,ca,,,,,,,,50,,,2020-09-13,,,,,,,,,,,,"4, 1, 0, 2, 2, 0, 1, 1, 0, 2, 1, 3, 0, 0, 0, 2, 5, 6, 0, 2, 2, 3, 1, 5",4,
1168,cat drinking from water fountain stainless steel,ca,,,,,,,,10,,,2026-03-22,,,,,,,,,,,,"0, 0, 0, 0, 0, 0, 0, 0, 0, 0, 0, 0, 0, 0, 0, 0, 0, 0, 2, 6, 1, 2, 0, 0",2,
1169,plastic water fountain cat acne,ca,,,,,,,,,,,2023-07-28,,,,,,,,,,,,"2, 0, 0, 1, 0, 0, 0, 0, 0, 0, 0, 0, 0, 0, 0, 0, 0, 0, 0, 0, 0, 0, 0, 0",1,
1170,cat water fountain flashing blue light,ca,,,,,,,,30,,,2024-12-16,,,,,,,,,,,,"0, 0, 0, 1, 1, 0, 1, 2, 1, 1, 0, 1, 1, 1, 0, 2, 2, 6, 0, 3, 1, 1, 1, 1",2,
1171,how to clean cat water fountain filter,ca,,,,,,,,40,,,2021-06-11,,,,,,,,,,,,"5, 3, 8, 5, 2, 6, 14, 9, 5, 3, 5, 7, 6, 3, 0, 4, 2, 0, 1, 0, 2, 3, 4, 0",3,
1172,cat water fountain pakistan,ca,,,,,,,,80,,,2023-06-04,,,,,,,,,,,,"0, 0, 0, 0, 0, 0, 1, 0, 0, 0, 1, 0, 0, 1, 0, 0, 0, 1, 0, 0, 0, 0, 0, 0",1,
1173,cat steel water fountain,ca,,,,,,,,20,,,2024-12-24,,,,,,,,,,,,"0, 0, 0, 2, 1, 1, 0, 0, 0, 0, 0, 0, 0, 0, 1, 1, 2, 1, 1, 3, 3, 0, 3, 0",2,
1174,cat stares at water fountain,ca,,,,,,,,,,,2024-01-10,,,,,,,,,,,,"0, 0, 0, 0, 0, 0, 0, 0, 0, 0, 0, 0, 0, 0, 0, 0, 1, 0, 0, 2, 0, 0, 0, 0",1,
1175,cat water fountain glass,ca,,,,,,,,20,,,2021-02-23,,,,,,,,,,,,"2, 0, 3, 0, 2, 4, 1, 0, 3, 1, 2, 2, 3, 0, 0, 5, 2, 3, 0, 2, 4, 1, 0, 0",1,
1176,antibacterial cat water fountain,ca,,,,,,,,30,,,2023-07-28,,,,,,,,,,,,"1, 4, 2, 2, 0, 0, 0, 0, 0, 0, 1, 1, 2, 1, 2, 1, 3, 1, 0, 0, 3, 2, 4, 1",3,
1177,cat filtered water fountain,ca,,,,,,,,50,,,2020-04-30,,,,,,,,,,,,"2, 0, 0, 0, 0, 1, 4, 0, 1, 0, 0, 0, 2, 0, 1, 2, 1, 0, 0, 0, 1, 0, 0, 1",1,
1178,cat water fountain stainless steel nearby,ca,,,,,,,,20,,,2025-01-15,,,,,,,,,,,,"0, 0, 0, 0, 4, 0, 1, 0, 0, 0, 0, 3, 1, 1, 0, 0, 0, 2, 0, 0, 0, 0, 4, 2",3,
1179,best cat water fountain 2025,ca,,,,,,,,700,,,2025-01-29,,,,,,-12.71,-21.35,62.01,,,,"0, 0, 0, 0, 2, 3, 1, 0, 6, 68, 35, 14, 7, 9, 10, 12, 7, 0, 2, 0, 0, 0, 0, 0",1,
1180,cat water fountain without electricity,ca,,,,,,,,30,,,2021-06-17,,,,,,,,,,,,"0, 1, 2, 2, 0, 3, 0, 0, 1, 3, 0, 2, 1, 1, 0, 1, 3, 0, 0, 0, 0, 0, 2, 1",2,
1181,cat water fountain how does it work,ca,,,,,,,,,,,2026-08-04,,,,,,,,,,,,"0, 0, 0, 0, 0, 0, 0, 0, 0, 0, 0, 0, 0, 0, 0, 0, 0, 0, 0, 0, 0, 0, 0, 5",3,
1182,algae growing in cat water fountain,ca,,,,,,,,10,,,2023-05-01,,,,,,,,,,,,"0, 0, 0, 2, 1, 0, 3, 3, 3, 2, 2, 5, 3, 4, 0, 0, 1, 0, 1, 0, 0, 0, 1, 0",1,
1183,cat litter box vs water fountain,ca,,,,,,,,10,,,2026-04-16,,,,,,,,,,,,"0, 0, 0, 0, 0, 0, 0, 0, 0, 0, 0, 0, 0, 0, 0, 0, 0, 0, 0, 8, 10, 4, 0, 0",2,
1184,cat water fountain reviews 2025,ca,,,,,,,,10,,,2025-05-14,,,,,,,,,,,,"0, 0, 0, 0, 0, 0, 0, 0, 1, 1, 0, 3, 0, 0, 0, 0, 0, 0, 0, 0, 0, 0, 0, 0",1,
1185,cat drinking water fountain bowl,ca,,,,,,,,10,,,2026-03-28,,,,,,,,,,,,"0, 0, 0, 0, 0, 0, 0, 0, 0, 0, 0, 0, 0, 0, 0, 0, 0, 0, 1, 4, 0, 0, 0, 0",1,
1186,pet water fountain cat drinking flowing water,ca,,,,,,,,,,,2026-03-29,,,,,,,,,,,,"0, 0, 0, 0, 0, 0, 0, 0, 0, 0, 0, 0, 0, 0, 0, 0, 0, 0, 1, 3, 0, 0, 0, 0",1,
1187,oneisall cat water fountain instructions,ca,,,,,,,,10,,,2024-08-24,,,,,,,,,,,,"4, 9, 2, 2, 2, 2, 2, 0, 1, 0, 0, 0, 0, 0, 0, 0, 1, 0, 0, 0, 0, 0, 0, 0",1,
1188,cat water fountain ceramic vs stainless steel,ca,,,,,,,,40,,,2021-08-22,,,,,,,,,,,,"3, 1, 2, 1, 3, 0, 1, 1, 2, 1, 7, 6, 1, 5, 5, 0, 5, 1, 4, 2, 5, 4, 7, 8",7,
1189,neareal cat water fountain,ca,,,,,,,,150,,,2024-08-26,,,,,,,,,,,,"0, 0, 0, 0, 0, 0, 0, 0, 1, 0, 0, 1, 0, 0, 2, 6, 6, 0, 2, 0, 1, 0, 0, 0",1,
1190,how to get your cat to drink from water fountain,ca,,,,,,,,,,,2022-07-11,,,,,,,,,,,,"0, 2, 0, 0, 0, 2, 0, 0, 0, 0, 0, 0, 0, 0, 0, 0, 0, 0, 0, 0, 0, 0, 0, 0",1,
1191,how does a cat water fountain work,ca,,,,,,,,40,,,2020-06-30,,,,,,,,,,,,"0, 4, 4, 2, 3, 1, 1, 4, 7, 3, 6, 2, 2, 4, 1, 2, 0, 6, 4, 3, 3, 5, 8, 3",5,
1192,stainless steel water cat fountain,ca,,,,,,,,10,,,2025-05-18,,,,,,,,,,,,"0, 0, 0, 0, 0, 0, 0, 0, 3, 0, 3, 1, 0, 0, 1, 0, 0, 1, 2, 2, 3, 2, 0, 0",2,
1193,cat water fountain temu,ca,,,,,,,,,,,2023-08-26,,,,,,,,,,,,"0, 0, 0, 0, 0, 0, 0, 0, 1, 0, 0, 0, 1, 0, 0, 0, 0, 0, 0, 0, 0, 0, 0, 1",2,
1194,tomxcute cat water fountain,ca,64,,0.25,,tomxcute cat water fountain,2026-09-11 04:36:43,"Shopping,Thumbnail,People also ask,Video preview",20,0,20,2022-04-06,,,,,,,,,,"Informational,Commercial,Transactional,Branded,Non-local",English,"7, 3, 2, 1, 1, 0, 1, 0, 1, 0, 1, 2, 2, 0, 3, 3, 0, 3, 0, 1, 0, 2, 0, 1",2,Pet food
1195,large capacity cat water fountain,ca,,,,,,,,20,,,2023-03-28,,,,,,,,,,,,"4, 0, 1, 0, 1, 1, 2, 0, 1, 0, 0, 0, 1, 0, 3, 0, 2, 1, 0, 1, 0, 0, 0, 1",1,
1196,stainless steel cat water fountain quiet,ca,,,,,,,,20,,,2026-01-07,,,,,,,,,,,,"0, 0, 0, 0, 0, 0, 0, 0, 0, 0, 0, 0, 0, 0, 0, 0, 1, 0, 1, 6, 1, 2, 0, 0",2,
1197,how to make cat drink from water fountain,ca,,,,,,,,20,,,2022-05-14,,,,,,,,,,,,"2, 1, 1, 0, 4, 0, 0, 1, 0, 0, 3, 4, 1, 3, 2, 1, 3, 0, 0, 0, 0, 1, 0, 1",2,
1198,petnf cat water fountain,ca,,,,,,,,,,,2021-08-19,,,,,,,,,,,,"0, 0, 0, 0, 0, 0, 0, 0, 0, 0, 0, 0, 0, 0, 0, 0, 0, 0, 0, 0, 0, 0, 0, 0",1,
1199,lawfery cat water fountain,ca,,,,,,,,,,,2024-08-13,,,,,,,,,,,,"1, 0, 1, 0, 0, 0, 0, 0, 0, 0, 0, 1, 0, 0, 0, 0, 2, 0, 0, 0, 0, 0, 0, 0",1,
1200,simple diy cat water fountain,ca,,,,,,,,30,,,2020-05-25,,,,,,,,,,,,"1, 0, 3, 2, 0, 1, 9, 3, 3, 2, 2, 3, 2, 1, 2, 1, 3, 0, 4, 2, 3, 1, 6, 2",4,
1201,swan cat water fountain,ca,,,,,,,,,,,2020-01-10,,,,,,,,,,,,"6, 1, 0, 1, 1, 1, 3, 1, 1, 0, 2, 2, 2, 1, 2, 4, 3, 2, 0, 2, 0, 1, 0, 0",1,
1202,how often should a cat water fountain be cleaned,ca,,,,,,,,10,,,2025-04-10,,,,,,,,,,,,"0, 0, 0, 0, 0, 0, 0, 1, 1, 0, 0, 1, 3, 0, 1, 3, 0, 0, 2, 0, 3, 3, 3, 4",4,
1203,tall cat water fountain,ca,,,,,,,,20,,,2024-05-19,,,,,,,,,,,,"3, 0, 0, 0, 0, 0, 1, 0, 0, 0, 0, 0, 0, 0, 0, 0, 0, 1, 0, 0, 0, 0, 0, 0",1,
1204,cat water fountain no spill,ca,,,,,,,,,,,2023-01-23,,,,,,,,,,,,"1, 0, 0, 0, 0, 0, 0, 0, 0, 0, 0, 0, 0, 0, 0, 0, 0, 0, 0, 0, 0, 0, 0, 0",1,
1205,cat water fountain pink mold,ca,,,,,,,,10,,,2024-08-11,,,,,,,,,,,,"3, 1, 0, 0, 0, 0, 1, 1, 4, 3, 1, 3, 0, 0, 0, 0, 1, 1, 0, 1, 1, 0, 1, 0",2,
1206,cat water fountain best,ca,,,,,,,,60,,,2019-11-26,,,,,,,,,,"Informational,Commercial,Non-branded,Non-local",English,"9, 6, 1, 4, 10, 4, 2, 1, 2, 1, 6, 9, 1, 4, 1, 11, 5, 1, 3, 2, 2, 3, 6, 6",6,Pet food; Price comparisons
1207,cat water fountain white,ca,,,,,,,,20,,,2022-02-01,,,,,,,,,,,,"3, 0, 1, 4, 1, 2, 2, 0, 2, 0, 0, 1, 0, 1, 0, 0, 4, 0, 1, 1, 2, 1, 4, 2",3,
1208,pure flow cat water fountain,ca,,,,,,,,10,,,2026-01-30,,,,,,,,,,,,"0, 0, 0, 0, 0, 0, 0, 0, 0, 0, 0, 0, 0, 0, 0, 0, 1, 9, 1, 0, 0, 0, 1, 0",2,
1209,cat water fountain cute,ca,,,,,,,,50,,,2021-04-12,,,,,,,,,,,,"2, 1, 1, 1, 2, 5, 2, 0, 6, 1, 4, 1, 1, 1, 1, 2, 1, 1, 1, 0, 3, 2, 3, 4",4,
1210,cat water fountain blue light,ca,,,,,,,,,,,2024-06-13,,,,,,,,,,,,"1, 1, 1, 0, 3, 4, 0, 0, 0, 0, 0, 0, 1, 0, 0, 0, 1, 0, 0, 0, 0, 0, 0, 0",1,
1211,harmony cat water fountain,ca,,,,,,,,,,,2020-07-16,,,,,,,,,,,,"0, 0, 0, 0, 0, 0, 0, 0, 0, 0, 0, 0, 0, 0, 0, 0, 0, 0, 0, 0, 0, 0, 0, 0",1,
1212,how to clean water pump for cat fountain,ca,,,,,,,,,,,2025-01-01,,,,,,,,,,,,"0, 0, 0, 0, 1, 2, 3, 9, 4, 2, 5, 1, 1, 1, 0, 0, 0, 0, 0, 0, 0, 0, 0, 0",1,
1213,cat water fountain black friday,ca,,,,,,,,10,,,2021-11-25,,,,,,,,,,,,"0, 1, 11, 0, 0, 0, 0, 0, 2, 0, 0, 0, 0, 0, 1, 1, 0, 0, 0, 0, 0, 0, 0, 0",1,
1214,downypaws wireless cat water fountain,ca,,,,,,,,,,,2023-07-28,,,,,,,,,,,,"0, 0, 0, 0, 0, 0, 0, 0, 0, 3, 2, 1, 0, 0, 0, 0, 0, 0, 0, 0, 0, 0, 0, 0",1,
1215,cat water fountain india,ca,,,,,,,,20,,,2020-12-17,,,,,,,,,,,,"0, 0, 0, 0, 0, 0, 0, 0, 0, 0, 0, 0, 0, 1, 1, 4, 3, 1, 0, 0, 0, 0, 1, 0",2,
1216,cat water fountain filters nearby,ca,,,,,,,,20,,,2025-01-29,,,,,,,,,,,,"0, 0, 0, 0, 1, 0, 3, 4, 0, 1, 0, 3, 0, 0, 0, 2, 0, 0, 1, 0, 1, 2, 2, 0",2,
1217,cat water fountain cleaner,ca,,,,,,,,10,,,2024-09-28,,,,,,,,,,,,"1, 2, 0, 0, 0, 0, 0, 0, 0, 0, 0, 0, 1, 1, 0, 1, 1, 0, 1, 0, 1, 0, 0, 0",1,
1218,stainless steel cat water fountain veken,ca,,,,,,,,,,,2026-04-05,,,,,,,,,,,,"0, 0, 0, 0, 0, 0, 0, 0, 0, 0, 0, 0, 0, 0, 0, 0, 0, 0, 0, 7, 2, 0, 1, 0",2,
1219,wireless pump cat water fountain,ca,,,,,,,,,,,2023-01-25,,,,,,,,,,,,"0, 0, 0, 0, 0, 0, 0, 0, 1, 3, 2, 1, 0, 0, 0, 0, 2, 1, 0, 0, 0, 0, 0, 0",1,
1220,veken cat water fountain filter reviews,ca,,,,,,,,30,,,2026-07-05,,,,,,,,,,,,"0, 0, 0, 0, 0, 0, 0, 0, 0, 0, 0, 0, 0, 0, 0, 0, 0, 0, 0, 0, 0, 0, 4, 0",2,
1221,best steel cat water fountain,ca,,,,,,,,10,,,2025-06-11,,,,,,,,,,,,"0, 0, 0, 0, 0, 0, 0, 0, 0, 1, 2, 0, 0, 0, 0, 2, 3, 1, 0, 0, 0, 1, 5, 1",4,
1222,what to look for cat water fountain,ca,,,,,,,,10,,,2025-10-30,,,,,,,,,,,,"0, 0, 0, 0, 0, 0, 0, 0, 0, 0, 0, 0, 0, 1, 2, 0, 0, 1, 0, 0, 0, 0, 0, 0",1,
1223,two tank cat water fountain,ca,,,,,,,,30,,,2025-01-16,,,,,,,,,,,,"0, 0, 0, 0, 1, 1, 0, 0, 0, 0, 0, 0, 0, 0, 0, 0, 0, 0, 0, 11, 3, 2, 0, 0",2,
1224,cat water fountain filter nearby,ca,,,,,,,,10,,,2025-11-09,,,,,,,,,,,,"0, 0, 0, 0, 0, 0, 0, 0, 0, 0, 0, 0, 0, 0, 3, 0, 1, 0, 0, 0, 0, 0, 0, 0",1,
1225,petory cat water fountain,ca,,,,,,,,,,,2023-01-13,,,,,,,,,,,,"0, 0, 0, 0, 0, 0, 0, 0, 0, 0, 0, 0, 0, 0, 0, 0, 0, 0, 0, 0, 0, 0, 0, 0",1,
1226,cat water fountain for cats,ca,,,,,,,,20,,,2025-08-30,,,,,,,,,,,,"0, 0, 0, 0, 0, 0, 0, 0, 0, 0, 0, 3, 0, 0, 0, 0, 0, 0, 0, 0, 4, 0, 1, 0",1,
1227,cat keeps tipping water fountain,ca,,,,,,,,,,,2022-08-01,,,,,,,,,,,,"0, 0, 0, 0, 1, 3, 2, 0, 0, 0, 0, 0, 0, 0, 0, 0, 0, 0, 0, 0, 0, 0, 0, 0",1,
1228,drip cat water fountain,ca,,,,,,,,20,,,2026-05-20,,,,,,,,,,,,"0, 0, 0, 0, 0, 0, 0, 0, 0, 0, 0, 0, 0, 0, 0, 0, 0, 0, 0, 0, 12, 1, 4, 7",4,
1229,304 stainless steel cat water fountain,ca,,,,,,,,20,,,2025-11-27,,,,,,,,,,,,"0, 0, 0, 0, 0, 0, 0, 0, 0, 0, 0, 0, 0, 0, 3, 1, 1, 2, 1, 1, 0, 0, 0, 0",1,
1230,submersible pump for cat water fountain,ca,,,,,,,,,,,2020-05-09,,,,,,,,,,,,"3, 1, 0, 2, 0, 0, 0, 0, 0, 0, 0, 0, 0, 0, 0, 0, 0, 0, 0, 0, 0, 0, 0, 0",1,
1231,cat water fountain overflowing,ca,,,,,,,,,,,2022-07-28,,,,,,,,,,,,"1, 0, 0, 0, 0, 0, 0, 0, 0, 0, 0, 0, 0, 0, 0, 0, 0, 0, 0, 0, 0, 2, 0, 0",2,
1232,how to prevent slime in cat water fountain,ca,,,,,,,,,,,2021-05-01,,,,,,,,,,,,"0, 0, 0, 0, 0, 0, 0, 0, 0, 0, 0, 1, 0, 0, 0, 0, 0, 0, 0, 0, 0, 0, 0, 0",1,
1233,cat dental water additive for fountain,ca,,,,,,,,10,,,2025-12-13,,,,,,,,,,,,"0, 0, 0, 0, 0, 0, 0, 0, 0, 0, 0, 0, 0, 0, 0, 4, 1, 2, 2, 0, 0, 0, 0, 0",1,
1234,stainless steel vs plastic cat water fountain,ca,,,,,,,,20,,,2025-09-04,,,,,,,,,,,,"0, 0, 0, 0, 0, 0, 0, 0, 0, 0, 0, 0, 4, 0, 3, 2, 1, 0, 0, 1, 0, 0, 1, 0",2,
1235,amazon prime cat water fountain,ca,,,,,,,,,,,2019-08-05,,,,,,,,,,,,"0, 0, 0, 0, 0, 0, 0, 0, 0, 0, 0, 0, 0, 0, 0, 0, 0, 0, 0, 0, 0, 0, 0, 0",1,
1236,cat water fountain with spout,ca,,,,,,,,10,,,2024-09-10,,,,,,,,,,,,"2, 0, 0, 0, 0, 1, 1, 0, 0, 0, 0, 0, 3, 1, 1, 0, 0, 0, 0, 0, 0, 0, 0, 0",1,
1237,best cat water fountain dishwasher safe,ca,,,,,,,,10,,,2026-01-10,,,,,,,,,,,,"0, 0, 0, 0, 0, 0, 0, 0, 0, 0, 0, 0, 0, 0, 0, 0, 1, 0, 2, 2, 1, 1, 0, 0",1,
1238,comsmart cat water fountain,ca,,,,,,,,20,,,2020-03-09,,,,,,,,,,,,"1, 0, 0, 0, 1, 0, 0, 0, 0, 0, 0, 1, 0, 0, 1, 1, 1, 0, 0, 0, 0, 0, 0, 0",1,
1239,stainless steel cat water fountain instructions,ca,,,,,,,,,,,2026-01-08,,,,,,,,,,,,"0, 0, 0, 0, 0, 0, 0, 0, 0, 0, 0, 0, 0, 0, 0, 0, 1, 2, 0, 1, 2, 0, 0, 0",1,
1240,cat keeps moving water fountain,ca,,,,,,,,,,,2024-04-02,,,,,,,,,,,,"0, 0, 0, 0, 0, 0, 0, 2, 2, 1, 0, 0, 0, 0, 0, 0, 0, 0, 2, 1, 0, 0, 0, 0",1,
1241,what is the quietest cat water fountain,ca,,,,,,,,,,,2021-03-01,,,,,,,,,,,,"0, 0, 0, 0, 0, 0, 0, 0, 0, 0, 0, 0, 0, 0, 0, 0, 0, 0, 0, 0, 0, 0, 0, 0",1,
1242,cat water fountain veken,ca,,,,,,,,30,,,2022-09-29,,,,,,,,,,,,"3, 0, 0, 0, 0, 0, 2, 2, 0, 4, 1, 2, 0, 1, 0, 0, 0, 1, 0, 0, 2, 0, 1, 3",2,
1243,cat water fountain external pump,ca,,,,,,,,10,,,2024-02-04,,,,,,,,,,,,"2, 1, 3, 1, 1, 0, 0, 0, 5, 1, 0, 0, 0, 0, 2, 0, 0, 0, 0, 0, 1, 1, 2, 4",3,
1244,feelneedy cat water fountain manual,ca,,,,,,,,,,,2024-12-27,,,,,,,,,,,,"0, 0, 0, 1, 0, 0, 0, 0, 0, 0, 0, 0, 0, 0, 0, 1, 2, 1, 0, 0, 0, 0, 0, 0",1,
1245,petmate cat water fountain filters,ca,,,,,,,,20,,,2022-07-07,,,,,,,,,,,,"0, 0, 0, 0, 0, 0, 0, 0, 1, 0, 0, 0, 0, 0, 0, 0, 0, 0, 0, 0, 0, 0, 0, 0",1,
1246,stainless steel cat water fountain australia,ca,,,,,,,,150,,,2024-06-29,,,,,,,,,,,,"0, 0, 0, 0, 1, 0, 0, 0, 0, 1, 1, 1, 0, 1, 0, 0, 1, 0, 0, 0, 0, 0, 0, 1",2,
1247,petiigo cat water fountain instructions,ca,,,,,,,,,,,2024-05-04,,,,,,,,,,,,"0, 0, 0, 0, 0, 0, 0, 0, 0, 0, 0, 0, 0, 0, 0, 0, 0, 0, 0, 0, 0, 0, 0, 0",1,
1248,whisker city pineapple cat water fountain filters,ca,,,,,,,,,,,2022-01-02,,,,,,,,,,,,"0, 0, 0, 0, 0, 0, 0, 0, 0, 0, 0, 0, 0, 0, 0, 0, 0, 0, 0, 0, 0, 0, 0, 0",1,
1249,how often to change filter on cat water fountain,ca,,,,,,,,30,,,2024-06-27,,,,,,,,,,,,"3, 3, 0, 2, 1, 3, 2, 3, 1, 2, 0, 2, 3, 3, 2, 2, 7, 5, 7, 6, 3, 2, 3, 0",3,
1250,miaustore cat water fountain amazon,ca,,,,,,,,,,,2021-04-25,,,,,,,,,,,,"0, 0, 0, 0, 0, 0, 0, 0, 0, 0, 0, 0, 0, 0, 0, 0, 0, 0, 0, 0, 0, 0, 0, 0",1,
1251,cat water fountain pineapple,ca,,,,,,,,,,,2020-08-11,,,,,,,,,,,,"0, 0, 0, 0, 0, 0, 0, 0, 0, 0, 0, 0, 0, 0, 0, 0, 0, 0, 0, 0, 0, 0, 0, 0",1,
1252,amazon best cat water fountain,ca,,,,,,,,,,,2023-08-22,,,,,,,,,,,,"0, 0, 0, 0, 0, 0, 0, 0, 0, 0, 0, 0, 0, 0, 0, 0, 0, 0, 0, 0, 0, 0, 0, 0",1,
1253,cat water fountain stainless steel wireless,ca,,,,,,,,40,,,2025-04-16,,,,,,,,,,,,"0, 0, 0, 0, 0, 0, 0, 1, 1, 1, 1, 1, 1, 2, 0, 1, 1, 0, 1, 0, 1, 9, 1, 0",4,
1254,cat drink water fountain,ca,,,,,,,,10,,,2020-12-02,,,,,,,,,,,,"0, 1, 0, 0, 0, 0, 0, 0, 0, 0, 0, 0, 0, 0, 0, 0, 0, 0, 0, 0, 0, 0, 0, 0",1,
1255,cat pineapple water fountain,ca,,,,,,,,,,,2021-07-20,,,,,,,,,,,,"0, 0, 0, 0, 0, 0, 0, 0, 0, 0, 0, 0, 0, 0, 0, 0, 0, 0, 0, 0, 0, 0, 0, 0",1,
1256,vekonn cat water fountain,ca,,,,,,,,20,,,2022-07-09,,,,,,,,,,,,"0, 0, 0, 1, 0, 0, 0, 0, 2, 0, 0, 0, 0, 0, 0, 0, 0, 0, 2, 0, 0, 1, 2, 0",2,
1257,cat water bowl vs fountain,ca,,,,,,,,20,,,2020-07-27,,,,,,,,,,,,"1, 2, 0, 1, 0, 0, 0, 0, 0, 0, 3, 0, 3, 0, 6, 4, 4, 3, 2, 3, 0, 1, 2, 2",3,
1258,replacement water pump for cat fountain,ca,,,,,,,,20,,,2019-12-25,,,,,,,,,,,,"0, 0, 0, 0, 0, 1, 4, 2, 1, 2, 3, 3, 1, 0, 3, 7, 4, 1, 1, 2, 0, 2, 0, 0",2,
1259,miaustore cat water fountain miaustore,ca,,,,,,,,,,,2021-12-13,,,,,,,,,,,,"0, 0, 0, 0, 0, 0, 0, 0, 0, 0, 0, 0, 0, 0, 0, 0, 0, 0, 0, 0, 0, 0, 0, 0",1,
1260,cat water fountain prices,ca,,,,,,,,10,,,2025-12-18,,,,,,,,,,,,"0, 0, 0, 0, 0, 0, 0, 0, 0, 0, 0, 0, 0, 0, 0, 1, 2, 5, 0, 0, 0, 0, 0, 0",1,
1261,kitty city cat ear water fountain,ca,,,,,,,,10,,,2025-08-19,,,,,,,,,,,,"0, 0, 0, 0, 0, 0, 0, 0, 0, 0, 0, 2, 1, 1, 4, 0, 0, 0, 0, 0, 0, 0, 0, 0",1,
1262,aonboy cat water fountain,ca,0,,0.30,,aonboy cat water fountain,2026-07-30 04:39:16,"Video preview,Shopping,Thumbnail,People also ask,Image pack",10,0,40,2022-06-08,,,,,,,,,,"Informational,Commercial,Transactional,Branded,Non-local",English,"31, 3, 6, 16, 6, 2, 30, 11, 16, 3, 3, 4, 4, 1, 2, 10, 3, 0, 1, 0, 0, 1, 0, 0",1,Pet food
1263,ceramic cat water fountain filter,ca,,,,,,,,20,,,2025-11-09,,,,,,,,,,,,"0, 0, 0, 0, 0, 0, 0, 0, 0, 0, 0, 0, 0, 0, 3, 3, 2, 1, 2, 1, 3, 4, 1, 0",3,
1264,bubbling cat water fountain,ca,,,,,,,,20,,,2024-08-19,,,,,,,,,,,,"0, 0, 1, 1, 0, 2, 1, 0, 0, 0, 5, 1, 3, 0, 0, 3, 1, 0, 0, 1, 0, 2, 0, 1",2,
1265,ceramic best cat water fountain,ca,,,,,,,,10,,,2020-01-27,,,,,,,,,,,,"0, 2, 0, 3, 1, 0, 0, 0, 1, 0, 1, 1, 1, 0, 0, 0, 0, 1, 0, 0, 0, 1, 1, 0",2,
1266,descale cat water fountain,ca,,,,,,,,,,,2025-03-02,,,,,,,,,,,,"0, 0, 0, 0, 0, 0, 3, 4, 2, 0, 0, 0, 0, 0, 0, 0, 0, 0, 0, 0, 0, 0, 0, 0",1,
1267,cat water fountain has bubbles,ca,,,,,,,,10,,,2024-12-17,,,,,,,,,,,,"0, 0, 0, 1, 0, 0, 0, 0, 0, 1, 1, 1, 1, 0, 0, 2, 0, 2, 1, 0, 0, 0, 0, 0",1,
1268,michu wireless cat water fountain reviews,ca,,,,,,,,,,,2025-06-09,,,,,,,,,,,,"0, 0, 0, 0, 0, 0, 0, 0, 0, 1, 4, 0, 0, 0, 0, 0, 0, 0, 0, 0, 0, 0, 0, 0",1,
1269,cat water fountain stainless steel vs ceramic,ca,,,,,,,,,,,2025-11-23,,,,,,,,,,,,"0, 0, 0, 0, 0, 0, 0, 0, 0, 0, 0, 0, 0, 0, 2, 0, 3, 1, 0, 0, 0, 0, 1, 1",2,
1270,best cat water fountain that stays clean,ca,,,,,,,,,,,2026-08-06,,,,,,,,,,,,"0, 0, 0, 0, 0, 0, 0, 0, 0, 0, 0, 0, 0, 0, 0, 0, 0, 0, 0, 0, 0, 0, 0, 3",2,
1271,homerunpet cat water fountain manual pdf,ca,,,,,,,,,,,2023-04-06,,,,,,,,,,,,"0, 0, 0, 0, 0, 0, 0, 0, 0, 0, 0, 0, 0, 0, 0, 0, 0, 0, 0, 0, 0, 0, 0, 0",1,
1272,veken cat water fountain manual,ca,,,,,,,,10,,,2020-12-10,,,,,,,,,,,,"0, 0, 0, 0, 0, 0, 0, 0, 0, 0, 0, 0, 0, 0, 0, 0, 0, 0, 0, 0, 1, 0, 0, 0",1,
1273,cat water fountain dish,ca,,,,,,,,10,,,2021-04-14,,,,,,,,,,,,"0, 1, 0, 1, 0, 0, 1, 0, 0, 0, 1, 1, 0, 0, 0, 1, 0, 0, 0, 0, 2, 2, 1, 0",2,
1274,cat water fountain egypt,ca,,,,,,,,30,,,2022-06-09,,,,,,,,,,,,"0, 0, 0, 0, 0, 0, 0, 0, 0, 0, 1, 0, 0, 0, 0, 0, 1, 0, 0, 0, 0, 0, 0, 0",1,
1275,cat proof water fountain,ca,,,,,,,,40,,,2021-12-19,,,,,,,,,,,,"3, 2, 1, 1, 4, 0, 2, 3, 1, 2, 2, 1, 0, 3, 3, 3, 3, 4, 0, 4, 1, 4, 0, 1",2,
1276,cat water fountain for multiple cats,ca,,,,,,,,20,,,2021-07-04,,,,,,,,,,,,"0, 0, 0, 0, 0, 1, 0, 0, 0, 0, 0, 0, 0, 1, 0, 0, 1, 0, 0, 1, 0, 3, 2, 0",2,
1277,ceramic cat water fountain uk,ca,,,,,,,,30,,,2020-08-21,,,,,,,,,,,,"0, 0, 0, 1, 1, 0, 0, 0, 0, 1, 0, 0, 1, 0, 0, 1, 0, 0, 0, 0, 0, 0, 0, 0",1,
1278,best reviewed cat water fountain,ca,,,,,,,,10,,,2024-07-26,,,,,,,,,,,,"1, 0, 0, 0, 0, 0, 0, 0, 0, 0, 0, 0, 0, 0, 0, 0, 0, 0, 0, 0, 0, 0, 1, 3",2,
1279,cat water fountain self cleaning,ca,,,,,,,,30,,,2021-08-15,,,,,,,,,,,,"0, 3, 7, 0, 0, 0, 0, 2, 1, 0, 2, 4, 1, 1, 3, 1, 0, 0, 1, 2, 2, 0, 1, 1",2,
1280,slime in cat water fountain,ca,,,,,,,,30,,,2020-02-20,,,,,,,,,,,,"4, 3, 2, 0, 2, 0, 2, 0, 3, 1, 5, 4, 1, 1, 3, 7, 4, 4, 3, 6, 3, 3, 4, 3",4,
1281,pumpless water fountain cat,ca,,,,,,,,20,,,2017-10-20,,,,,,,,,,,,"4, 3, 3, 5, 10, 4, 1, 0, 3, 1, 0, 3, 1, 1, 0, 1, 4, 3, 1, 1, 4, 3, 3, 0",3,
1282,stainless steel cat water fountain amazon,ca,,,,,,,,10,,,2022-05-25,,,,,,,,,,,,"0, 1, 0, 0, 0, 0, 0, 0, 0, 3, 6, 2, 0, 0, 0, 0, 0, 0, 2, 0, 0, 0, 1, 0",1,
1283,cat fountain with dirty water tank,ca,,,,,,,,20,,,2026-05-14,,,,,,,,,,,,"0, 0, 0, 0, 0, 0, 0, 0, 0, 0, 0, 0, 0, 0, 0, 0, 0, 0, 0, 0, 1, 2, 1, 1",3,
1284,cat water fountain pumps,ca,,,,,,,,40,,,2016-09-08,,,,,,,,,,,,"0, 0, 1, 0, 16, 30, 39, 33, 0, 1, 1, 0, 0, 3, 1, 0, 3, 1, 1, 1, 2, 1, 2, 1",3,
1285,cat wont drink from water fountain,ca,,,,,,,,50,,,2026-03-01,,,,,,,,,,,,"0, 0, 0, 0, 0, 0, 0, 0, 0, 0, 0, 0, 0, 0, 0, 0, 0, 0, 4, 7, 14, 5, 12, 9",10,
1286,best cat water fountain ceramic,ca,,,,,,,,10,,,2020-02-09,,,,,,,,,,,,"0, 0, 0, 0, 0, 0, 0, 0, 2, 0, 1, 1, 0, 3, 0, 0, 1, 0, 1, 0, 2, 0, 3, 0",2,
1287,how to introduce cat to water fountain,ca,,,,,,,,10,,,2018-04-29,,,,,,,,,,,,"2, 2, 2, 2, 3, 0, 3, 3, 1, 4, 5, 2, 2, 1, 0, 2, 0, 1, 1, 3, 4, 0, 0, 2",2,
1288,cactus style cat water fountain,ca,,,,,,,,,,,2022-06-06,,,,,,,,,,,,"0, 0, 0, 0, 0, 0, 0, 0, 0, 0, 0, 0, 0, 0, 0, 0, 0, 0, 0, 0, 0, 0, 0, 0",1,
1289,healthiest cat water fountain,ca,,,,,,,,80,,,2024-03-13,,,,,,,,,,,,"2, 2, 0, 0, 1, 0, 0, 0, 0, 2, 5, 1, 2, 1, 4, 4, 2, 2, 1, 3, 3, 2, 5, 1",4,
1290,cat filters for water fountain,ca,,,,,,,,40,,,2022-06-18,,,,,,,,,,,,"3, 0, 1, 1, 0, 1, 0, 3, 0, 0, 3, 1, 0, 1, 2, 3, 4, 3, 3, 4, 1, 2, 8, 3",5,
1291,petsafe cat water fountain filters,ca,,,,,,,,30,,,2022-04-22,,,,,,,,,,,,"0, 1, 1, 1, 0, 1, 0, 1, 6, 0, 0, 0, 1, 0, 1, 0, 1, 0, 1, 1, 1, 1, 0, 1",2,
1292,how to train cat to use water fountain,ca,,,,,,,,10,,,2020-07-09,,,,,,,,,,,,"1, 0, 0, 0, 0, 0, 0, 0, 0, 0, 1, 0, 1, 0, 0, 0, 0, 0, 0, 0, 0, 0, 0, 0",1,
1293,how to make cat water fountain,ca,,,,,,,,,,,2020-01-14,,,,,,,,,,,,"1, 0, 0, 0, 0, 0, 0, 0, 0, 0, 0, 0, 0, 0, 0, 0, 0, 0, 0, 0, 0, 0, 0, 0",1,
1294,petkit cat water fountain,ca,,,,,,,,40,,,2021-02-22,,,,,,,,,,,,"0, 1, 2, 0, 0, 1, 0, 0, 1, 0, 1, 1, 0, 0, 0, 1, 0, 2, 1, 0, 0, 1, 0, 1",2,
1295,biofilm in cat water fountain,ca,,,,,,,,20,,,2024-10-29,,,,,,,,,,,,"0, 1, 0, 0, 0, 0, 2, 0, 2, 2, 2, 2, 1, 0, 1, 5, 0, 1, 1, 0, 0, 0, 0, 0",1,
1296,i'll drink to that cat water fountain,ca,,,,,,,,,,,2020-06-12,,,,,,,,,,,,"0, 0, 0, 0, 0, 0, 0, 0, 0, 0, 0, 0, 0, 0, 0, 0, 0, 0, 0, 0, 0, 0, 0, 0",1,
1297,mat for cat water fountain,ca,,,,,,,,30,,,2023-12-26,,,,,,,,,,,,"0, 5, 1, 1, 2, 0, 0, 2, 0, 2, 1, 0, 2, 0, 3, 5, 5, 2, 2, 0, 3, 2, 0, 1",2,
1298,cat water fountain kmart,ca,,,,,,,,400,,,2020-08-22,,,,,,1.55,3.1,6.48,,,,"0, 0, 0, 1, 0, 0, 1, 0, 0, 0, 0, 0, 0, 0, 0, 0, 0, 0, 0, 0, 0, 0, 0, 0",1,
1299,ophanie cat water fountain,ca,,,,,,,,30,,,2026-01-03,,,,,,,,,,,,"0, 0, 0, 0, 0, 0, 0, 0, 0, 0, 0, 0, 0, 0, 0, 0, 2, 0, 0, 1, 4, 3, 0, 0",2,
1300,pawira cat water fountain canada,ca,,,,,,,,,,,2025-12-04,,,,,,,,,,,,"0, 0, 0, 0, 0, 0, 0, 0, 0, 0, 0, 0, 0, 0, 0, 7, 18, 1, 0, 0, 4, 0, 0, 2",2,
1301,cat water fountain stainless steel vs plastic,ca,,,,,,,,20,,,2023-12-21,,,,,,,,,,,,"2, 5, 3, 1, 3, 1, 2, 3, 1, 4, 5, 4, 8, 4, 4, 2, 2, 2, 3, 5, 3, 4, 5, 1",4,
1302,cat water fountain reviews 2026,ca,,,,,,,,10,,,2026-05-26,,,,,,,,,,,,"0, 0, 0, 0, 0, 0, 0, 0, 0, 0, 0, 0, 0, 0, 0, 0, 0, 0, 0, 0, 3, 0, 3, 0",2,
1303,steel water fountain cat,ca,,,,,,,,,,,2026-06-22,,,,,,,,,,,,"0, 0, 0, 0, 0, 0, 0, 0, 0, 0, 0, 0, 0, 0, 0, 0, 0, 0, 0, 0, 0, 3, 1, 0",2,
1304,cat water fountain connected to sink,ca,,,,,,,,10,,,2026-01-13,,,,,,,,,,,,"0, 0, 0, 0, 0, 0, 0, 0, 0, 0, 0, 0, 0, 0, 0, 0, 3, 13, 1, 0, 0, 0, 1, 0",1,
1305,cat drinking fountain flowing water,ca,,,,,,,,,,,2026-03-20,,,,,,,,,,,,"0, 0, 0, 0, 0, 0, 0, 0, 0, 0, 0, 0, 0, 0, 0, 0, 0, 0, 2, 2, 0, 0, 1, 0",1,
1306,drain fly larvae in cat water fountain,ca,,,,,,,,60,,,2022-08-17,,,,,,,,,,,,"3, 1, 2, 4, 0, 1, 0, 3, 1, 2, 5, 4, 11, 4, 4, 7, 2, 0, 1, 2, 1, 2, 2, 3",,
1307,whats the best cat water fountain,ca,,,,,,,,50,,,2019-11-29,,,,,,,,,,,,"0, 5, 1, 2, 0, 1, 3, 0, 0, 0, 4, 4, 0, 1, 5, 0, 4, 3, 1, 0, 2, 2, 8, 11",6,
1308,comsmart cat water fountain not working,ca,,,,,,,,,,,2022-07-31,,,,,,,,,,,,"0, 0, 0, 0, 0, 0, 0, 0, 0, 0, 0, 0, 0, 0, 0, 0, 0, 0, 0, 0, 0, 0, 0, 0",1,
1309,get cat to use water fountain,ca,,,,,,,,,,,2021-04-07,,,,,,,,,,,,"0, 0, 0, 0, 0, 0, 0, 0, 0, 0, 2, 1, 0, 0, 0, 0, 0, 0, 0, 0, 0, 0, 0, 0",1,
1310,cooling cat water fountain,ca,,,,,,,,10,,,2018-05-15,,,,,,,,,,,,"1, 1, 0, 2, 2, 0, 0, 1, 4, 6, 3, 5, 1, 1, 1, 0, 0, 0, 0, 0, 3, 5, 10, 2",6,
1311,petco waterslide cat water fountain,ca,,,,,,,,,,,2019-12-12,,,,,,,,,,,,"0, 0, 0, 0, 0, 0, 0, 0, 0, 0, 0, 0, 0, 0, 0, 0, 0, 0, 0, 0, 0, 0, 0, 0",1,
1312,fancy cat water fountain,ca,,,,,,,,40,,,2020-02-10,,,,,,,,,,,,"4, 3, 1, 1, 4, 4, 0, 3, 0, 2, 0, 1, 0, 1, 0, 4, 0, 0, 1, 4, 1, 6, 0, 2",4,
1313,soofpet cat water fountain,ca,0,,0.25,,soofpet cat water fountain,2026-09-16 21:36:38,"People also ask,Shopping,Thumbnail,Video preview",10,0,10,2023-02-03,,,,,,,,,,"Commercial,Transactional,Branded,Non-local",English,"22, 28, 25, 16, 20, 33, 12, 6, 15, 22, 7, 10, 3, 0, 0, 1, 0, 0, 0, 0, 0, 0, 0, 0",1,Pet food
1314,diy cat water fountain filter,ca,,,,,,,,20,,,2021-09-13,,,,,,,,,,,,"1, 0, 0, 2, 0, 1, 0, 0, 0, 0, 0, 0, 1, 4, 1, 2, 2, 3, 7, 3, 2, 1, 1, 1",2,
1315,how to clean stainless steel cat water fountain,ca,,,,,,,,30,,,2024-03-28,,,,,,,,,,,,"1, 0, 1, 0, 6, 1, 1, 3, 1, 2, 2, 1, 0, 0, 4, 0, 6, 3, 6, 3, 4, 1, 1, 1",2,
1316,best cat fountain water bowl,ca,,,,,,,,,,,2020-11-03,,,,,,,,,,,,"0, 0, 0, 0, 0, 0, 0, 0, 0, 0, 0, 0, 0, 0, 0, 0, 0, 0, 0, 0, 0, 0, 0, 0",1,
1317,uahpet battery operated cat water fountain,ca,,,,,,,,,,,2023-01-11,,,,,,,,,,,,"0, 0, 0, 0, 0, 0, 0, 0, 0, 0, 0, 0, 0, 0, 0, 0, 0, 0, 0, 0, 0, 0, 0, 0",1,
1318,what is a cat water fountain,ca,,,,,,,,20,,,2021-05-19,,,,,,,,,,,,"2, 0, 0, 0, 0, 0, 0, 0, 0, 0, 2, 1, 1, 1, 2, 1, 1, 1, 2, 1, 2, 3, 4, 1",4,
1319,cat water fountain noisy,ca,,,,,,,,,,,2016-12-16,,,,,,,,,,,,"0, 0, 1, 1, 1, 1, 2, 0, 0, 0, 0, 0, 2, 1, 0, 0, 1, 0, 1, 1, 0, 0, 0, 0",1,
1320,red stuff in cat water fountain,ca,,,,,,,,10,,,2025-06-11,,,,,,,,,,,,"0, 0, 0, 0, 0, 0, 0, 0, 0, 1, 0, 0, 0, 0, 0, 0, 0, 0, 0, 0, 1, 0, 6, 0",3,
1321,cat water fountain assembly,ca,,,,,,,,20,,,2021-10-26,,,,,,,,,,,,"6, 3, 0, 1, 0, 2, 2, 0, 0, 0, 1, 1, 1, 0, 0, 1, 5, 2, 4, 2, 5, 0, 1, 2",2,
1322,cat water fountain biofilm,ca,,,,,,,,10,,,2026-03-26,,,,,,,,,,,,"0, 0, 0, 0, 0, 0, 0, 0, 0, 0, 0, 0, 0, 0, 0, 0, 0, 0, 1, 0, 1, 2, 1, 1",2,
1323,fountain water cat,ca,,,,,,,,250,,,2017-06-26,,,,,,4.33,9.25,21.49,,,,"1, 2, 0, 2, 0, 0, 2, 0, 2, 6, 4, 5, 2, 1, 4, 5, 5, 4, 4, 4, 5, 3, 8, 7",7,
1324,reddit best cat water fountain,ca,,,,,,,,10,,,2021-03-11,,,,,,,,,,,,"0, 0, 0, 0, 0, 0, 0, 0, 0, 2, 0, 0, 0, 0, 0, 0, 0, 0, 0, 0, 0, 0, 0, 0",1,
1325,cordless ceramic cat water fountain,ca,,,,,,,,10,,,2026-03-18,,,,,,,,,,,,"0, 0, 0, 0, 0, 0, 0, 0, 0, 0, 0, 0, 0, 0, 0, 0, 0, 0, 2, 1, 0, 1, 4, 0",3,
1326,how to put together cat water fountain,ca,,,,,,,,10,,,2022-04-23,,,,,,,,,,,,"3, 0, 1, 2, 1, 0, 0, 0, 1, 0, 2, 0, 2, 3, 0, 2, 1, 1, 0, 0, 0, 0, 1, 0",2,
1327,ultra quiet cat water fountain,ca,,,,,,,,10,,,2024-09-04,,,,,,,,,,,,"2, 2, 2, 1, 1, 0, 0, 0, 0, 0, 0, 0, 0, 0, 0, 1, 0, 0, 0, 0, 0, 0, 0, 0",1,
1328,tiny worms in cat water fountain,ca,,,,,,,,50,,,2021-06-03,,,,,,,,,,,,"10, 7, 8, 2, 7, 2, 2, 3, 7, 4, 2, 6, 1, 4, 2, 2, 2, 5, 3, 1, 0, 3, 0, 1",2,
1329,how to add water to cat water fountain,ca,,,,,,,,,,,2024-07-20,,,,,,,,,,,,"1, 0, 0, 0, 0, 0, 0, 0, 0, 0, 0, 0, 0, 0, 0, 0, 0, 0, 0, 0, 0, 0, 0, 0",1,
1330,no plastic cat water fountain,ca,,,,,,,,10,,,2025-10-23,,,,,,,,,,,,"0, 0, 0, 0, 0, 0, 0, 0, 0, 0, 0, 0, 0, 2, 2, 9, 4, 0, 0, 0, 1, 0, 0, 0",1,
1331,cat battery operated water fountain,ca,,,,,,,,,,,2022-12-26,,,,,,,,,,,,"0, 0, 0, 0, 0, 0, 0, 0, 0, 2, 0, 0, 0, 0, 0, 0, 0, 0, 0, 0, 0, 0, 0, 0",1,
1332,best cat fountain for hard water,ca,,,,,,,,20,,,2021-02-21,,,,,,,,,,,,"2, 0, 0, 2, 3, 0, 0, 0, 0, 4, 1, 0, 1, 3, 2, 0, 2, 8, 2, 1, 0, 1, 2, 1",2,
1333,cat water fountain and automatic feeder,ca,,,,,,,,10,,,2025-04-04,,,,,,,,,,,,"0, 0, 0, 0, 0, 0, 0, 2, 2, 1, 0, 0, 0, 0, 0, 0, 0, 0, 0, 0, 0, 0, 0, 0",1,
1334,tomxcute cat water fountain manual pdf,ca,,,,,,,,,,,2023-05-06,,,,,,,,,,,,"0, 0, 0, 0, 0, 0, 1, 0, 0, 0, 0, 0, 0, 0, 0, 0, 1, 0, 0, 0, 0, 0, 0, 0",1,
1335,how to stop cat from spilling water fountain,ca,,,,,,,,,,,2022-02-23,,,,,,,,,,,,"2, 1, 3, 2, 1, 1, 2, 0, 4, 2, 1, 1, 2, 1, 0, 2, 1, 1, 0, 0, 0, 0, 0, 0",1,
1336,best cat water fountain reviews 2026,ca,,,,,,,,20,,,2026-06-21,,,,,,,,,,,,"0, 0, 0, 0, 0, 0, 0, 0, 0, 0, 0, 0, 0, 0, 0, 0, 0, 0, 0, 0, 0, 2, 3, 1",3,
1337,cat face water fountain,ca,,,,,,,,,,,2024-08-11,,,,,,,,,,,,"1, 2, 2, 0, 0, 0, 0, 0, 0, 0, 0, 0, 0, 0, 0, 0, 0, 0, 0, 0, 0, 0, 0, 0",1,
1338,wireless ceramic cat water fountain,ca,,,,,,,,20,,,2025-01-24,,,,,,,,,,,,"0, 0, 0, 0, 1, 0, 0, 0, 0, 0, 1, 0, 0, 4, 2, 0, 1, 1, 1, 2, 1, 0, 2, 2",2,
1339,when to change cat water fountain filter,ca,,,,,,,,10,,,2026-03-19,,,,,,,,,,,,"0, 0, 0, 0, 0, 0, 0, 0, 0, 0, 0, 0, 0, 0, 0, 0, 0, 0, 1, 0, 0, 5, 3, 3",5,
1340,cat water fountain plastic,ca,,,,,,,,40,,,2024-03-09,,,,,,,,,,,,"0, 0, 0, 3, 2, 4, 0, 0, 1, 0, 2, 1, 0, 2, 2, 7, 2, 0, 5, 1, 2, 3, 2, 1",3,
1341,fofnon cat water fountain filters,ca,,,,,,,,,,,2025-04-30,,,,,,,,,,,,"0, 0, 0, 0, 0, 0, 0, 1, 7, 14, 1, 1, 4, 4, 0, 0, 0, 6, 5, 0, 0, 0, 0, 0",1,
1342,zekiry cat water fountain,ca,,,,,,,,,,,2024-12-10,,,,,,,,,,,,"0, 0, 0, 3, 4, 3, 5, 0, 0, 0, 0, 0, 0, 0, 0, 0, 0, 0, 0, 0, 0, 0, 0, 0",1,
1343,daisy cat water fountain filters,ca,,,,,,,,,,,2020-04-27,,,,,,,,,,,,"0, 1, 0, 0, 0, 0, 0, 0, 0, 0, 0, 0, 0, 0, 0, 0, 0, 0, 0, 0, 0, 0, 0, 0",1,
1344,cat won't drink from water fountain,ca,,,,,,,,30,,,2015-12-01,,,,,,,,,,,,"13, 5, 3, 5, 0, 0, 2, 0, 1, 0, 2, 2, 2, 1, 1, 5, 18, 7, 0, 0, 3, 0, 3, 0",2,
1345,best cat water fountain on amazon,ca,,,,,,,,20,,,2022-09-15,,,,,,,,,,,,"1, 0, 0, 2, 0, 0, 0, 0, 0, 1, 1, 0, 1, 0, 0, 1, 1, 3, 8, 3, 2, 1, 2, 2",2,
1346,honeyguaridan smart cat water fountain,ca,,,,,,,,,,,2021-08-17,,,,,,,,,,,,"0, 0, 0, 0, 0, 0, 0, 0, 0, 0, 0, 0, 0, 0, 0, 0, 0, 0, 0, 0, 0, 0, 0, 0",1,
1347,how to get my cat to drink from water fountain,ca,,,,,,,,30,,,2018-01-03,,,,,,,,,,,,"10, 11, 1, 6, 0, 0, 1, 3, 0, 1, 4, 3, 3, 1, 1, 3, 5, 2, 2, 2, 4, 6, 2, 2",4,
1348,pektaco cat water fountain,ca,,,,,,,,700,,,2023-08-18,,,,,,10.37,24.45,77.37,,,,"0, 0, 0, 0, 0, 0, 1, 3, 4, 0, 2, 0, 0, 1, 1, 0, 0, 0, 0, 0, 0, 1, 0, 0",2,
1349,cat water fountain no electricity,ca,,,,,,,,10,,,2021-03-19,,,,,,,,,,,,"2, 1, 12, 2, 2, 2, 1, 2, 1, 1, 0, 2, 0, 0, 0, 1, 1, 0, 1, 0, 1, 0, 0, 0",1,
1350,cat water fountain recommended by vets,ca,,,,,,,,,,,2026-01-19,,,,,,,,,,,,"0, 0, 0, 0, 0, 0, 0, 0, 0, 0, 0, 0, 0, 0, 0, 0, 4, 1, 0, 0, 0, 0, 1, 1",2,
1351,cat mate water fountain filter,ca,,,,,,,,10,,,2020-07-22,,,,,,,,,,,,"1, 0, 0, 0, 0, 0, 0, 0, 0, 0, 1, 1, 0, 0, 0, 0, 0, 0, 0, 0, 0, 0, 0, 0",1,
1352,pixi cat water fountain pump replacement,ca,,,,,,,,,,,2025-07-10,,,,,,,,,,,,"0, 0, 0, 0, 0, 0, 0, 0, 0, 0, 1, 0, 0, 0, 2, 1, 1, 1, 0, 1, 0, 0, 0, 0",1,
1353,non electric cat water fountain uk,ca,,,,,,,,10,,,2022-06-13,,,,,,,,,,,,"0, 0, 0, 0, 0, 0, 0, 0, 0, 0, 1, 0, 0, 0, 0, 0, 0, 0, 0, 0, 0, 0, 0, 0",1,
1354,cat drinking water fountain hydration,ca,,,,,,,,20,,,2026-03-26,,,,,,,,,,,,"0, 0, 0, 0, 0, 0, 0, 0, 0, 0, 0, 0, 0, 0, 0, 0, 0, 0, 1, 5, 3, 0, 1, 0",2,
1355,cat water fountain with light,ca,,,,,,,,,,,2021-10-10,,,,,,,,,,,,"0, 0, 0, 0, 0, 0, 0, 0, 0, 0, 0, 0, 0, 0, 0, 0, 0, 0, 0, 0, 0, 0, 0, 0",1,
1356,cupcake cat water fountain,ca,,,,,,,,,,,2022-10-27,,,,,,,,,,,,"0, 1, 0, 0, 0, 0, 0, 0, 0, 0, 0, 0, 0, 0, 0, 0, 0, 0, 0, 0, 0, 0, 0, 0",1,
1357,aonboy cat water fountain not working,ca,,,,,,,,,,,2023-12-09,,,,,,,,,,,,"5, 3, 2, 0, 0, 0, 1, 2, 5, 0, 0, 1, 0, 0, 1, 2, 0, 0, 0, 0, 0, 0, 0, 0",1,
1358,how often should you clean cat water fountain,ca,,,,,,,,40,,,2020-04-30,,,,,,,,,,,,"4, 1, 2, 4, 5, 10, 2, 3, 3, 4, 3, 7, 4, 5, 3, 4, 8, 1, 3, 3, 1, 8, 7, 6",6,
1359,cat water fountain clean and dirty tank,ca,,,,,,,,10,,,2026-06-03,,,,,,,,,,,,"0, 0, 0, 0, 0, 0, 0, 0, 0, 0, 0, 0, 0, 0, 0, 0, 0, 0, 0, 0, 0, 2, 4, 1",4,
1360,refrigerated cat water fountain,ca,,,,,,,,40,,,2020-06-23,,,,,,,,,,,,"1, 1, 1, 4, 1, 0, 3, 2, 1, 2, 3, 8, 5, 1, 2, 3, 2, 3, 6, 0, 8, 7, 2, 2",4,
1361,target cat water fountain,ca,,,,,,,,30,,,2022-11-08,,,,,,,,,,,,"0, 0, 1, 0, 0, 0, 0, 1, 0, 0, 0, 0, 0, 0, 0, 0, 0, 0, 0, 0, 0, 0, 0, 0",1,
1362,best cat water fountain 2023,ca,,,,,,,,,,,2023-02-01,,,,,,,,,,,,"0, 0, 0, 0, 0, 0, 0, 0, 0, 0, 0, 0, 0, 0, 0, 0, 0, 0, 0, 0, 0, 0, 0, 0",1,
1363,small bugs in cat water fountain,ca,,,,,,,,10,,,2022-08-11,,,,,,,,,,,,"1, 0, 0, 0, 0, 0, 0, 0, 0, 1, 3, 1, 0, 2, 0, 0, 0, 0, 0, 0, 0, 1, 2, 0",2,
1364,soofpet cat water fountain instructions,ca,,,,,,,,,,,2023-06-20,,,,,,,,,,,,"1, 0, 0, 0, 2, 1, 0, 0, 0, 0, 0, 0, 0, 0, 0, 0, 0, 0, 0, 0, 0, 0, 0, 0",1,
1365,ceramic pumpless cat water fountain,ca,,,,,,,,,,,2025-10-20,,,,,,,,,,,,"0, 0, 0, 0, 0, 0, 0, 0, 0, 0, 0, 0, 0, 1, 4, 0, 0, 0, 0, 0, 0, 0, 0, 0",1,
1366,bluetooth cat water fountain,ca,,,,,,,,,,,2023-09-22,,,,,,,,,,,,"0, 0, 0, 0, 0, 0, 0, 0, 0, 0, 0, 0, 0, 0, 0, 0, 0, 0, 0, 0, 0, 0, 0, 0",1,
1367,stainless steel cat water fountain filters,ca,,,,,,,,50,,,2024-08-05,,,,,,,,,,,,"4, 0, 4, 0, 0, 2, 0, 0, 0, 0, 0, 1, 2, 0, 2, 2, 1, 1, 3, 3, 2, 2, 2, 1",3,
1368,goostoo cat water fountain,ca,,,,,,,,,,,2023-11-08,,,,,,,,,,,,"5, 1, 0, 0, 0, 0, 0, 0, 0, 0, 0, 0, 0, 0, 0, 0, 0, 0, 0, 0, 0, 0, 0, 0",1,
1369,soofpet cat water fountain stainless steel,ca,,,,,,,,,,,2023-03-11,,,,,,,,,,,,"0, 0, 0, 0, 0, 0, 0, 0, 0, 0, 0, 0, 0, 0, 0, 0, 0, 0, 0, 0, 0, 0, 0, 0",1,
1370,catit flower cat water fountain,ca,,,,,,,,20,,,2016-05-30,,,,,,,,,,,,"0, 0, 3, 3, 1, 0, 0, 0, 0, 0, 1, 2, 0, 0, 1, 1, 2, 1, 1, 4, 4, 4, 2, 2",3,
1371,fluffy union cat water fountain filter,ca,,,,,,,,,,,2025-03-23,,,,,,,,,,,,"0, 0, 0, 0, 0, 0, 1, 25, 23, 3, 16, 5, 11, 6, 9, 8, 10, 4, 0, 0, 0, 0, 0, 0",1,
1372,home made cat water fountain,ca,,,,,,,,,,,2025-06-26,,,,,,,,,,,,"0, 0, 0, 0, 0, 0, 0, 0, 0, 2, 1, 1, 0, 0, 0, 0, 0, 0, 0, 0, 0, 0, 0, 0",1,
1373,comsmart cat water fountain instructions,ca,,,,,,,,,,,2022-03-18,,,,,,,,,,,,"0, 0, 0, 0, 0, 0, 0, 0, 0, 0, 0, 0, 0, 0, 0, 0, 0, 0, 0, 0, 0, 0, 0, 0",1,
1374,heavy cat water fountain,ca,,,,,,,,80,,,2020-09-24,,,,,,,,,,,,"0, 1, 1, 4, 3, 3, 1, 8, 4, 3, 1, 1, 1, 2, 0, 1, 0, 0, 1, 0, 1, 2, 1, 1",2,
1375,black cat water fountain,ca,,,,,,,,20,,,2021-01-15,,,,,,,,,,,,"0, 1, 0, 1, 2, 1, 0, 0, 1, 2, 0, 1, 0, 0, 1, 1, 0, 2, 1, 2, 1, 0, 0, 0",1,
1376,kickstarter cat water fountain,ca,,,,,,,,,,,2021-01-18,,,,,,,,,,,,"0, 0, 0, 0, 0, 0, 0, 0, 0, 0, 0, 1, 0, 0, 0, 0, 0, 0, 0, 0, 0, 0, 0, 0",1,
1377,best low maintenance cat water fountain,ca,,,,,,,,10,,,2025-06-15,,,,,,,,,,,,"0, 0, 0, 0, 0, 0, 0, 0, 0, 2, 1, 0, 0, 0, 0, 0, 0, 0, 3, 1, 1, 0, 1, 1",2,
1378,aoogitf cat water fountain,ca,,,,,,,,,,,2024-11-24,,,,,,,,,,,,"0, 0, 1, 0, 0, 0, 0, 1, 0, 0, 0, 0, 0, 0, 0, 1, 0, 0, 0, 0, 0, 0, 1, 0",2,
1379,cat water fountain two tanks,ca,,,,,,,,,,,2026-07-25,,,,,,,,,,"Informational,Commercial,Transactional,Non-branded,Non-local",English,"0, 0, 0, 0, 0, 0, 0, 0, 0, 0, 0, 0, 0, 0, 0, 0, 0, 0, 0, 0, 0, 0, 4, 0",2,Pet food
1380,is a cat water fountain worth it,ca,,,,,,,,40,,,2020-06-04,,,,,,,,,,,,"3, 2, 0, 0, 0, 0, 2, 3, 0, 5, 3, 3, 6, 3, 2, 3, 4, 3, 4, 2, 3, 5, 4, 5",5,
1381,cat water fountain making buzzing noise,ca,,,,,,,,10,,,2023-11-15,,,,,,,,,,,,"1, 3, 5, 2, 11, 6, 2, 2, 1, 0, 0, 3, 1, 2, 1, 2, 2, 0, 1, 1, 0, 0, 0, 0",1,
1382,how to keep cat from knocking over water fountain,ca,,,,,,,,,,,2022-04-13,,,,,,,,,,,,"0, 0, 0, 0, 0, 0, 0, 0, 0, 0, 0, 0, 0, 0, 0, 0, 0, 0, 0, 0, 0, 0, 0, 0",1,
1383,misfans cat water fountain,ca,,,,,,,,10,,,2023-11-01,,,,,,,,,,,,"0, 0, 0, 0, 0, 0, 0, 0, 0, 0, 1, 0, 1, 0, 0, 2, 0, 2, 1, 0, 0, 0, 2, 0",2,
1384,aliexpress cat water fountain,ca,,,,,,,,10,,,2023-11-01,,,,,,,,,,,,"0, 0, 0, 0, 0, 0, 1, 0, 0, 1, 0, 0, 0, 0, 0, 0, 0, 0, 0, 0, 0, 0, 0, 0",1,
1385,nicrew cat water fountain instructions,ca,,,,,,,,,,,2023-03-28,,,,,,,,,,,,"0, 0, 0, 0, 0, 0, 0, 0, 0, 0, 0, 0, 0, 0, 0, 0, 0, 0, 0, 0, 0, 0, 0, 0",1,
1386,halloween cat water fountain,ca,,,,,,,,10,,,2024-07-26,,,,,,,,,,,,"7, 11, 1, 2, 0, 0, 0, 0, 0, 0, 0, 13, 0, 0, 0, 0, 0, 0, 0, 0, 0, 0, 0, 0",1,
1387,aonboy cat water fountain assembly video,ca,,,,,,,,,,,2023-01-14,,,,,,,,,,,,"0, 0, 0, 0, 0, 0, 0, 0, 0, 0, 0, 0, 0, 0, 0, 0, 0, 0, 0, 0, 0, 0, 0, 0",1,
1388,baseus cat water fountain,ca,,,,,,,,,,,2023-06-25,,,,,,,,,,,,"0, 0, 0, 0, 0, 0, 0, 0, 0, 0, 0, 0, 0, 0, 0, 0, 0, 0, 0, 0, 0, 0, 0, 0",1,
1389,how to stop cat from knocking over water fountain,ca,,,,,,,,30,,,2023-02-17,,,,,,,,,,,,"1, 5, 0, 5, 2, 7, 5, 0, 1, 3, 2, 1, 1, 0, 0, 2, 1, 3, 0, 1, 2, 0, 0, 3",2,
1390,cat water fountain stainless steel pet fountain,ca,,,,,,,,20,,,2026-03-09,,,,,,,,,,,,"0, 0, 0, 0, 0, 0, 0, 0, 0, 0, 0, 0, 0, 0, 0, 0, 0, 0, 5, 3, 3, 0, 0, 0",1,
1391,highest rated cat water fountain,ca,,,,,,,,80,,,2020-05-06,,,,,,,,,,,,"0, 1, 0, 1, 0, 0, 0, 0, 0, 0, 3, 0, 0, 0, 0, 0, 1, 0, 0, 0, 7, 2, 6, 0",4,
1392,replacement motor for cat water fountain,ca,,,,,,,,20,,,2021-08-10,,,,,,,,,,,,"3, 1, 3, 1, 5, 0, 1, 0, 1, 3, 1, 3, 1, 3, 2, 1, 3, 1, 2, 1, 3, 0, 0, 3",2,
1393,atm ziqxr cat water fountain,ca,,,,,,,,,,,2025-12-29,,,,,,,,,,,,"0, 0, 0, 0, 0, 0, 0, 0, 0, 0, 0, 0, 0, 0, 0, 1, 1, 1, 0, 1, 0, 0, 0, 2",2,
1394,best easy to clean cat water fountain,ca,,,,,,,,30,,,2021-01-06,,,,,,,,,,,,"3, 0, 0, 1, 2, 0, 0, 0, 1, 3, 1, 5, 1, 2, 0, 0, 2, 3, 0, 0, 0, 0, 3, 0",2,
1395,how long does a cat water fountain last,ca,,,,,,,,10,,,2026-04-12,,,,,,,,,,,,"0, 0, 0, 0, 0, 0, 0, 0, 0, 0, 0, 0, 0, 0, 0, 0, 0, 0, 0, 1, 0, 0, 0, 3",2,
1396,all stainless cat water fountain,ca,,,,,,,,,,,2026-05-21,,,,,,,,,,,,"0, 0, 0, 0, 0, 0, 0, 0, 0, 0, 0, 0, 0, 0, 0, 0, 0, 0, 0, 0, 1, 0, 4, 1",2,
1397,tray for cat water fountain,ca,,,,,,,,10,,,2025-10-10,,,,,,,,,,,,"0, 0, 0, 0, 0, 0, 0, 0, 0, 0, 0, 0, 0, 1, 0, 1, 1, 1, 0, 0, 0, 0, 1, 0",2,
1398,replacement filters for cat water fountain,ca,,,,,,,,50,,,2021-12-05,,,,,,,,,,,,"4, 0, 5, 0, 1, 1, 1, 0, 0, 0, 2, 1, 0, 2, 1, 5, 3, 0, 2, 4, 0, 1, 1, 2",2,
1399,cat water fountain electricity cost,ca,,,,,,,,,,,2022-05-11,,,,,,,,,,,,"0, 0, 0, 2, 0, 0, 0, 0, 0, 0, 1, 3, 0, 0, 0, 0, 0, 0, 0, 0, 0, 0, 0, 0",1,
1400,auto cat water fountain,ca,,,,,,,,100,,,2020-01-16,,,,,,,,,,,,"2, 1, 1, 1, 0, 0, 2, 0, 0, 1, 3, 2, 0, 2, 2, 4, 4, 2, 4, 5, 5, 5, 3, 0",4,
1401,best cat water fountain no mold,ca,,,,,,,,60,,,2021-05-21,,,,,,,,,,,,"0, 0, 0, 0, 1, 0, 0, 4, 1, 0, 4, 1, 0, 3, 1, 3, 4, 1, 1, 1, 1, 8, 5, 4",7,
1402,cat water fountain how to properly clean,ca,,,,,,,,,,,2026-08-28,,,,,,,,,,"Informational,Non-branded,Non-local",English,"0, 0, 0, 0, 0, 0, 0, 0, 0, 0, 0, 0, 0, 0, 0, 0, 0, 0, 0, 0, 0, 0, 0, 4",3,Cats; Expert content
1403,bpa free cat water fountain,ca,,,,,,,,,,,2022-02-27,,,,,,,,,,,,"2, 0, 0, 0, 0, 0, 0, 0, 0, 0, 0, 0, 0, 0, 0, 0, 0, 0, 0, 0, 0, 0, 0, 0",1,
1404,cat fountain water pump,ca,,,,,,,,40,,,2020-11-23,,,,,,,,,,,,"0, 6, 6, 3, 7, 5, 5, 2, 1, 0, 3, 3, 2, 4, 5, 1, 1, 1, 0, 4, 1, 5, 1, 1",3,
1405,safe cat water fountain,ca,,,,,,,,30,,,2023-05-03,,,,,,,,,,,,"0, 0, 0, 2, 0, 0, 2, 0, 2, 0, 0, 0, 0, 0, 1, 0, 3, 0, 2, 3, 3, 2, 1, 1",2,
1406,wonder creature cat water fountain,ca,,,,,,,,10,,,2021-10-11,,,,,,,,,,,,"1, 0, 0, 0, 0, 0, 1, 0, 0, 0, 0, 0, 0, 1, 0, 0, 0, 0, 0, 1, 3, 8, 3, 2",5,
1407,pawoof cat water fountain filter,ca,,,,,,,,10,,,2022-07-11,,,,,,,,,,,,"0, 0, 0, 0, 0, 0, 0, 0, 0, 0, 1, 0, 0, 0, 0, 0, 0, 0, 0, 0, 0, 0, 0, 0",1,
1408,avocado cat water fountain,ca,,,,,,,,,,,2022-08-20,,,,,,,,,,,,"0, 0, 0, 0, 0, 0, 0, 0, 0, 0, 0, 0, 0, 0, 0, 0, 0, 0, 0, 0, 0, 0, 0, 0",1,
1409,dual tank cat water fountain,ca,,,,,,,,40,,,2026-02-25,,,,,,,,,,,,"0, 0, 0, 0, 0, 0, 0, 0, 0, 0, 0, 0, 0, 0, 0, 0, 0, 1, 0, 3, 0, 1, 4, 8",5,
1410,cat water fountain close up,ca,,,,,,,,10,,,2026-02-22,,,,,,,,,,,,"0, 0, 0, 0, 0, 0, 0, 0, 0, 0, 0, 0, 0, 0, 0, 0, 0, 3, 3, 1, 0, 0, 0, 0",1,
1411,water fountain cat drinkwell,ca,,,,,,,,,,,2021-03-18,,,,,,,,,,,,"0, 0, 0, 0, 0, 0, 0, 0, 0, 0, 0, 0, 0, 0, 0, 0, 0, 0, 0, 0, 0, 0, 0, 0",1,
1412,cat water fountain drinking close up,ca,,,,,,,,30,,,2026-03-15,,,,,,,,,,,,"0, 0, 0, 0, 0, 0, 0, 0, 0, 0, 0, 0, 0, 0, 0, 0, 0, 0, 5, 5, 3, 0, 0, 0",1,
1413,cat water fountain sponge filter,ca,,,,,,,,,,,2024-09-23,,,,,,,,,,,,"1, 1, 0, 0, 0, 0, 0, 0, 0, 0, 2, 0, 0, 0, 0, 0, 0, 1, 0, 0, 1, 0, 0, 0",1,
1414,cat water fountain motor,ca,,,,,,,,50,,,2016-03-06,,,,,,,,,,,,"0, 1, 2, 9, 1, 8, 1, 4, 3, 1, 3, 3, 2, 5, 4, 6, 1, 2, 2, 2, 3, 0, 4, 0",2,
1415,cat water fountain stainless steel ceramic,ca,,,,,,,,,,,2026-04-08,,,,,,,,,,,,"0, 0, 0, 0, 0, 0, 0, 0, 0, 0, 0, 0, 0, 0, 0, 0, 0, 0, 0, 3, 2, 0, 0, 0",1,
1416,how to get cat to use water fountain reddit,ca,,,,,,,,,,,2023-01-28,,,,,,,,,,,,"0, 0, 0, 0, 0, 1, 0, 0, 0, 0, 0, 0, 0, 0, 1, 0, 0, 0, 0, 1, 0, 0, 0, 0",1,
1417,flowing cat water fountain,ca,,,,,,,,20,,,2020-05-04,,,,,,,,,,,,"4, 0, 1, 0, 0, 0, 1, 0, 1, 2, 1, 2, 1, 0, 1, 0, 0, 1, 1, 0, 0, 1, 0, 0",2,
1418,pet supplies plus cat water fountain,ca,,,,,,,,10,,,2024-02-23,,,,,,,,,,,,"0, 0, 0, 1, 0, 0, 0, 0, 0, 0, 0, 0, 0, 0, 2, 1, 0, 0, 0, 0, 0, 0, 0, 0",1,
1419,cat water fountain assembly instructions,ca,,,,,,,,,,,2025-08-29,,,,,,,,,,,,"0, 0, 0, 0, 0, 0, 0, 0, 0, 0, 0, 1, 4, 0, 0, 0, 0, 4, 0, 0, 0, 0, 0, 0",1,
1420,happy & polly 33.8oz/1l rabbit cat water fountain,ca,,,,,,,,,,,2024-10-10,,,,,,,,,,,,"0, 3, 2, 0, 0, 0, 0, 0, 0, 0, 0, 0, 0, 0, 0, 0, 0, 0, 0, 0, 0, 0, 0, 0",1,
1421,how to get my cat to use the water fountain,ca,,,,,,,,,,,2024-02-17,,,,,,,,,,,,"0, 0, 0, 0, 0, 0, 0, 0, 2, 0, 2, 2, 0, 2, 0, 0, 3, 3, 1, 0, 0, 0, 0, 0",1,
1422,how to clean mold from cat water fountain,ca,,,,,,,,,,,2025-08-21,,,,,,,,,,,,"0, 0, 0, 0, 0, 0, 0, 0, 0, 0, 0, 1, 1, 0, 0, 0, 0, 0, 0, 0, 0, 0, 0, 3",2,
1423,natural cat water fountain,ca,,,,,,,,,,,2026-04-12,,,,,,,,,,,,"0, 0, 0, 0, 0, 0, 0, 0, 0, 0, 0, 0, 0, 0, 0, 0, 0, 0, 0, 2, 4, 1, 0, 0",1,
1424,why does my cat water fountain get slimy,ca,,,,,,,,20,,,2023-10-04,,,,,,,,,,,,"1, 0, 2, 0, 0, 0, 0, 0, 0, 1, 1, 1, 3, 1, 0, 3, 0, 1, 1, 0, 0, 0, 3, 0",3,
1425,cat mate water fountain cleaning instructions,ca,,,,,,,,,,,2021-03-17,,,,,,,,,,,,"0, 0, 0, 0, 0, 0, 0, 0, 0, 0, 0, 0, 0, 0, 0, 0, 0, 0, 0, 0, 0, 0, 0, 0",1,
1426,big cat water fountain,ca,,,,,,,,20,,,2022-01-12,,,,,,,,,,,,"1, 2, 3, 8, 1, 3, 4, 1, 2, 0, 4, 1, 0, 1, 3, 5, 0, 2, 0, 0, 0, 0, 0, 0",1,
1427,catit senses 2.0 cat water fountain filters,ca,,,,,,,,,,,2021-04-29,,,,,,,,,,,,"0, 0, 0, 0, 0, 0, 0, 0, 0, 0, 0, 0, 0, 0, 0, 0, 0, 0, 0, 0, 0, 0, 0, 0",1,
1428,porcelain ceramic cat water fountain,ca,,,,,,,,,,,2020-11-06,,,,,,,,,,,,"1, 1, 1, 0, 1, 0, 0, 0, 0, 0, 0, 0, 0, 0, 0, 0, 0, 0, 0, 0, 0, 2, 0, 0",2,
1429,self-cleaning cat water fountain,ca,,,,,,,,,,,2022-12-19,,,,,,,,,,,,"0, 0, 0, 0, 1, 0, 0, 0, 0, 1, 0, 0, 0, 0, 0, 0, 0, 0, 0, 0, 0, 0, 0, 0",1,
1430,cat water fountain battery,ca,,,,,,,,40,,,2020-01-29,,,,,,,,,,,,"1, 1, 1, 0, 1, 1, 0, 0, 1, 3, 0, 1, 0, 0, 0, 1, 0, 0, 0, 1, 0, 0, 1, 0",2,
1431,cat water fountain with no filter,ca,,,,,,,,10,,,2024-12-14,,,,,,,,,,,,"0, 0, 0, 1, 0, 2, 0, 0, 0, 0, 0, 1, 0, 3, 0, 0, 0, 1, 1, 0, 0, 0, 0, 0",1,
1432,pet water fountain flowing water cat drinking,ca,,,,,,,,,,,2026-03-29,,,,,,,,,,,,"0, 0, 0, 0, 0, 0, 0, 0, 0, 0, 0, 0, 0, 0, 0, 0, 0, 0, 1, 3, 0, 0, 0, 0",1,
1433,gex cat water fountain,ca,,,,,,,,20,,,2026-01-20,,,,,,,,,,,,"0, 0, 0, 0, 0, 0, 0, 0, 0, 0, 0, 0, 0, 0, 0, 0, 1, 1, 0, 0, 0, 1, 1, 0",2,
1434,how to reduce the noise of a cat water fountain,ca,,,,,,,,,,,2019-10-12,,,,,,,,,,,,"0, 0, 0, 0, 0, 0, 0, 0, 0, 0, 0, 0, 0, 0, 0, 0, 0, 0, 0, 0, 0, 0, 0, 0",1,
1435,cat takes apart water fountain,ca,,,,,,,,,,,2021-05-28,,,,,,,,,,,,"0, 0, 0, 0, 0, 0, 0, 0, 0, 0, 0, 0, 0, 0, 0, 0, 0, 0, 0, 0, 0, 0, 0, 0",1,
1436,feel needy cat water fountain manual,ca,,,,,,,,10,,,2023-11-03,,,,,,,,,,,,"1, 0, 0, 0, 0, 1, 0, 0, 0, 0, 0, 0, 0, 1, 0, 0, 3, 0, 0, 1, 1, 0, 1, 0",2,
1437,dirty cat water fountain,ca,,,,,,,,,,,2026-03-12,,,,,,,,,,,,"0, 0, 0, 0, 0, 0, 0, 0, 0, 0, 0, 0, 0, 0, 0, 0, 0, 0, 2, 1, 1, 0, 0, 0",1,
1438,petsmart water fountain cat,ca,,,,,,,,,,,2020-03-11,,,,,,,,,,,,"0, 0, 0, 0, 0, 0, 0, 0, 0, 0, 0, 1, 0, 0, 0, 0, 0, 0, 0, 0, 0, 0, 0, 0",1,
1439,petoday automatic cat water fountain,ca,,,,,,,,,,,2023-06-18,,,,,,,,,,,,"0, 0, 0, 0, 0, 0, 0, 0, 0, 0, 0, 0, 0, 0, 0, 0, 0, 0, 0, 0, 0, 0, 0, 0",1,
1440,ceramic cat water bowl fountain,ca,,,,,,,,,,,2023-08-10,,,,,,,,,,,,"0, 0, 0, 0, 0, 0, 0, 0, 0, 0, 0, 1, 0, 0, 1, 0, 0, 0, 0, 0, 0, 0, 0, 0",1,
1441,how to get cat to use new water fountain,ca,,,,,,,,10,,,2024-08-17,,,,,,,,,,,,"0, 0, 0, 0, 0, 0, 0, 0, 0, 0, 0, 0, 0, 0, 0, 0, 0, 1, 2, 2, 1, 0, 1, 1",2,
1442,how to choose a cat water fountain,ca,,,,,,,,10,,,2025-03-27,,,,,,,,,,,,"0, 0, 0, 0, 0, 0, 2, 0, 1, 1, 0, 1, 0, 0, 2, 2, 1, 0, 1, 0, 2, 0, 2, 3",3,
1443,carbon filter cat water fountain,ca,,,,,,,,,,,2025-03-01,,,,,,,,,,,,"0, 0, 0, 0, 0, 0, 3, 0, 0, 0, 0, 0, 0, 0, 0, 0, 0, 0, 1, 1, 0, 0, 0, 0",1,
1444,etsy cat water fountain,ca,,,,,,,,,,,2020-05-21,,,,,,,,,,,,"0, 0, 0, 0, 0, 0, 0, 0, 0, 0, 0, 1, 1, 0, 0, 0, 0, 0, 0, 0, 0, 0, 0, 0",1,
1445,petlibro cat water fountain reviews,ca,,,,,,,,30,,,2023-10-10,,,,,,,,,,,,"2, 0, 0, 0, 0, 0, 0, 0, 1, 0, 2, 1, 0, 3, 0, 0, 2, 1, 1, 1, 1, 3, 4, 0",3,
1446,best cat water fountain 2019,ca,,,,,,,,10,,,2019-07-07,,,,,,,,,,,,"0, 0, 0, 0, 0, 0, 0, 0, 0, 0, 0, 0, 0, 0, 0, 0, 0, 0, 0, 0, 0, 0, 0, 0",1,
1447,best budget cat water fountain,ca,,,,,,,,10,,,2024-08-25,,,,,,,,,,,,"0, 0, 0, 0, 1, 0, 0, 0, 0, 8, 2, 0, 0, 1, 0, 1, 0, 0, 0, 1, 0, 0, 1, 0",1,
1448,miau cat water fountain,ca,,,,,,,,,,,2023-01-06,,,,,,,,,,,,"0, 0, 0, 0, 0, 0, 0, 0, 0, 0, 0, 0, 0, 0, 0, 0, 0, 0, 0, 0, 0, 0, 0, 0",1,
1449,ciays cat water fountain,ca,,,,,,,,,,,2023-01-02,,,,,,,,,,,,"0, 0, 0, 0, 0, 0, 0, 0, 0, 0, 0, 0, 0, 0, 0, 0, 0, 0, 0, 0, 0, 0, 0, 0",1,
1450,amazon stainless steel cat water fountain,ca,,,,,,,,,,,2023-10-11,,,,,,,,,,,,"0, 0, 0, 0, 0, 0, 0, 0, 0, 1, 4, 5, 0, 0, 2, 0, 4, 0, 2, 0, 0, 2, 3, 1",3,
1451,small cat water fountain stainless steel,ca,,,,,,,,30,,,2025-10-22,,,,,,,,,,,,"0, 0, 0, 0, 0, 0, 0, 0, 0, 0, 0, 0, 0, 1, 0, 0, 0, 0, 0, 1, 0, 1, 4, 0",2,
1452,cat water fountain washable filter,ca,,,,,,,,10,,,2023-01-11,,,,,,,,,,,,"2, 2, 0, 0, 0, 0, 0, 0, 0, 0, 1, 1, 0, 0, 0, 0, 3, 0, 1, 0, 2, 1, 1, 1",2,
1453,cat water fountain that separates dirty water,ca,,,,,,,,40,,,2025-12-15,,,,,,,,,,,,"0, 0, 0, 0, 0, 0, 0, 0, 0, 0, 0, 0, 0, 0, 0, 1, 3, 0, 0, 2, 0, 1, 1, 3",2,
1454,catit pixi cat drinking water fountain,ca,,,,,,,,,,,2021-10-02,,,,,,,,,,,,"0, 0, 0, 0, 0, 0, 0, 0, 0, 0, 0, 0, 0, 0, 0, 0, 0, 0, 0, 0, 0, 0, 0, 0",1,
1455,cat electric water dispenser fountain,ca,,,,,,,,,,,2023-09-08,,,,,,,,,,,,"0, 0, 0, 0, 0, 0, 0, 0, 0, 0, 0, 0, 0, 0, 0, 0, 0, 0, 0, 0, 0, 0, 0, 0",1,
1456,top stainless steel cat water fountain,ca,,,,,,,,,,,2026-02-13,,,,,,,,,,,,"0, 0, 0, 0, 0, 0, 0, 0, 0, 0, 0, 0, 0, 0, 0, 0, 0, 5, 0, 0, 0, 0, 0, 2",2,
1457,3d printed cat water fountain,ca,,,,,,,,,,,2024-03-10,,,,,,,,,,,,"0, 0, 0, 0, 0, 1, 0, 0, 0, 0, 0, 0, 0, 0, 0, 0, 0, 0, 0, 0, 0, 0, 0, 0",1,
1458,polame cat water fountain,ca,,,,,,,,,,,2022-12-12,,,,,,,,,,,,"0, 0, 0, 0, 0, 0, 0, 0, 0, 0, 0, 0, 0, 0, 0, 0, 0, 0, 0, 0, 0, 0, 0, 0",1,
1459,my cat keeps tipping over his water fountain,ca,,,,,,,,,,,2025-04-10,,,,,,,,,,,,"0, 0, 0, 0, 0, 0, 0, 1, 0, 0, 0, 1, 0, 1, 0, 0, 0, 1, 2, 0, 0, 0, 0, 0",1,
1460,automatic cat water fountain reviews,ca,,,,,,,,10,,,2020-04-20,,,,,,,,,,,,"0, 0, 0, 0, 0, 0, 0, 0, 0, 3, 3, 3, 0, 5, 0, 3, 0, 1, 1, 1, 1, 6, 0, 0",3,
1461,how to refill a cat water fountain,ca,,,,,,,,,,,2022-08-17,,,,,,,,,,,,"0, 0, 0, 0, 0, 0, 0, 0, 0, 0, 1, 3, 0, 0, 0, 0, 0, 0, 0, 0, 0, 0, 3, 2",2,
1462,cat outdoor water fountain,ca,,,,,,,,20,,,2020-06-25,,,,,,,,,,,,"2, 0, 0, 0, 1, 0, 0, 0, 1, 2, 0, 2, 0, 0, 0, 0, 0, 0, 0, 1, 1, 4, 0, 0",2,
1463,welltobe battery operated cat water fountain,ca,,,,,,,,,,,2022-01-22,,,,,,,,,,,,"0, 0, 0, 0, 0, 0, 0, 0, 0, 0, 0, 0, 0, 0, 0, 0, 0, 0, 0, 0, 0, 0, 0, 0",1,
1464,cat water fountain diy,ca,,,,,,,,50,,,2015-10-15,,,,,,,,,,,,"3, 2, 1, 4, 1, 1, 6, 3, 3, 1, 1, 5, 1, 1, 1, 5, 0, 1, 1, 6, 1, 2, 4, 2",3,
1465,medical grade stainless steel cat water fountain,ca,,,,,,,,20,,,2025-12-22,,,,,,,,,,,,"0, 0, 0, 0, 0, 0, 0, 0, 0, 0, 0, 0, 0, 0, 0, 2, 1, 0, 0, 0, 0, 1, 17, 3",8,
1466,cat water fountain wastewater separation,ca,,,,,,,,20,,,2026-01-16,,,,,,,,,,,,"0, 0, 0, 0, 0, 0, 0, 0, 0, 0, 0, 0, 0, 0, 0, 0, 1, 1, 6, 4, 2, 2, 5, 3",4,
1467,filtered cat water fountain reviews,ca,,,,,,,,10,,,2025-09-22,,,,,,,,,,,,"0, 0, 0, 0, 0, 0, 0, 0, 0, 0, 0, 0, 2, 2, 1, 0, 1, 0, 0, 0, 0, 1, 0, 0",2,
1468,beat cat water fountain,ca,,,,,,,,20,,,2020-07-18,,,,,,,,,,,,"3, 3, 1, 1, 0, 0, 0, 0, 0, 0, 0, 3, 1, 1, 0, 1, 1, 1, 0, 0, 0, 0, 2, 2",2,
1469,cat water fountain faucet,ca,,,,,,,,10,,,2021-03-20,,,,,,,,,,,,"8, 5, 1, 1, 0, 0, 0, 0, 1, 0, 0, 0, 0, 5, 1, 0, 0, 0, 2, 0, 0, 0, 2, 0",2,
1470,flowing water cat fountain,ca,,,,,,,,10,,,2025-05-28,,,,,,,,,,,,"0, 0, 0, 0, 0, 0, 0, 0, 1, 0, 1, 0, 0, 0, 0, 2, 1, 0, 0, 0, 2, 1, 0, 0",2,
1471,cat water fountain stainless steel running water,ca,,,,,,,,,,,2026-03-27,,,,,,,,,,,,"0, 0, 0, 0, 0, 0, 0, 0, 0, 0, 0, 0, 0, 0, 0, 0, 0, 0, 1, 3, 0, 0, 0, 0",1,
1472,veken stainless steel cat water fountain reviews,ca,,,,,,,,,,,2025-06-15,,,,,,,,,,,,"0, 0, 0, 0, 0, 0, 0, 0, 0, 6, 2, 3, 0, 0, 0, 0, 0, 0, 0, 0, 0, 0, 2, 1",2,
1473,anti tip cat water fountain,ca,,,,,,,,10,,,2023-09-27,,,,,,,,,,,,"1, 1, 0, 1, 0, 0, 0, 0, 0, 0, 0, 0, 0, 0, 0, 2, 1, 1, 2, 1, 0, 0, 0, 0",1,
1474,qinliy cat water fountain,ca,,,,,,,,40,,,2025-08-11,,,,,,,,,,,,"0, 0, 0, 0, 0, 0, 0, 0, 0, 0, 0, 9, 3, 2, 0, 1, 0, 0, 0, 1, 0, 0, 0, 0",1,
1475,cat water fountain with batteries,ca,,,,,,,,,,,2021-01-26,,,,,,,,,,,,"0, 0, 0, 0, 0, 0, 0, 0, 0, 0, 0, 0, 0, 0, 0, 0, 0, 0, 0, 0, 0, 0, 0, 0",1,
1476,corded operated cat water fountain,ca,,,,,,,,,,,2023-06-23,,,,,,,,,,,,"0, 0, 0, 0, 0, 0, 0, 0, 0, 0, 0, 0, 0, 0, 0, 0, 0, 0, 0, 0, 0, 0, 0, 0",1,
1477,cat water fountain separate clean and dirty water,ca,,,,,,,,10,,,2026-06-08,,,,,,,,,,,,"0, 0, 0, 0, 0, 0, 0, 0, 0, 0, 0, 0, 0, 0, 0, 0, 0, 0, 0, 0, 0, 4, 6, 3",5,
1478,kitty spout cat water fountain,ca,,,,,,,,20,,,2024-01-08,,,,,,,,,,,,"0, 2, 0, 0, 0, 0, 0, 0, 0, 1, 0, 0, 0, 0, 0, 7, 0, 11, 0, 0, 0, 0, 0, 0",1,
1479,replacement cat water fountain pump,ca,,,,,,,,10,,,2025-08-12,,,,,,,,,,,,"0, 0, 0, 0, 0, 0, 0, 0, 0, 0, 0, 1, 0, 0, 1, 1, 0, 1, 0, 0, 0, 0, 2, 0",2,
1480,best automatic cat water fountain,ca,,,,,,,,90,,,2020-01-22,,,,,,,,,,,,"0, 2, 0, 0, 0, 0, 0, 0, 2, 4, 0, 0, 0, 0, 1, 2, 0, 2, 3, 2, 3, 2, 5, 4",5,
1481,stainless steel cat water fountain review,ca,,,,,,,,,,,2025-06-17,,,,,,,,,,,,"0, 0, 0, 0, 0, 0, 0, 0, 0, 4, 6, 2, 0, 0, 2, 0, 0, 0, 0, 0, 0, 0, 0, 0",1,
1482,pets at home cat water fountain,ca,,,,,,,,80,,,2023-03-06,,,,,,,,,,,,"0, 0, 0, 0, 0, 1, 0, 0, 0, 0, 1, 0, 0, 0, 0, 0, 1, 0, 0, 0, 1, 0, 0, 0",1,
1483,best cat water fountain that doesn't get slimy,ca,,,,,,,,20,,,2022-10-07,,,,,,,,,,,,"1, 1, 0, 1, 1, 0, 0, 0, 0, 2, 0, 1, 0, 0, 3, 2, 1, 0, 0, 1, 1, 1, 1, 0",2,
1484,gravity cat water fountain,ca,,,,,,,,10,,,2020-07-16,,,,,,,,,,,,"0, 0, 0, 0, 1, 2, 0, 0, 0, 0, 0, 1, 0, 2, 1, 2, 0, 4, 1, 0, 0, 0, 1, 0",2,
1485,ceramic cat water fountain mushroom,ca,,,,,,,,,,,2021-05-25,,,,,,,,,,,,"0, 0, 0, 0, 0, 0, 0, 0, 0, 0, 0, 0, 0, 0, 0, 0, 0, 0, 0, 0, 0, 0, 0, 0",1,
1486,vet approved cat water fountain,ca,,,,,,,,10,,,2025-07-15,,,,,,,,,,,,"0, 0, 0, 0, 0, 0, 0, 0, 0, 0, 2, 0, 0, 0, 0, 1, 0, 1, 0, 0, 0, 1, 3, 1",3,
1487,chilled cat water fountain,ca,,,,,,,,10,,,2020-08-17,,,,,,,,,,,,"1, 0, 0, 0, 0, 0, 0, 0, 0, 0, 0, 0, 1, 0, 0, 0, 1, 0, 1, 0, 3, 1, 1, 0",2,
1488,pet water fountain running water cat,ca,,,,,,,,,,,2026-04-03,,,,,,,,,,,,"0, 0, 0, 0, 0, 0, 0, 0, 0, 0, 0, 0, 0, 0, 0, 0, 0, 0, 0, 3, 1, 0, 0, 0",1,
1489,cat water fountain cactus,ca,,,,,,,,,,,2022-06-06,,,,,,,,,,,,"0, 0, 0, 0, 0, 0, 0, 0, 0, 0, 0, 0, 0, 0, 0, 0, 0, 0, 0, 0, 0, 0, 0, 0",1,
1490,petsafe stainless steel cat water fountain,ca,,,,,,,,,,,2021-10-31,,,,,,,,,,,,"0, 0, 0, 0, 0, 0, 0, 0, 0, 0, 0, 0, 0, 0, 0, 0, 0, 0, 0, 0, 0, 0, 0, 0",1,
1491,how to change filter on cat water fountain,ca,,,,,,,,,,,2025-04-18,,,,,,,,,,,,"0, 0, 0, 0, 0, 0, 0, 2, 2, 0, 0, 0, 0, 0, 0, 0, 0, 0, 0, 0, 0, 0, 0, 0",1,
1492,battery cat water fountain,ca,,,0.35,,,,,100,,,2020-01-14,,,,,,,,,,,,"7, 4, 15, 0, 3, 0, 1, 1, 4, 5, 0, 3, 2, 0, 1, 3, 0, 1, 2, 0, 1, 1, 4, 0",2,
1493,running cat water fountain,ca,,,,,,,,10,,,2026-01-05,,,,,,,,,,,,"0, 0, 0, 0, 0, 0, 0, 0, 0, 0, 0, 0, 0, 0, 0, 0, 2, 1, 0, 0, 0, 1, 0, 1",2,
1494,ceramic cat water fountain vs stainless steel,ca,,,,,,,,10,,,2026-05-17,,,,,,,,,,,,"0, 0, 0, 0, 0, 0, 0, 0, 0, 0, 0, 0, 0, 0, 0, 0, 0, 0, 0, 0, 1, 1, 5, 1",4,
1495,best rated stainless steel cat water fountain,ca,,,,,,,,20,,,2025-06-18,,,,,,,,,,,,"0, 0, 0, 0, 0, 0, 0, 0, 0, 1, 1, 2, 1, 0, 0, 1, 0, 0, 0, 0, 2, 2, 0, 10",4,
1496,cat water fountain with sensor,ca,,,,,,,,70,,,2020-03-15,,,,,,,,,,,,"2, 0, 3, 2, 2, 1, 0, 1, 1, 0, 6, 3, 0, 0, 0, 2, 5, 3, 5, 2, 1, 0, 0, 0",1,
1497,motion sensor cat water fountain,ca,,,0.25,,,,,100,,,2020-01-12,,,,,,,,,,,,"7, 12, 7, 7, 22, 29, 41, 28, 1, 5, 5, 3, 1, 1, 1, 2, 1, 4, 4, 2, 2, 1, 2, 0",2,
1498,little worms in cat water fountain,ca,,,,,,,,10,,,2025-08-26,,,,,,,,,,,,"0, 0, 0, 0, 0, 0, 0, 0, 0, 0, 0, 3, 1, 1, 1, 0, 0, 0, 0, 0, 1, 1, 2, 0",2,
1499,how to properly clean cat water fountain,ca,,,,,,,,10,,,2024-02-25,,,,,,,,,,,,"0, 1, 0, 0, 0, 0, 0, 0, 0, 0, 1, 0, 0, 0, 0, 1, 0, 0, 0, 0, 2, 4, 2, 3",4,
1500,do you need a filter for a cat water fountain,ca,,,,,,,,,,,2025-01-21,,,,,,,,,,,,"0, 0, 0, 0, 1, 1, 0, 0, 0, 0, 0, 0, 0, 0, 0, 0, 0, 0, 0, 0, 0, 0, 0, 0",1,
1501,cat water fountain reusable filter,ca,,,,,,,,20,,,2022-12-06,,,,,,,,,,,,"5, 0, 2, 2, 1, 2, 0, 0, 1, 0, 1, 0, 0, 0, 1, 2, 1, 3, 4, 3, 3, 1, 1, 1",2,
1502,soofpet cat water fountain cleaning instructions,ca,,,,,,,,,,,2024-02-04,,,,,,,,,,,,"0, 0, 0, 0, 0, 0, 0, 0, 0, 0, 0, 0, 0, 0, 0, 0, 0, 0, 0, 0, 0, 0, 0, 0",1,
1503,cat water fountain sink,ca,,,,,,,,10,,,2021-02-16,,,,,,,,,,,,"0, 1, 0, 0, 0, 0, 0, 0, 0, 0, 0, 0, 0, 0, 0, 0, 1, 0, 0, 0, 0, 0, 0, 0",1,
1504,cat water fountain motor not working,ca,,,,,,,,40,,,2021-04-04,,,,,,,,,,,,"9, 2, 7, 6, 6, 7, 4, 5, 1, 6, 5, 4, 5, 1, 4, 6, 6, 1, 5, 2, 8, 3, 6, 4",4,
1505,noxon cat water fountain,ca,,,,,,,,,,,2026-05-01,,,,,,,,,,,,"0, 0, 0, 0, 0, 0, 0, 0, 0, 0, 0, 0, 0, 0, 0, 0, 0, 0, 0, 0, 2, 2, 1, 0",2,
1506,cat water fountain filter direction,ca,,,,,,,,60,,,2020-08-06,,,,,,,,,,,,"6, 2, 7, 5, 3, 6, 5, 5, 3, 0, 2, 3, 0, 0, 1, 9, 8, 6, 3, 4, 7, 4, 3, 2",5,
1507,cat water fountain steel,ca,,,,,,,,40,,,2022-05-03,,,,,,,,,,,,"2, 3, 1, 2, 3, 2, 1, 1, 0, 0, 1, 3, 1, 0, 3, 0, 2, 1, 4, 0, 4, 2, 0, 0",2,
1508,petlibro ceramic cat water fountain,ca,,,,,,,,,,,2022-01-14,,,,,,,,,,,,"0, 1, 1, 0, 0, 0, 0, 0, 0, 2, 0, 0, 0, 0, 2, 0, 2, 0, 1, 0, 0, 0, 0, 0",1,
1509,automatic pet water fountain cat dog,ca,,,,,,,,40,,,2026-03-09,,,,,,,,,,,,"0, 0, 0, 0, 0, 0, 0, 0, 0, 0, 0, 0, 0, 0, 0, 0, 0, 0, 4, 2, 3, 0, 0, 1",2,
1510,cat scratching water fountain,ca,,,,,,,,,,,2024-10-25,,,,,,,,,,,,"0, 1, 2, 3, 0, 0, 1, 1, 0, 0, 0, 0, 0, 0, 0, 0, 0, 4, 0, 0, 0, 0, 0, 0",1,
1511,cat water fountain how to refill,ca,,,,,,,,10,,,2025-07-05,,,,,,,,,,,,"0, 0, 0, 0, 0, 0, 0, 0, 0, 0, 2, 1, 0, 0, 0, 0, 0, 0, 0, 0, 0, 0, 1, 0",2,
1512,how often to change filter for cat water fountain,ca,,,,,,,,,,,2026-02-03,,,,,,,,,,,,"0, 0, 0, 0, 0, 0, 0, 0, 0, 0, 0, 0, 0, 0, 0, 0, 0, 2, 3, 0, 0, 0, 0, 0",1,
1513,miaustore cat water fountain replacement pump,ca,,,,,,,,30,,,2025-10-15,,,,,,,,,,,,"0, 0, 0, 0, 0, 0, 0, 0, 0, 0, 0, 0, 0, 1, 0, 0, 2, 0, 0, 0, 1, 0, 0, 1",,
1514,best cat water fountain for multiple cats,ca,,,,,,,,50,,,2021-02-26,,,,,,,,,,,,"0, 2, 1, 3, 1, 0, 0, 0, 0, 1, 0, 0, 0, 0, 2, 1, 1, 0, 0, 1, 0, 0, 1, 1",2,
1515,uv cleaning cat water fountain,ca,,,,,,,,,,,2026-08-01,,,,,,,,,,,,"0, 0, 0, 0, 0, 0, 0, 0, 0, 0, 0, 0, 0, 0, 0, 0, 0, 0, 0, 0, 0, 0, 0, 2",2,
1516,cool cat water fountain,ca,,,,,,,,30,,,2020-01-31,,,,,,,,,,,,"0, 0, 3, 1, 2, 2, 2, 0, 0, 1, 1, 2, 0, 1, 0, 2, 1, 0, 0, 2, 4, 4, 4, 2",4,
1517,oneisall wireless cat water fountain,ca,,,,,,,,,,,2025-11-12,,,,,,,,,,,,"0, 0, 0, 0, 0, 0, 0, 0, 0, 0, 0, 0, 0, 0, 4, 4, 4, 0, 5, 0, 0, 0, 1, 0",2,
1518,brookstone cat water fountain,ca,,,,,,,,,,,2020-09-18,,,,,,,,,,,,"0, 0, 0, 0, 0, 0, 0, 0, 0, 0, 0, 0, 0, 0, 0, 0, 0, 0, 0, 0, 0, 0, 0, 0",1,
1519,cat automatic water fountain,ca,,,0.45,,,,,100,,,2020-01-19,,,,,,,,,,"Commercial,Transactional,Non-branded,Non-local",English,"2, 1, 0, 2, 0, 0, 0, 0, 0, 3, 0, 2, 1, 3, 2, 0, 1, 1, 4, 2, 4, 9, 2, 4",5,Pet food
1520,cordless cat water fountain australia,ca,,,,,,,,100,,,2022-11-23,,,,,,,,,,,,"0, 1, 0, 0, 0, 0, 0, 1, 0, 0, 0, 0, 0, 0, 0, 0, 0, 0, 0, 0, 0, 0, 0, 0",1,
1521,my cat stopped drinking from water fountain,ca,,,,,,,,20,,,2023-08-14,,,,,,,,,,,,"1, 2, 2, 1, 2, 0, 0, 0, 1, 1, 0, 4, 1, 2, 2, 1, 0, 3, 1, 2, 4, 5, 0, 4",4,
1522,cat water fountain with battery backup,ca,,,,,,,,10,,,2023-07-27,,,,,,,,,,,,"4, 0, 1, 2, 0, 1, 1, 4, 0, 2, 5, 1, 0, 0, 0, 0, 1, 2, 0, 0, 2, 0, 1, 2",2,
1523,miaustore cat water fountain reviews,ca,,,,,,,,,,,2020-10-23,,,,,,,,,,,,"0, 1, 0, 0, 0, 1, 0, 0, 1, 0, 0, 0, 0, 0, 0, 0, 0, 0, 0, 0, 0, 0, 0, 0",1,
1524,cat water fountain not pumping,ca,,,,,,,,40,,,2025-01-04,,,,,,,,,,,,"0, 0, 0, 0, 3, 3, 3, 3, 0, 0, 0, 0, 0, 1, 0, 1, 3, 3, 0, 2, 2, 1, 0, 0",1,
1525,the best stainless steel cat water fountain,ca,,,,,,,,20,,,2025-06-16,,,,,,,,,,,,"0, 0, 0, 0, 0, 0, 0, 0, 0, 1, 1, 0, 0, 0, 0, 3, 2, 0, 1, 2, 0, 0, 7, 5",4,
1526,beq cat water fountain,ca,,,,,,,,,,,2024-05-16,,,,,,,,,,,,"0, 0, 2, 1, 0, 0, 0, 0, 0, 0, 1, 0, 0, 0, 0, 0, 0, 0, 0, 0, 0, 0, 0, 0",1,
1527,cat water fountain smart,ca,,,,,,,,10,,,2025-01-01,,,,,,,,,,,,"0, 0, 0, 0, 1, 0, 0, 0, 0, 0, 1, 0, 0, 0, 0, 0, 2, 1, 0, 0, 1, 0, 0, 0",1,
1528,how often to clean water fountain cat,ca,,,,,,,,10,,,2026-02-04,,,,,,,,,,,,"0, 0, 0, 0, 0, 0, 0, 0, 0, 0, 0, 0, 0, 0, 0, 0, 0, 2, 0, 0, 1, 2, 2, 2",3,
1529,cat water fountain pump making noise,ca,,,,,,,,,,,2025-02-21,,,,,,,,,,,,"0, 0, 0, 0, 0, 1, 3, 0, 0, 0, 0, 0, 0, 0, 0, 0, 0, 0, 0, 0, 0, 0, 0, 0",1,
1530,water bowl cat fountain,ca,,,,,,,,40,,,2019-12-25,,,,,,,,,,,,"0, 1, 0, 0, 2, 1, 4, 1, 0, 1, 2, 0, 1, 0, 0, 0, 0, 0, 0, 0, 1, 0, 0, 0",1,
1531,cat staring at water fountain,ca,,,,,,,,20,,,2024-10-25,,,,,,,,,,,,"0, 2, 1, 1, 0, 4, 1, 1, 0, 0, 0, 1, 0, 3, 0, 2, 6, 4, 2, 3, 1, 3, 0, 1",2,
1532,cat fresh water fountain,ca,,,,,,,,30,,,2020-01-19,,,,,,,,,,,,"1, 2, 5, 0, 0, 1, 1, 1, 1, 3, 5, 0, 0, 0, 1, 1, 0, 0, 1, 0, 0, 1, 0, 0",1,
1533,cat water fountain wirecutter,ca,,,,,,,,,,,2022-01-07,,,,,,,,,,,,"0, 0, 0, 0, 0, 0, 0, 0, 0, 0, 0, 0, 1, 2, 0, 1, 1, 0, 0, 0, 0, 0, 0, 0",1,
1534,petlibro battery operated cat water fountain,ca,,,,,,,,,,,2022-12-10,,,,,,,,,,,,"0, 0, 0, 0, 0, 0, 2, 1, 0, 0, 0, 0, 0, 0, 0, 0, 0, 0, 0, 0, 0, 0, 0, 0",1,
1535,how to get a cat to drink from water fountain,ca,,,,,,,,10,,,2023-03-17,,,,,,,,,,,,"0, 0, 0, 0, 0, 0, 0, 0, 0, 0, 2, 0, 1, 1, 0, 0, 0, 0, 0, 1, 0, 0, 0, 0",1,
1536,best cat water fountain reddit 2023,ca,,,,,,,,,,,2023-06-05,,,,,,,,,,,,"0, 0, 0, 0, 0, 0, 0, 0, 0, 0, 0, 0, 0, 0, 0, 0, 0, 0, 0, 0, 0, 0, 0, 0",1,
1537,wireless stainless steel cat water fountain,ca,,,,,,,,100,,,2023-06-10,,,,,,,,,,,,"3, 8, 6, 7, 7, 11, 4, 0, 1, 5, 6, 0, 1, 1, 0, 4, 1, 0, 0, 0, 0, 0, 2, 0",2,
1538,cat dog water fountain,ca,,,,,,,,40,,,2020-02-06,,,,,,,,,,,,"3, 3, 5, 4, 1, 5, 0, 5, 2, 0, 4, 2, 0, 0, 1, 3, 2, 0, 0, 0, 2, 2, 1, 1",3,
1539,cat keeps playing with water fountain,ca,,,,,,,,30,,,2022-01-30,,,,,,,,,,,,"1, 0, 0, 0, 6, 1, 2, 0, 0, 1, 0, 1, 2, 2, 3, 1, 11, 5, 3, 4, 3, 2, 3, 4",4,
1540,water fountain vs cat toy,ca,,,,,,,,10,,,2026-04-16,,,,,,,,,,,,"0, 0, 0, 0, 0, 0, 0, 0, 0, 0, 0, 0, 0, 0, 0, 0, 0, 0, 0, 14, 10, 5, 0, 0",2,
1541,cat water fountain instructions,ca,,,,,,,,40,,,2021-02-01,,,,,,,,,,,,"4, 6, 4, 6, 9, 5, 7, 4, 4, 2, 8, 7, 4, 6, 5, 2, 9, 3, 4, 1, 3, 2, 7, 0",3,
1542,cat fountain that separates dirty water,ca,,,,,,,,10,,,2026-02-12,,,,,,,,,,,,"0, 0, 0, 0, 0, 0, 0, 0, 0, 0, 0, 0, 0, 0, 0, 0, 0, 1, 2, 4, 2, 0, 3, 2",2,
1543,nevie cat water fountain,ca,,,,,,,,,,,2025-11-13,,,,,,,,,,,,"0, 0, 0, 0, 0, 0, 0, 0, 0, 0, 0, 0, 0, 0, 5, 12, 3, 0, 0, 0, 0, 0, 0, 0",1,
1544,cat toy vs water fountain,ca,,,,,,,,10,,,2026-04-16,,,,,,,,,,,,"0, 0, 0, 0, 0, 0, 0, 0, 0, 0, 0, 0, 0, 0, 0, 0, 0, 0, 0, 9, 15, 10, 0, 0",4,
1545,uv light cat water fountain,ca,,,,,,,,40,,,2023-01-22,,,,,,,,,,,,"0, 0, 0, 0, 0, 0, 0, 0, 0, 0, 0, 0, 0, 1, 0, 4, 1, 2, 0, 6, 14, 6, 1, 5",6,
1546,water drip cat toy fountain,ca,,,,,,,,,,,2026-05-21,,,,,,,,,,,,"0, 0, 0, 0, 0, 0, 0, 0, 0, 0, 0, 0, 0, 0, 0, 0, 0, 0, 0, 0, 4, 1, 0, 0",2,
1547,low maintenance cat water fountain,ca,,,,,,,,50,,,2020-02-24,,,,,,,,,,,,"0, 0, 1, 0, 1, 0, 3, 1, 0, 1, 1, 0, 3, 1, 0, 2, 2, 2, 3, 2, 2, 0, 2, 0",2,
1548,petlibro cat water fountain review,ca,,,,,,,,20,,,2025-04-24,,,,,,,,,,,,"0, 0, 0, 0, 0, 0, 0, 1, 1, 3, 10, 3, 0, 2, 4, 1, 0, 0, 0, 0, 3, 0, 0, 0",1,
1549,cat h20 water fountain,ca,,,,,,,,10,,,2020-02-15,,,,,,,,,,,,"4, 0, 2, 1, 0, 3, 0, 0, 1, 1, 5, 1, 0, 1, 2, 1, 6, 1, 1, 2, 0, 1, 0, 0",2,
1550,kittyspout stainless steel cat water fountain,ca,,,,,,,,,,,2025-12-26,,,,,,,,,,,,"0, 0, 0, 0, 0, 0, 0, 0, 0, 0, 0, 0, 0, 0, 0, 3, 0, 0, 0, 0, 0, 0, 0, 2",2,
1551,vkimiss wireless cat water fountain instructions,ca,,,,,,,,,,,2025-12-26,,,,,,,,,,,,"0, 0, 0, 0, 0, 0, 0, 0, 0, 0, 0, 0, 0, 0, 0, 3, 2, 0, 0, 0, 0, 0, 0, 0",1,
1552,cat water fountain near me stainless steel,ca,,,,,,,,,,,2026-05-03,,,,,,,,,,,,"0, 0, 0, 0, 0, 0, 0, 0, 0, 0, 0, 0, 0, 0, 0, 0, 0, 0, 0, 0, 2, 1, 1, 0",2,
1553,stainless steel filterless cat water fountain,ca,,,,,,,,30,,,2025-12-12,,,,,,,,,,,,"0, 0, 0, 0, 0, 0, 0, 0, 0, 0, 0, 0, 0, 0, 0, 2, 2, 2, 0, 0, 0, 2, 0, 3",2,
1554,cat splashes water out of fountain,ca,,,,,,,,10,,,2016-12-17,,,,,,,,,,,,"0, 0, 0, 0, 0, 0, 0, 0, 0, 0, 0, 0, 0, 0, 0, 0, 0, 0, 1, 1, 1, 0, 0, 0",1,
1555,best cat water fountain 2025 or 2026 reviews,ca,,,,,,,,,,,2026-04-07,,,,,,,,,,,,"0, 0, 0, 0, 0, 0, 0, 0, 0, 0, 0, 0, 0, 0, 0, 0, 0, 0, 0, 1, 0, 0, 3, 0",2,
1556,how to change cat water fountain filter,ca,,,,,,,,10,,,2024-11-01,,,,,,,,,,,,"0, 0, 3, 1, 1, 3, 0, 0, 2, 1, 2, 2, 0, 1, 0, 1, 3, 1, 1, 0, 4, 0, 0, 1",2,
1557,why is my cat water fountain pump not working,ca,,,,,,,,,,,2023-12-10,,,,,,,,,,,,"0, 0, 0, 0, 0, 0, 0, 0, 0, 0, 0, 0, 0, 0, 1, 3, 0, 0, 0, 1, 0, 0, 0, 0",1,
1558,cat care water fountain filter,ca,,,,,,,,,,,2023-07-02,,,,,,,,,,,,"0, 0, 0, 0, 0, 0, 0, 0, 0, 0, 0, 0, 0, 0, 0, 0, 0, 0, 0, 0, 0, 0, 0, 0",1,
1559,how to use cat water fountain,ca,,,,,,,,20,,,2020-09-08,,,,,,,,,,,,"2, 0, 1, 1, 1, 0, 0, 0, 3, 0, 0, 3, 1, 1, 0, 2, 3, 0, 0, 1, 1, 2, 4, 4",4,
1560,cat pawing at water fountain,ca,,,,,,,,20,,,2024-11-14,,,,,,,,,,,,"0, 0, 1, 1, 1, 1, 1, 0, 4, 0, 2, 2, 0, 0, 1, 4, 0, 3, 2, 2, 2, 1, 2, 2",2,
1561,should i get a water fountain for my cat,ca,,,,,,,,20,,,2020-09-25,,,,,,,,,,,,"2, 0, 0, 0, 1, 0, 0, 0, 0, 0, 0, 1, 0, 1, 1, 2, 1, 2, 1, 3, 0, 2, 2, 1",3,
1562,november spring cat water fountain,ca,,,,,,,,,,,2021-10-29,,,,,,,,,,,,"0, 0, 0, 0, 0, 0, 0, 0, 0, 0, 0, 0, 0, 0, 0, 0, 0, 0, 0, 0, 0, 0, 0, 0",1,
1563,anti mold cat water fountain,ca,,,,,,,,20,,,2025-07-18,,,,,,,,,,,,"0, 0, 0, 0, 0, 0, 0, 0, 0, 0, 2, 2, 2, 1, 1, 0, 4, 0, 0, 0, 2, 0, 0, 0",1,
1564,cat water fountain kitten,ca,,,,,,,,20,,,2026-04-17,,,,,,,,,,,,"0, 0, 0, 0, 0, 0, 0, 0, 0, 0, 0, 0, 0, 0, 0, 0, 0, 0, 0, 2, 2, 1, 0, 0",2,
1565,cat water fountain filters replacement,ca,,,,,,,,40,,,2016-03-19,,,,,,,,,,,,"0, 2, 0, 1, 2, 1, 1, 1, 1, 1, 2, 3, 0, 0, 3, 1, 1, 5, 5, 5, 4, 3, 5, 2",5,
1566,best cat water fountain review,ca,,,,,,,,10,,,2025-06-14,,,,,,,,,,,,"0, 0, 0, 0, 0, 0, 0, 0, 0, 6, 3, 1, 0, 0, 1, 0, 0, 0, 0, 0, 0, 0, 0, 0",1,
1567,premier cat water fountain,ca,,,,,,,,10,,,2021-09-20,,,,,,,,,,,,"1, 0, 0, 0, 1, 0, 0, 0, 0, 0, 0, 0, 0, 0, 0, 0, 0, 0, 0, 0, 0, 0, 0, 0",1,
1568,non electric cat water fountain,ca,3,,0.25,,non electric cat water fountain,2026-09-11 05:55:37,"Sitelinks,Shopping,Thumbnail,People also ask,Video preview",50,0,0,2020-02-16,,,,,,,,,,"Informational,Commercial,Transactional,Non-branded,Non-local",English,"10, 3, 6, 13, 14, 2, 5, 4, 1, 4, 6, 6, 7, 2, 5, 2, 4, 1, 1, 3, 1, 3, 2, 1",3,Home; Pet food
1569,mold resistant cat water fountain,ca,,,,,,,,10,,,2021-09-11,,,,,,,,,,,,"0, 2, 0, 3, 2, 0, 0, 0, 0, 0, 0, 1, 0, 0, 0, 0, 0, 0, 0, 1, 0, 0, 0, 1",1,
1570,pwezon cat water fountain,ca,,,,,,,,,,,2025-03-16,,,,,,,,,,,,"0, 0, 0, 0, 0, 0, 2, 1, 1, 0, 0, 0, 0, 0, 0, 0, 0, 0, 0, 0, 0, 0, 0, 0",1,
1571,why cat water fountain,ca,,,,,,,,,,,2020-07-27,,,,,,,,,,,,"1, 0, 0, 1, 0, 0, 0, 0, 0, 0, 1, 0, 0, 0, 0, 0, 0, 0, 0, 0, 0, 0, 0, 0",1,
1572,cat water fountain for sale,ca,,,,,,,,10,,,2020-12-26,,,,,,,,,,,,"0, 0, 1, 0, 0, 0, 0, 0, 2, 0, 0, 0, 1, 1, 0, 0, 2, 1, 0, 1, 0, 0, 0, 0",1,
1573,cat water fountain pump stopped working,ca,,,,,,,,,,,2022-01-20,,,,,,,,,,,,"0, 0, 0, 0, 0, 0, 0, 0, 0, 0, 0, 0, 0, 0, 0, 0, 1, 1, 0, 0, 0, 0, 1, 0",2,
1574,fountain cat water,ca,,,,,,,,30,,,2021-03-23,,,,,,,,,,,,"0, 3, 2, 0, 0, 0, 1, 0, 1, 3, 0, 1, 0, 0, 0, 1, 3, 0, 0, 0, 0, 0, 1, 0",1,
1575,cat cordless water fountain,ca,,,,,,,,10,,,2024-08-17,,,,,,,,,,,,"0, 0, 0, 0, 1, 0, 0, 0, 0, 0, 2, 0, 0, 0, 0, 4, 0, 0, 0, 0, 0, 0, 0, 0",1,
1576,stainless steel cat water fountain cordless,ca,,,,,,,,20,,,2024-12-23,,,,,,,,,,,,"0, 0, 0, 2, 0, 0, 1, 0, 1, 0, 0, 0, 0, 2, 0, 0, 0, 0, 0, 0, 2, 0, 0, 0",1,
1577,petkit eversweet solo 2 cat water fountain,ca,,,,,,,,20,,,2024-08-06,,,,,,,,,,,,"0, 0, 1, 3, 2, 1, 0, 1, 0, 0, 0, 0, 1, 1, 0, 0, 0, 0, 0, 0, 2, 2, 0, 0",2,
1578,stainless steel cat water fountain nearby,ca,,,,,,,,100,,,2024-06-08,,,,,,,,,,,,"4, 1, 2, 4, 5, 1, 1, 3, 2, 4, 17, 4, 2, 2, 3, 2, 8, 3, 2, 1, 9, 8, 4, 3",7,
1579,wonder creature cat water fountain flashing red,ca,,,,,,,,,,,2021-07-30,,,,,,,,,,,,"0, 0, 0, 0, 0, 0, 0, 0, 0, 0, 0, 0, 0, 0, 0, 0, 0, 0, 0, 0, 0, 0, 0, 0",1,
1580,cat water fountain no filters,ca,,,,,,,,10,,,2025-10-24,,,,,,,,,,,,"0, 0, 0, 0, 0, 0, 0, 0, 0, 0, 0, 0, 0, 2, 0, 2, 0, 0, 3, 1, 0, 0, 0, 0",1,
1581,cat auto water fountain,ca,,,,,,,,20,,,2023-06-22,,,,,,,,,,,,"0, 0, 2, 0, 0, 0, 0, 0, 0, 0, 0, 0, 1, 0, 0, 0, 0, 0, 0, 0, 0, 1, 2, 2",2,
1582,quiet cat water fountain stainless steel,ca,,,,,,,,,,,2026-03-14,,,,,,,,,,,,"0, 0, 0, 0, 0, 0, 0, 0, 0, 0, 0, 0, 0, 0, 0, 0, 0, 0, 3, 0, 0, 0, 1, 0",2,
1583,petiigo cat water fountain,ca,,,,,,,,,,,2023-04-05,,,,,,,,,,,,"13, 3, 2, 0, 0, 0, 1, 0, 0, 0, 2, 5, 0, 0, 0, 0, 0, 0, 0, 0, 0, 0, 0, 0",1,
1584,cat coughs after drinking water from fountain,ca,,,,,,,,10,,,2024-09-12,,,,,,,,,,,,"2, 0, 0, 1, 0, 1, 2, 2, 1, 0, 1, 0, 0, 2, 1, 0, 1, 2, 0, 0, 7, 4, 4, 5",8,
1585,faucet cat water fountain,ca,,,,,,,,10,,,2024-08-20,,,,,,,,,,,,"1, 1, 0, 0, 0, 0, 0, 0, 0, 0, 0, 0, 5, 0, 3, 1, 0, 0, 1, 0, 0, 1, 0, 0",2,
1586,cat water fountain petlibro,ca,,,,,,,,,,,2022-09-27,,,,,,,,,,,,"0, 0, 0, 0, 0, 0, 0, 0, 0, 0, 1, 1, 0, 0, 0, 0, 0, 0, 0, 0, 0, 1, 0, 0",1,
1587,stainless steel cat water fountain reviews,ca,,,,,,,,100,,,2020-01-07,,,,,,,,,,,,"3, 1, 5, 1, 2, 4, 2, 1, 1, 3, 12, 5, 6, 0, 1, 6, 7, 2, 2, 4, 4, 4, 3, 5",5,
1588,best cat water fountain for hard water,ca,,,,,,,,30,,,2023-07-07,,,,,,,,,,,,"1, 0, 0, 0, 1, 0, 0, 2, 3, 1, 2, 3, 0, 3, 1, 7, 1, 4, 1, 2, 1, 1, 0, 2",2,
1589,water fountain vs cat food,ca,,,,,,,,10,,,2026-04-18,,,,,,,,,,,,"0, 0, 0, 0, 0, 0, 0, 0, 0, 0, 0, 0, 0, 0, 0, 0, 0, 0, 0, 4, 10, 6, 0, 0",3,
1590,cat fountain water dish,ca,,,,,,,,10,,,2017-01-14,,,,,,,,,,,,"0, 2, 2, 0, 0, 1, 0, 0, 0, 0, 2, 1, 0, 0, 0, 0, 2, 0, 0, 0, 0, 0, 0, 0",1,
1591,uv light for cat water fountain,ca,,,,,,,,10,,,2026-07-12,,,,,,,,,,,,"0, 0, 0, 0, 0, 0, 0, 0, 0, 0, 0, 0, 0, 0, 0, 0, 0, 0, 0, 0, 0, 0, 2, 5",3,
1592,miaustore cat water fountain review,ca,,,,,,,,,,,2020-08-19,,,,,,,,,,,,"0, 0, 0, 0, 0, 0, 0, 0, 0, 0, 0, 0, 0, 0, 0, 0, 0, 0, 0, 0, 0, 0, 0, 0",1,
1593,cat water fountain bowls,ca,,,,,,,,30,,,2021-05-19,,,,,,,,,,,,"1, 0, 0, 0, 17, 29, 30, 32, 0, 0, 2, 2, 0, 1, 0, 0, 2, 0, 0, 0, 0, 0, 0, 1",2,
1594,cat it water fountain instructions,ca,,,,,,,,,,,2022-10-05,,,,,,,,,,,,"10, 8, 1, 0, 0, 0, 0, 0, 0, 0, 0, 0, 1, 0, 2, 2, 2, 1, 1, 0, 0, 0, 0, 0",1,
1595,how often should you change cat fountain water,ca,,,,,,,,,,,2020-08-25,,,,,,,,,,,,"1, 0, 0, 0, 0, 0, 0, 0, 0, 0, 0, 0, 0, 0, 0, 0, 0, 0, 0, 0, 0, 0, 0, 1",2,
1596,aesthetic cat water fountain,ca,,,,,,,,30,,,2021-06-13,,,,,,,,,,,,"3, 5, 1, 1, 3, 6, 0, 2, 2, 6, 4, 1, 2, 2, 3, 1, 0, 1, 1, 2, 4, 1, 1, 0",2,
1597,cat water fountain mat,ca,,,,,,,,50,,,2021-03-23,,,,,,,,,,,,"1, 1, 0, 4, 4, 1, 1, 3, 3, 2, 7, 6, 3, 2, 3, 1, 5, 2, 4, 3, 3, 2, 3, 3",4,
1598,dog and cat water fountain,ca,,,,,,,,100,,,2019-02-24,,,,,,,,,,,,"6, 3, 4, 4, 10, 2, 6, 5, 1, 0, 4, 5, 2, 1, 0, 1, 2, 1, 1, 3, 5, 5, 2, 1",4,
1599,cat water fountain red light,ca,,,,,,,,,,,2021-07-09,,,,,,,,,,,,"0, 1, 0, 0, 0, 1, 0, 0, 0, 0, 0, 1, 0, 0, 0, 0, 0, 0, 1, 1, 0, 0, 0, 0",1,
1600,best stainless steel wireless cat water fountain,ca,,,,,,,,10,,,2025-05-09,,,,,,,,,,,,"0, 0, 0, 0, 0, 0, 0, 0, 1, 5, 2, 1, 1, 0, 0, 0, 1, 2, 0, 0, 0, 1, 0, 0",2,
1601,cat water fountain petbarn,ca,,,,,,,,50,,,2020-08-22,,,,,,,,,,,,"0, 0, 0, 3, 0, 0, 0, 0, 0, 0, 0, 0, 0, 0, 0, 0, 0, 0, 0, 0, 0, 0, 0, 0",1,
1602,lu&ba cat water fountain,ca,,,,,,,,,,,2021-10-27,,,,,,,,,,,,"0, 0, 0, 0, 0, 0, 0, 0, 0, 0, 0, 0, 0, 0, 0, 0, 0, 0, 0, 0, 0, 0, 0, 0",1,
1603,cat water fountain with automatic shut off,ca,,,,,,,,,,,2021-08-11,,,,,,,,,,,,"0, 0, 0, 0, 0, 0, 0, 0, 0, 0, 0, 0, 0, 0, 0, 0, 0, 0, 0, 0, 0, 0, 0, 0",1,
1604,can you use a cat water fountain without a filter,ca,,,,,,,,,,,2021-12-11,,,,,,,,,,,,"0, 0, 0, 0, 0, 0, 0, 0, 0, 0, 0, 0, 0, 0, 0, 0, 0, 0, 0, 0, 0, 0, 0, 0",1,
1605,cat water fountain small,ca,,,,,,,,40,,,2021-02-02,,,,,,,,,,,,"2, 4, 0, 1, 3, 5, 2, 0, 1, 0, 2, 1, 0, 0, 1, 0, 0, 1, 2, 1, 2, 3, 1, 1",3,
1606,cat afraid of water fountain,ca,,,,,,,,20,,,2020-08-04,,,,,,,,,,,,"3, 5, 3, 2, 0, 1, 2, 1, 0, 3, 5, 4, 2, 4, 2, 3, 4, 2, 2, 2, 3, 1, 4, 4",4,
1607,petco cat water fountain,ca,,,,,,,,250,,,2020-04-30,,,,,,2.22,4.26,9.15,,,,"1, 4, 0, 3, 0, 0, 1, 0, 0, 0, 0, 4, 1, 0, 1, 0, 0, 0, 0, 2, 3, 1, 1, 1",2,
1608,cat mate water fountain instructions,ca,,,,,,,,30,,,2020-03-31,,,,,,,,,,,,"0, 1, 0, 1, 0, 0, 0, 0, 1, 1, 0, 0, 1, 0, 4, 0, 0, 0, 0, 0, 0, 0, 0, 0",1,
1609,cat water fountain like faucet,ca,,,,,,,,,,,2022-02-11,,,,,,,,,,,,"3, 0, 1, 0, 0, 0, 0, 0, 0, 0, 0, 0, 0, 0, 0, 0, 0, 0, 0, 0, 0, 0, 0, 0",1,
1610,ghost cat water fountain,ca,,,,,,,,30,,,2023-12-24,,,,,,,,,,,,"7, 9, 2, 2, 3, 4, 4, 0, 0, 0, 0, 6, 4, 5, 0, 1, 1, 0, 1, 0, 2, 2, 1, 1",2,
1611,cat tree vs water fountain,ca,,,,,,,,10,,,2026-04-21,,,,,,,,,,,,"0, 0, 0, 0, 0, 0, 0, 0, 0, 0, 0, 0, 0, 0, 0, 0, 0, 0, 0, 5, 6, 1, 1, 0",2,
1612,does water evaporate from cat fountain,ca,,,,,,,,,,,2024-02-21,,,,,,,,,,,,"1, 1, 0, 1, 3, 1, 0, 0, 2, 1, 0, 0, 0, 0, 0, 0, 0, 0, 0, 0, 0, 0, 0, 0",1,
1613,michu wireless cat water fountain,ca,,,,,,,,,,,2025-06-09,,,,,,,,,,,,"0, 0, 0, 0, 0, 0, 0, 0, 0, 2, 1, 0, 0, 0, 0, 0, 0, 0, 0, 0, 0, 0, 1, 0",1,
1614,how often change cat fountain water,ca,,,,,,,,10,,,2023-08-05,,,,,,,,,,,,"1, 3, 2, 0, 3, 1, 0, 3, 4, 3, 3, 4, 3, 2, 3, 2, 2, 2, 1, 0, 0, 0, 3, 1",2,
1615,can you use cat water fountain without filter,ca,,,,,,,,,,,2024-03-18,,,,,,,,,,,,"0, 0, 0, 0, 1, 0, 0, 2, 1, 0, 2, 0, 0, 0, 0, 0, 0, 0, 0, 0, 0, 0, 2, 2",2,
1616,cat water fountain filter placement,ca,,,,,,,,10,,,2022-08-23,,,,,,,,,,,,"1, 0, 1, 2, 0, 0, 0, 0, 0, 0, 0, 2, 3, 0, 0, 0, 0, 0, 0, 0, 1, 0, 1, 1",2,
1617,how to make your cat drink from water fountain,ca,,,,,,,,,,,2026-03-03,,,,,,,,,,,,"0, 0, 0, 0, 0, 0, 0, 0, 0, 0, 0, 0, 0, 0, 0, 0, 0, 0, 4, 0, 0, 0, 1, 0",1,
1618,clean cat water fountain pump,ca,,,,,,,,,,,2023-10-07,,,,,,,,,,,,"0, 5, 0, 0, 0, 0, 0, 0, 0, 0, 0, 0, 0, 0, 5, 0, 0, 0, 0, 0, 0, 0, 0, 0",1,
1619,top rated stainless steel cat water fountain,ca,,,,,,,,40,,,2023-09-21,,,,,,,,,,,,"0, 0, 1, 0, 1, 0, 0, 0, 0, 4, 1, 4, 2, 0, 0, 3, 1, 1, 2, 1, 4, 6, 8, 5",6,
1620,cat water fountain with dirty water tank,ca,,,,,,,,30,,,2025-01-10,,,,,,,,,,,,"0, 0, 0, 0, 2, 0, 1, 0, 2, 0, 3, 0, 0, 0, 0, 1, 1, 1, 0, 2, 1, 5, 5, 0",5,
1621,cat water fountain without plug,ca,,,,,,,,,,,2022-01-16,,,,,,,,,,,,"0, 0, 0, 0, 0, 0, 0, 0, 0, 0, 0, 0, 0, 0, 0, 0, 0, 0, 0, 0, 0, 0, 0, 0",1,
1622,how to keep cat water fountain clean,ca,,,,,,,,30,,,2020-09-12,,,,,,,,,,,,"1, 1, 3, 2, 1, 1, 0, 6, 2, 1, 3, 0, 1, 1, 0, 1, 1, 0, 2, 1, 3, 3, 3, 2",3,
1623,cat water fountain green,ca,,,,,,,,10,,,2021-12-20,,,,,,,,,,,,"3, 4, 1, 0, 5, 1, 6, 1, 0, 0, 2, 4, 4, 3, 0, 1, 0, 3, 2, 0, 4, 0, 1, 4",2,
1624,filter cat water fountain,ca,,,,,,,,40,,,2021-08-03,,,,,,,,,,,,"2, 1, 2, 3, 2, 4, 7, 9, 5, 1, 0, 6, 3, 2, 0, 0, 3, 1, 1, 5, 2, 5, 5, 5",5,
1625,clean cat water fountain,ca,,,,,,,,40,,,2020-12-11,,,,,,,,,,,,"2, 3, 3, 2, 0, 2, 4, 1, 1, 3, 2, 2, 2, 0, 0, 2, 2, 2, 2, 5, 3, 2, 3, 4",4,
1626,ceramic cat water fountain modern,ca,,,,,,,,10,,,2026-03-18,,,,,,,,,,,,"0, 0, 0, 0, 0, 0, 0, 0, 0, 0, 0, 0, 0, 0, 0, 0, 0, 0, 1, 4, 1, 1, 1, 0",2,
1627,can dogs use cat water fountain,ca,,,,,,,,10,,,2025-11-16,,,,,,,,,,,,"0, 0, 0, 0, 0, 0, 0, 0, 0, 0, 0, 0, 0, 0, 2, 0, 2, 2, 0, 1, 0, 1, 1, 2",2,
1628,how often to change cat water fountain water,ca,,,,,,,,10,,,2024-09-01,,,,,,,,,,,,"1, 0, 0, 0, 0, 2, 3, 3, 3, 3, 1, 3, 0, 0, 0, 0, 2, 1, 0, 0, 0, 0, 0, 1",2,
1629,cat water feeder fountain,ca,,,,,,,,20,,,2020-05-24,,,,,,,,,,,,"0, 0, 0, 3, 1, 0, 1, 0, 1, 1, 1, 0, 2, 0, 0, 0, 1, 1, 0, 2, 0, 0, 1, 0",1,
1630,cat drinking from water fountain indoor,ca,,,,,,,,10,,,2026-03-03,,,,,,,,,,,,"0, 0, 0, 0, 0, 0, 0, 0, 0, 0, 0, 0, 0, 0, 0, 0, 0, 0, 1, 2, 1, 1, 0, 0",1,
1631,cat water fountain easy clean,ca,,,,,,,,20,,,2025-01-31,,,,,,,,,,,,"0, 0, 0, 0, 1, 1, 0, 1, 0, 0, 1, 1, 1, 0, 3, 2, 0, 1, 0, 0, 1, 0, 0, 4",2,
1632,cat water fountain petsafe,ca,,,,,,,,20,,,2022-01-12,,,,,,,,,,,,"1, 1, 4, 0, 1, 4, 1, 2, 0, 1, 0, 0, 3, 3, 0, 5, 0, 3, 2, 1, 2, 1, 2, 3",3,
1633,cat water fountain blinking blue,ca,,,,,,,,10,,,2025-08-08,,,,,,,,,,,,"0, 0, 0, 0, 0, 0, 0, 0, 0, 0, 0, 2, 0, 0, 4, 1, 2, 0, 0, 0, 0, 0, 0, 1",1,
1634,rellaty 3.2l stainless steel cat water fountain,ca,,,,,,,,,,,2025-06-29,,,,,,,,,,,,"0, 0, 0, 0, 0, 0, 0, 0, 0, 2, 4, 0, 0, 0, 0, 0, 0, 0, 0, 0, 0, 0, 0, 0",1,
1635,plumbed cat water fountain,ca,,,,,,,,20,,,2023-07-11,,,,,,,,,,,,"0, 1, 4, 0, 1, 5, 0, 1, 1, 0, 0, 2, 0, 0, 1, 2, 1, 2, 0, 1, 0, 2, 6, 0",3,
1636,best amazon cat water fountain,ca,,,,,,,,,,,2024-12-17,,,,,,,,,,,,"0, 0, 0, 1, 0, 0, 1, 0, 0, 0, 0, 0, 0, 0, 0, 0, 0, 0, 0, 0, 0, 3, 2, 1",3,
1637,cat drinking from water fountain indoors,ca,,,,,,,,10,,,2026-03-03,,,,,,,,,,,,"0, 0, 0, 0, 0, 0, 0, 0, 0, 0, 0, 0, 0, 0, 0, 0, 0, 0, 3, 0, 1, 0, 0, 0",1,
1638,my cat doesn't like water fountain,ca,,,,,,,,,,,2024-06-12,,,,,,,,,,,,"2, 0, 0, 0, 0, 0, 0, 0, 0, 0, 0, 0, 0, 0, 0, 0, 0, 0, 0, 0, 0, 0, 0, 0",1,
1639,cat water fountain no filter needed,ca,,,,,,,,10,,,2024-10-13,,,,,,,,,,,,"0, 5, 7, 5, 2, 1, 1, 0, 0, 1, 3, 1, 0, 1, 0, 1, 3, 1, 1, 0, 0, 0, 0, 0",1,
1640,best cat water fountain without filter,ca,,,,,,,,20,,,2024-07-17,,,,,,,,,,,,"0, 0, 0, 1, 2, 0, 2, 0, 0, 0, 0, 0, 1, 1, 2, 0, 2, 0, 0, 0, 0, 0, 0, 0",1,
1641,cat water fountain with fish,ca,,,,,,,,20,,,2026-03-21,,,,,,,,,,,,"0, 0, 0, 0, 0, 0, 0, 0, 0, 0, 0, 0, 0, 0, 0, 0, 0, 0, 5, 2, 3, 2, 2, 0",2,
1642,catit triple action cat water fountain filter,ca,,,,,,,,10,,,2021-01-20,,,,,,,,,,,,"0, 0, 0, 0, 0, 0, 0, 0, 0, 0, 0, 0, 0, 0, 0, 0, 0, 0, 0, 0, 0, 0, 0, 0",1,
1643,pixie cat water fountain,ca,,,,,,,,10,,,2026-03-18,,,,,,,,,,,,"0, 0, 0, 0, 0, 0, 0, 0, 0, 0, 0, 0, 0, 0, 0, 0, 0, 0, 4, 0, 0, 5, 4, 2",5,
1644,best stainless steel cat water fountain 2026,ca,,,,,,,,90,,,2026-02-19,,,,,,,,,,,,"0, 0, 0, 0, 0, 0, 0, 0, 0, 0, 0, 0, 0, 0, 0, 0, 0, 6, 7, 0, 0, 6, 3, 0",4,
1645,how to make your own cat water fountain,ca,,,,,,,,,,,2021-03-11,,,,,,,,,,,,"0, 0, 0, 0, 0, 0, 0, 0, 0, 0, 0, 0, 0, 0, 0, 0, 0, 0, 0, 0, 0, 0, 0, 0",1,
1646,cat water fountain buzzing,ca,,,,,,,,,,,2023-01-28,,,,,,,,,,,,"0, 0, 0, 0, 0, 0, 0, 0, 0, 0, 0, 0, 0, 0, 0, 0, 0, 0, 0, 0, 0, 0, 0, 0",1,
1647,uoh cat water fountain,ca,,,,,,,,,,,2023-12-22,,,,,,,,,,,,"1, 0, 0, 0, 0, 0, 0, 0, 0, 0, 0, 0, 0, 0, 0, 0, 0, 0, 0, 0, 0, 0, 0, 0",1,
1648,cat bubbling water fountain,ca,,,,,,,,,,,2020-09-07,,,,,,,,,,,,"0, 2, 0, 0, 0, 0, 0, 0, 0, 0, 0, 0, 0, 0, 0, 0, 0, 0, 0, 0, 0, 0, 0, 0",1,
1649,elfin cat water fountain,ca,,,,,,,,100,,,2023-11-19,,,,,,,,,,,,"0, 2, 1, 0, 3, 1, 5, 0, 5, 1, 7, 3, 0, 1, 7, 1, 3, 5, 2, 2, 1, 2, 3, 3",4,
1650,best stainless steel cat water fountain 2025,ca,,,,,,,,90,,,2025-06-03,,,,,,,,,,,,"0, 0, 0, 0, 0, 0, 0, 0, 0, 3, 5, 0, 0, 1, 9, 19, 3, 0, 0, 1, 0, 0, 0, 0",1,
1651,cat keeps flipping water fountain,ca,,,,,,,,10,,,2023-05-06,,,,,,,,,,,,"0, 0, 0, 0, 0, 5, 0, 2, 0, 0, 0, 0, 0, 0, 0, 0, 0, 3, 2, 2, 1, 0, 0, 0",1,
1652,stainless steel cat water fountain modern,ca,,,,,,,,20,,,2026-02-26,,,,,,,,,,,,"0, 0, 0, 0, 0, 0, 0, 0, 0, 0, 0, 0, 0, 0, 0, 0, 0, 1, 6, 4, 2, 3, 1, 1",2,
1653,cat water fountain stainless steel filter,ca,,,,,,,,,,,2025-11-13,,,,,,,,,,,,"0, 0, 0, 0, 0, 0, 0, 0, 0, 0, 0, 0, 0, 0, 1, 4, 0, 0, 0, 0, 0, 0, 0, 0",1,
1654,dooob ceramic cat water fountain,ca,,,,,,,,10,,,2025-07-23,,,,,,,,,,,,"0, 0, 0, 0, 0, 0, 0, 0, 0, 0, 1, 0, 0, 4, 2, 2, 4, 0, 0, 0, 0, 1, 0, 0",1,
1655,kmart cat water fountain,ca,,,,,,,,150,,,2022-08-17,,,,,,,,,,,,"0, 0, 0, 0, 0, 0, 0, 0, 0, 0, 0, 0, 0, 0, 0, 0, 0, 0, 0, 0, 0, 0, 0, 0",1,
1656,cat water fountain metal,ca,,,,,,,,50,,,2020-05-12,,,,,,,,,,,,"2, 3, 3, 1, 0, 6, 8, 0, 0, 1, 3, 4, 3, 0, 2, 4, 8, 4, 3, 6, 9, 4, 7, 0",5,
1657,cat keeps attacking water fountain,ca,,,,,,,,,,,2023-08-25,,,,,,,,,,,,"0, 0, 0, 0, 0, 0, 0, 0, 0, 0, 0, 0, 0, 0, 0, 0, 0, 0, 0, 0, 0, 0, 0, 0",1,
1658,cat water bowls fountain,ca,,,,,,,,50,,,2020-02-17,,,,,,,,,,,,"1, 2, 1, 0, 3, 3, 5, 0, 2, 0, 4, 1, 0, 0, 0, 0, 2, 1, 11, 6, 0, 3, 2, 0",2,
1659,how often should you change cat water fountain,ca,,,,,,,,10,,,2023-04-23,,,,,,,,,,,,"3, 7, 2, 2, 0, 2, 3, 2, 3, 5, 2, 4, 6, 4, 0, 0, 0, 0, 4, 0, 0, 2, 1, 2",3,
1660,nugget cat water fountain,ca,,,,,,,,,,,2022-08-09,,,,,,,,,,,,"0, 0, 0, 0, 0, 1, 0, 0, 0, 0, 4, 1, 0, 0, 0, 0, 0, 0, 0, 0, 0, 0, 0, 0",1,
1661,pineapple water fountain cat,ca,,,,,,,,,,,2020-08-19,,,,,,,,,,,,"0, 0, 0, 0, 0, 0, 0, 0, 0, 0, 0, 0, 0, 0, 0, 0, 0, 0, 0, 0, 0, 0, 0, 0",1,
1662,bugs in cat water fountain,ca,,,,,,,,40,,,2020-11-02,,,,,,,,,,,,"6, 4, 1, 2, 4, 6, 0, 3, 0, 2, 10, 2, 6, 1, 2, 6, 0, 0, 0, 0, 0, 3, 8, 2",4,
1663,white cat water fountain,ca,,,,,,,,30,,,2021-03-30,,,,,,,,,,,,"1, 5, 1, 2, 5, 0, 2, 0, 1, 0, 1, 4, 1, 0, 1, 1, 2, 2, 1, 0, 4, 2, 1, 4",3,
1664,black worms in cat water fountain,ca,,,,,,,,10,,,2021-07-21,,,,,,,,,,,,"0, 0, 0, 0, 0, 0, 0, 0, 0, 0, 0, 0, 0, 0, 2, 1, 0, 0, 0, 0, 0, 0, 1, 0",1,
1665,how to prevent mold in cat water fountain,ca,,,,,,,,10,,,2023-06-28,,,,,,,,,,,,"0, 0, 3, 1, 1, 2, 3, 1, 1, 0, 0, 1, 4, 1, 2, 3, 1, 0, 1, 0, 1, 0, 0, 2",2,
1666,how to get cat to drink water from fountain,ca,,,,,,,,40,,,2023-09-04,,,,,,,,,,,,"4, 5, 6, 4, 2, 2, 10, 7, 0, 3, 4, 3, 0, 0, 1, 1, 2, 4, 1, 1, 1, 1, 3, 0",2,
1667,veken cat water fountain counterfeit,ca,,,,,,,,20,,,2026-06-10,,,,,,,,,,,,"0, 0, 0, 0, 0, 0, 0, 0, 0, 0, 0, 0, 0, 0, 0, 0, 0, 0, 0, 0, 0, 2, 2, 0",2,
1668,how to keep cat water fountain from getting slimy,ca,,,,,,,,20,,,2025-08-10,,,,,,,,,,,,"0, 0, 0, 0, 0, 0, 0, 0, 0, 0, 0, 2, 0, 1, 0, 0, 0, 0, 0, 2, 2, 3, 1, 1",3,
1669,cat water fountain best rated,ca,,,,,,,,20,,,2025-01-13,,,,,,,,,,,,"0, 0, 0, 0, 2, 0, 0, 0, 0, 0, 0, 0, 0, 0, 0, 1, 0, 0, 0, 0, 3, 0, 2, 4",3,
1670,feel needy cat water fountain filters,ca,,,,,,,,,,,2024-04-10,,,,,,,,,,,,"4, 2, 1, 1, 0, 0, 0, 0, 0, 0, 0, 1, 0, 0, 0, 2, 0, 0, 0, 0, 0, 0, 0, 0",1,
1671,best cat stainless steel water fountain,ca,,,,,,,,30,,,2023-12-25,,,,,,,,,,,,"2, 1, 2, 0, 0, 2, 2, 0, 1, 0, 3, 2, 3, 3, 0, 4, 5, 1, 4, 0, 1, 1, 5, 2",4,
1672,water fountain for a cat,ca,,,,,,,,250,,,2020-07-24,,,,,,3.61,7.74,17.25,,,,"2, 3, 2, 0, 1, 0, 1, 0, 1, 1, 2, 2, 3, 4, 2, 2, 2, 2, 2, 1, 3, 6, 4, 3",4,
1673,why is my cat water fountain making noise,ca,,,,,,,,10,,,2023-02-06,,,,,,,,,,,,"0, 0, 0, 0, 3, 0, 0, 0, 0, 0, 0, 0, 0, 0, 0, 3, 0, 1, 0, 0, 0, 0, 2, 0",2,
1674,cat water fountain filterless,ca,,,,,,,,30,,,2023-04-30,,,,,,,,,,,,"0, 0, 1, 3, 1, 1, 1, 0, 0, 1, 0, 1, 1, 1, 2, 1, 3, 1, 2, 3, 1, 1, 1, 0",2,
1675,cat water fountain that dumps water,ca,,,,,,,,,,,2024-12-14,,,,,,,,,,,,"0, 0, 0, 1, 1, 1, 2, 0, 0, 0, 0, 0, 0, 0, 0, 0, 0, 0, 0, 0, 0, 0, 0, 0",1,
1676,chewy cat water fountain,ca,,,,,,,,300,,,2020-02-10,,,,,,2.05,4.23,9.02,,,,"0, 1, 1, 2, 2, 0, 1, 0, 4, 1, 3, 0, 0, 0, 2, 1, 2, 1, 5, 4, 6, 3, 10, 1",5,
1677,carbon filter for cat water fountain,ca,,,,,,,,10,,,2025-09-09,,,,,,,,,,,,"0, 0, 0, 0, 0, 0, 0, 0, 0, 0, 0, 0, 1, 1, 1, 0, 0, 4, 0, 1, 2, 1, 0, 0",2,
1678,portable cat water fountain,ca,,,,,,,,10,,,2022-08-21,,,,,,,,,,,,"0, 1, 0, 0, 0, 0, 0, 0, 0, 1, 1, 0, 0, 0, 0, 0, 0, 0, 0, 1, 0, 1, 0, 0",2,
1679,cat playing with water fountain,ca,,,,,,,,40,,,2022-07-10,,,,,,,,,,,,"1, 4, 3, 3, 5, 1, 0, 1, 7, 2, 2, 9, 3, 3, 3, 4, 4, 7, 1, 7, 5, 4, 1, 5",4,
1680,cat water fountain battery operated uk,ca,,,,,,,,,,,2020-07-17,,,,,,,,,,,,"0, 0, 0, 0, 0, 0, 0, 0, 0, 0, 0, 1, 0, 0, 0, 0, 0, 0, 0, 0, 0, 0, 0, 0",1,
1681,best battery operated cat water fountain,ca,,,,,,,,30,,,2020-07-18,,,,,,,,,,,,"4, 3, 2, 8, 4, 0, 0, 0, 0, 2, 4, 1, 3, 1, 1, 2, 1, 1, 0, 0, 3, 0, 4, 1",3,
1682,drinking cat water fountain,ca,,,,,,,,20,,,2021-08-06,,,,,,,,,,,,"0, 0, 0, 0, 0, 0, 0, 0, 0, 0, 0, 0, 0, 0, 0, 0, 0, 0, 0, 0, 0, 0, 0, 0",1,
1683,cat water fountain spout,ca,,,,,,,,,,,2023-02-03,,,,,,,,,,,,"2, 0, 0, 0, 0, 0, 0, 0, 0, 0, 0, 0, 0, 0, 0, 0, 0, 0, 0, 1, 0, 1, 0, 0",2,
1684,food grade stainless steel cat water fountain,ca,,,,,,,,10,,,2026-06-12,,,,,,,,,,,,"0, 0, 0, 0, 0, 0, 0, 0, 0, 0, 0, 0, 0, 0, 0, 0, 0, 0, 0, 0, 0, 2, 1, 0",2,
1685,where to buy cat water fountain,ca,,,,,,,,10,,,2022-09-10,,,,,,,,,,,,"0, 0, 0, 0, 0, 1, 0, 0, 0, 2, 1, 2, 0, 0, 0, 0, 0, 0, 1, 1, 1, 2, 2, 0",2,
1686,cat water fountain plastic or stainless steel,ca,,,,,,,,10,,,2025-12-07,,,,,,,,,,,,"0, 0, 0, 0, 0, 0, 0, 0, 0, 0, 0, 0, 0, 0, 0, 3, 1, 2, 4, 0, 3, 3, 9, 2",6,
1687,best cat water fountain wireless,ca,,,,,,,,10,,,2024-07-06,,,,,,,,,,,,"2, 1, 3, 0, 1, 0, 0, 0, 1, 1, 0, 0, 1, 0, 2, 1, 1, 0, 0, 0, 1, 0, 0, 2",2,
1688,miaustore mini ceramic cat water fountain,ca,,,,,,,,,,,2023-10-11,,,,,,,,,,,,"0, 0, 0, 1, 1, 1, 0, 0, 1, 2, 0, 0, 0, 0, 0, 0, 0, 0, 0, 0, 0, 0, 0, 0",1,
1689,best cat water fountain reviews,ca,,,,,,,,50,,,2019-05-19,,,,,,,,,,,,"0, 0, 0, 0, 0, 1, 0, 2, 3, 19, 6, 10, 0, 3, 1, 3, 2, 2, 2, 1, 3, 1, 1, 1",2,
1690,best type of cat water fountain,ca,,,,,,,,20,,,2023-08-15,,,,,,,,,,,,"2, 0, 0, 1, 0, 0, 0, 0, 1, 0, 4, 5, 0, 0, 6, 5, 4, 1, 2, 1, 2, 2, 4, 2",3,
1691,cat flower water fountain - instructions,ca,,,,,,,,,,,2022-12-25,,,,,,,,,,,,"0, 0, 0, 1, 0, 0, 0, 0, 0, 0, 0, 0, 0, 0, 0, 0, 0, 0, 0, 0, 0, 0, 0, 0",1,
1692,catit flower fountain cat water fountain,ca,,,,,,,,10,,,2025-06-28,,,,,,,,,,,,"0, 0, 0, 0, 0, 0, 0, 0, 0, 2, 5, 5, 0, 0, 0, 0, 0, 1, 0, 1, 1, 0, 2, 0",2,
1693,automatic pet water fountain cat,ca,,,,,,,,30,,,2026-03-01,,,,,,,,,,,,"0, 0, 0, 0, 0, 0, 0, 0, 0, 0, 0, 0, 0, 0, 0, 0, 0, 0, 2, 1, 2, 1, 0, 0",2,
1694,spill proof cat water fountain,ca,,,,,,,,30,,,2020-04-22,,,,,,,,,,,,"0, 0, 0, 1, 0, 7, 0, 2, 2, 1, 1, 1, 0, 0, 3, 2, 1, 1, 1, 0, 0, 0, 0, 0",1,
1695,stainless steel cat water fountain petsmart,ca,,,,,,,,10,,,2023-07-22,,,,,,,,,,,,"1, 0, 0, 0, 0, 1, 1, 0, 0, 0, 1, 1, 0, 0, 0, 0, 0, 0, 1, 0, 0, 0, 0, 0",1,
1696,veken innovation cat water fountain,ca,,,,,,,,10,,,2026-01-20,,,,,,,,,,,,"0, 0, 0, 0, 0, 0, 0, 0, 0, 0, 0, 0, 0, 0, 0, 0, 1, 0, 1, 1, 2, 2, 1, 3",3,
1697,cat water fountain stainless steel uv light,ca,,,,,,,,10,,,2025-12-31,,,,,,,,,,,,"0, 0, 0, 0, 0, 0, 0, 0, 0, 0, 0, 0, 0, 0, 0, 1, 3, 0, 0, 0, 1, 2, 1, 0",2,
1698,my cat won't drink out of the water fountain,ca,,,,,,,,10,,,2024-06-03,,,,,,,,,,,,"0, 0, 0, 0, 0, 0, 0, 0, 0, 0, 0, 0, 4, 0, 0, 2, 1, 0, 6, 0, 0, 0, 0, 0",1,
1699,best easy clean cat water fountain,ca,,,,,,,,,,,2025-06-19,,,,,,,,,,,,"0, 0, 0, 0, 0, 0, 0, 0, 0, 1, 0, 1, 0, 1, 2, 0, 0, 0, 0, 0, 0, 0, 0, 0",1,
1700,cordless stainless steel cat water fountain,ca,,,,,,,,60,,,2023-01-20,,,,,,,,,,,,"4, 0, 3, 7, 3, 0, 0, 8, 1, 3, 13, 3, 5, 1, 4, 4, 1, 0, 0, 1, 1, 1, 1, 1",2,
1701,whisker city cat water fountain filter,ca,,,,,,,,,,,2020-09-05,,,,,,,,,,,,"0, 0, 0, 0, 0, 0, 0, 0, 0, 0, 0, 0, 0, 0, 0, 0, 0, 0, 0, 0, 0, 0, 0, 0",1,
1702,why is my cat knocking over his water fountain,ca,,,,,,,,10,,,2025-12-12,,,,,,,,,,,,"0, 0, 0, 0, 0, 0, 0, 0, 0, 0, 0, 0, 0, 0, 0, 2, 0, 0, 1, 0, 0, 1, 0, 0",1,
1703,pureflow cat water fountain,ca,,,,,,,,20,,,2026-01-24,,,,,,,,,,,,"0, 0, 0, 0, 0, 0, 0, 0, 0, 0, 0, 0, 0, 0, 0, 0, 6, 4, 0, 0, 0, 1, 0, 0",2,
1704,cat water fountain brands,ca,,,,,,,,20,,,2025-04-10,,,,,,,,,,,,"0, 0, 0, 0, 0, 0, 0, 1, 0, 0, 0, 0, 0, 0, 0, 1, 2, 1, 3, 2, 0, 1, 0, 1",2,
1705,cat automatic feeder and water fountain,ca,,,,,,,,20,,,2025-03-31,,,,,,,,,,,,"0, 0, 0, 0, 0, 0, 1, 1, 0, 1, 2, 3, 0, 0, 0, 0, 0, 1, 0, 1, 2, 0, 0, 0",1,
1706,cleanest cat water fountain,ca,,,,,,,,150,,,2021-03-23,,,,,,,,,,,,"1, 1, 2, 0, 4, 1, 1, 1, 0, 0, 0, 3, 3, 0, 5, 5, 6, 8, 1, 3, 0, 6, 2, 10",6,
1707,diy filter for cat water fountain,ca,,,,,,,,,,,2021-03-24,,,,,,,,,,,,"0, 1, 2, 0, 0, 0, 1, 0, 0, 2, 0, 0, 1, 1, 1, 0, 3, 0, 0, 0, 0, 0, 0, 0",1,
1708,cat drip water fountain,ca,,,,,,,,10,,,2026-05-20,,,,,,,,,,,,"0, 0, 0, 0, 0, 0, 0, 0, 0, 0, 0, 0, 0, 0, 0, 0, 0, 0, 0, 0, 10, 2, 2, 2",3,
1709,best cat water fountain for cleanliness,ca,,,,,,,,,,,2026-06-28,,,,,,,,,,,,"0, 0, 0, 0, 0, 0, 0, 0, 0, 0, 0, 0, 0, 0, 0, 0, 0, 0, 0, 0, 0, 2, 0, 4",3,
1710,cat water fountain wilko,ca,,,,,,,,20,,,2020-06-16,,,,,,,,,,,,"0, 0, 0, 0, 0, 0, 0, 0, 0, 0, 0, 0, 0, 0, 0, 0, 0, 0, 0, 0, 0, 0, 0, 0",1,
1711,how often to wash cat water fountain,ca,,,,,,,,20,,,2024-09-15,,,,,,,,,,,,"2, 0, 0, 0, 0, 0, 0, 0, 0, 0, 0, 0, 0, 3, 3, 3, 1, 2, 2, 2, 4, 3, 4, 3",4,
1712,silent cat water fountain stainless steel,ca,,,,,,,,10,,,2026-04-04,,,,,,,,,,,,"0, 0, 0, 0, 0, 0, 0, 0, 0, 0, 0, 0, 0, 0, 0, 0, 0, 0, 0, 1, 1, 1, 1, 0",2,
1713,ceramic cat water fountain amazon,ca,,,,,,,,,,,2021-01-04,,,,,,,,,,,,"0, 0, 0, 0, 0, 0, 0, 0, 0, 1, 0, 0, 0, 0, 0, 0, 0, 1, 0, 0, 0, 0, 0, 0",1,
1714,fountain water for cat,ca,,,,,,,,150,,,2023-05-29,,,,,,,,,,,,"0, 1, 2, 0, 1, 0, 1, 0, 1, 0, 0, 0, 4, 1, 0, 1, 0, 0, 2, 4, 0, 0, 0, 0",1,
1715,best water fountain for cat,ca,,,,,,,,50,,,2020-03-15,,,,,,,,,,,,"5, 2, 0, 2, 4, 0, 0, 2, 1, 0, 3, 0, 2, 8, 4, 3, 0, 1, 5, 2, 1, 6, 8, 7",8,
1716,cat water fountain blue,ca,,,,,,,,10,,,2021-02-15,,,,,,,,,,,,"2, 0, 0, 0, 0, 0, 0, 0, 0, 0, 1, 0, 2, 0, 0, 0, 0, 0, 0, 0, 0, 0, 1, 0",1,
1717,how much does a cat water fountain cost to run,ca,,,,,,,,,,,2026-05-29,,,,,,,,,,,,"0, 0, 0, 0, 0, 0, 0, 0, 0, 0, 0, 0, 0, 0, 0, 0, 0, 0, 0, 0, 2, 3, 1, 0",2,
1718,where to put cat water fountain,ca,,,,,,,,40,,,2021-08-29,,,,,,,,,,,,"11, 2, 5, 1, 9, 3, 6, 4, 4, 7, 4, 2, 9, 1, 2, 1, 2, 3, 4, 2, 4, 4, 4, 4",4,
1719,cat water fountain blinking red,ca,,,,,,,,20,,,2021-08-10,,,,,,,,,,,,"0, 1, 0, 0, 1, 0, 3, 1, 0, 0, 3, 1, 1, 0, 0, 1, 1, 1, 0, 1, 2, 1, 2, 0",2,
1720,cat water flower fountain,ca,,,0.35,,,,,20,,,2020-02-09,,,,,,,,,,,,"3, 4, 2, 0, 0, 2, 2, 4, 3, 0, 0, 3, 1, 0, 1, 0, 1, 1, 1, 0, 1, 0, 1, 0",2,
1721,cat water fountain black,ca,,,,,,,,20,,,2022-03-03,,,,,,,,,,,,"0, 3, 0, 1, 2, 0, 0, 0, 1, 0, 2, 2, 1, 2, 0, 1, 2, 1, 0, 0, 0, 0, 0, 1",2,
1722,best cat water fountain bowl,ca,,,,,,,,,,,2016-06-01,,,,,,,,,,,,"0, 0, 0, 0, 0, 0, 0, 0, 0, 0, 0, 0, 0, 0, 0, 0, 0, 0, 0, 0, 0, 0, 0, 0",1,
1723,dooob cat water fountain filters,ca,,,,,,,,10,,,2025-05-11,,,,,,,,,,,,"0, 0, 0, 0, 0, 0, 0, 0, 2, 0, 1, 0, 0, 0, 1, 0, 0, 1, 0, 0, 3, 0, 0, 0",1,
1724,best cat water fountain uk,ca,,,,,,,,700,,,2020-06-27,,,,,,2.63,5.53,11.99,,,,"0, 0, 0, 0, 0, 0, 0, 0, 1, 0, 0, 0, 0, 0, 0, 0, 0, 0, 0, 0, 0, 0, 0, 0",1,
1725,honey guardian cat water fountain,ca,,,,,,,,,,,2021-11-21,,,,,,,,,,,,"0, 0, 0, 0, 0, 0, 0, 0, 0, 0, 0, 0, 0, 0, 0, 0, 0, 0, 0, 0, 0, 0, 0, 0",1,
1726,cat flowing water fountain,ca,,,,,,,,20,,,2021-01-10,,,,,,,,,,,,"0, 0, 0, 2, 1, 2, 0, 1, 1, 0, 1, 1, 1, 1, 2, 4, 1, 0, 0, 0, 1, 1, 1, 3",2,
1727,cat stainless water fountain,ca,,,,,,,,10,,,2025-12-01,,,,,,,,,,,,"0, 0, 0, 0, 0, 0, 0, 0, 0, 0, 0, 0, 0, 0, 0, 4, 3, 0, 1, 0, 4, 3, 2, 1",3,
1728,cat drinking from pet water fountain,ca,,,,,,,,100,,,2026-02-21,,,,,,,,,,,,"0, 0, 0, 0, 0, 0, 0, 0, 0, 0, 0, 0, 0, 0, 0, 0, 0, 2, 9, 2, 4, 6, 9, 2",6,
1729,pakeway cat water fountain,ca,,,,,,,,,,,2021-01-14,,,,,,,,,,,,"0, 0, 0, 0, 0, 0, 0, 0, 0, 0, 0, 0, 0, 0, 0, 0, 0, 0, 0, 0, 0, 0, 0, 0",1,
1730,why won't my cat drink from a water fountain,ca,,,,,,,,,,,2021-12-16,,,,,,,,,,,,"0, 0, 0, 0, 0, 0, 0, 0, 0, 0, 0, 0, 0, 0, 0, 0, 0, 0, 0, 0, 0, 0, 0, 0",1,
1731,cat flower water fountain filters,ca,,,,,,,,30,,,2021-07-18,,,,,,,,,,,,"0, 1, 0, 0, 0, 0, 0, 0, 1, 0, 1, 0, 0, 0, 0, 2, 0, 0, 2, 2, 0, 0, 0, 0",1,
1732,little bugs in cat water fountain,ca,,,,,,,,,,,2026-07-14,,,,,,,,,,,,"0, 0, 0, 0, 0, 0, 0, 0, 0, 0, 0, 0, 0, 0, 0, 0, 0, 0, 0, 0, 0, 0, 2, 2",2,
1733,petlibro wireless cat water fountain,ca,,,,,,,,,,,2023-02-10,,,,,,,,,,,,"0, 0, 0, 0, 0, 0, 0, 0, 0, 0, 0, 3, 0, 0, 0, 0, 0, 0, 1, 0, 0, 0, 0, 0",1,
1734,cat won't use water fountain,ca,,,,,,,,20,,,2019-06-13,,,,,,,,,,,,"2, 4, 2, 3, 2, 1, 4, 0, 0, 2, 2, 6, 1, 1, 3, 4, 5, 5, 2, 3, 0, 4, 2, 3",4,
1735,cat water fountain pet,ca,,,,,,,,50,,,2025-12-01,,,,,,,,,,,,"0, 0, 0, 0, 0, 0, 0, 0, 0, 0, 0, 0, 0, 0, 0, 1, 1, 0, 5, 2, 2, 3, 0, 1",2,
1736,water fountain cat ceramic,ca,,,,,,,,,,,2022-01-11,,,,,,,,,,,,"0, 0, 0, 0, 0, 0, 0, 0, 0, 0, 0, 0, 0, 0, 0, 0, 0, 0, 0, 0, 1, 0, 3, 0",2,
1737,how to get cat to drink from new water fountain,ca,,,,,,,,40,,,2024-06-08,,,,,,,,,,,,"0, 0, 0, 0, 0, 0, 0, 0, 0, 0, 0, 1, 0, 0, 0, 6, 6, 9, 3, 3, 4, 6, 3, 2",4,
1738,best cat water fountain amazon reviews,ca,,,,,,,,,,,2025-06-28,,,,,,,,,,,,"0, 0, 0, 0, 0, 0, 0, 0, 0, 1, 1, 0, 2, 0, 0, 0, 0, 0, 0, 0, 0, 0, 0, 0",1,
1739,how to teach cat to drink from water fountain,ca,,,,,,,,10,,,2020-11-17,,,,,,,,,,,,"1, 2, 1, 1, 2, 0, 1, 2, 1, 1, 2, 3, 3, 0, 0, 1, 1, 0, 0, 4, 1, 4, 1, 1",3,
1740,easy clean cat water fountain,ca,,,,,,,,90,,,2016-11-19,,,,,,,,,,,,"1, 4, 1, 0, 1, 0, 1, 1, 1, 3, 5, 8, 6, 4, 6, 7, 1, 4, 2, 5, 0, 1, 2, 2",2,
1741,white ceramic cat water fountain,ca,,,,,,,,,,,2023-02-11,,,,,,,,,,,,"0, 0, 0, 0, 0, 0, 0, 0, 0, 0, 0, 0, 0, 0, 0, 0, 0, 0, 0, 0, 0, 0, 1, 0",1,
1742,aonboy cat water fountain cleaning instructions,ca,,,,,,,,,,,2023-12-30,,,,,,,,,,,,"0, 0, 0, 0, 0, 0, 0, 0, 0, 0, 0, 0, 0, 0, 0, 0, 0, 0, 0, 0, 0, 0, 0, 0",1,
1743,best cat water fountain cordless,ca,,,,,,,,10,,,2024-02-04,,,,,,,,,,,,"0, 0, 0, 0, 0, 0, 1, 1, 0, 0, 2, 1, 0, 0, 0, 0, 0, 1, 0, 0, 0, 1, 0, 0",2,
1744,water fountain vs cat litter,ca,,,,,,,,10,,,2026-04-15,,,,,,,,,,,,"0, 0, 0, 0, 0, 0, 0, 0, 0, 0, 0, 0, 0, 0, 0, 0, 0, 0, 0, 8, 4, 3, 0, 0",2,
1745,comsmart cat water fountain manual,ca,,,,,,,,,,,2021-09-08,,,,,,,,,,,,"0, 0, 0, 0, 0, 0, 0, 0, 0, 0, 0, 0, 0, 0, 0, 0, 0, 0, 0, 0, 0, 0, 0, 0",1,
